"","cluster"
"DG(16:0/16:1/0:0)",1
"DG(16:1/0:0/16:1)",1
"DG(16:1/18:1/0:0);DG(16:0/18:2/0:0)",2
"DG(16:1/18:2/0:0)",2
"DGTSA(18:1/18:1)",3
"PC(0:0/18:1)_A",3
"PC(15:0/15:0)",3
"PC(15:0/16:1)",3
"PC(15:0/17:0)",3
"PC(16:0/16:1)",3
"PC(16:0/18:1)",3
"PC(16:0/18:2)",3
"PC(16:1/16:1)",3
"PC(16:1/18:1)",3
"PC(17:1/18:1)",3
"PC(17:1/19:1)",3
"PC(18:0/18:1)",3
"PC(18:0/19:1)",3
"PC(18:1/18:1)",3
"PC(18:1/19:1)_A",3
"PC(18:1/19:1)_B",3
"PC(19:1/19:1)",3
"PE(15:0/15:0)",4
"PE(15:0/15:1)",4
"PE(15:0/16:1)",4
"PE(15:0/17:0)",4
"PE(15:0/17:1)",4
"PE(16:0/16:1)",4
"PE(16:0/17:0)",4
"PE(16:0/17:1)",4
"PE(16:0/19:1)",4
"PE(16:1/16:1)",4
"PE(16:1/17:1)",4
"PE(17:1/17:1)",4
"PE(17:1/18:1)",4
"PE(17:1/19:1)",4
"PE(18:1/19:1)_A",4
"PE(18:1/19:1)_B;PE(18:2/19:0)",4
"PE(19:1/19:1)",4
"PE(33:1)",4
"PG(16:0/17:1)",4
"PG(18:1/18:1)",4
"TG(10:0/12:0/12:0)",5
"TG(10:0/12:0/14:0)",5
"TG(12:0/12:0/14:0)",5
"TG(12:0/14:0/14:0)",5
"TG(15:0/16:0/16:1)",1
"TG(16:0/16:0/16:1)",1
"TG(16:2/16:2/18:3)",6
"TG(18:2/18:2/18:3)",5
"TG(40:1)",5
"TG(44:1)",5
"TG(48:4)",1
"TG(49:2)",1
"TG(50:5)",1
"TG(50:6)",6
"TG(51:3)",2
"TG(52:4)",2
"TG(52:5)",2
"TG(54:5)",2
"TG(54:7)",5
"TG(56:1)",2
"TG(56:2)",1
"TG(56:3)",1
"TG(56:5)",1
