"","DRIP_100.Untrt.Rhizo.8weeks","DRIP_10.Untrt.RhizoDetritus.4weeks","DRIP_11.Untrt.RhizoDetritus.4weeks","DRIP_124.Drought.Rhizo.8weeks","DRIP_125.Drought.Rhizo.8weeks","DRIP_126.Drought.Rhizo.8weeks","DRIP_12.Untrt.RhizoDetritus.4weeks","DRIP_13b.Drought.Bulk.4weeks","DRIP_145.Untrt.Rhizo.12weeks","DRIP_146.Untrt.Rhizo.12weeks","DRIP_147.Untrt.Rhizo.12weeks","DRIP_148.Untrt.Rhizo.12weeks","DRIP_149.Untrt.Detritus.12weeks","DRIP_150.Untrt.Detritus.12weeks","DRIP_151.Untrt.Detritus.12weeks","DRIP_152.Untrt.Detritus.12weeks","DRIP_153.Untrt.RhizoDetritus.12weeks","DRIP_154.Untrt.RhizoDetritus.12weeks","DRIP_155.Untrt.RhizoDetritus.12weeks","DRIP_156.Untrt.RhizoDetritus.12weeks","DRIP_158.Drought.Rhizo.12weeks","DRIP_159.Drought.Rhizo.12weeks","DRIP_15b.Drought.Bulk.4weeks","DRIP_15.Drought.Rhizo.4weeks","DRIP_160.Drought.Rhizo.12weeks","DRIP_161.Drought.Detritus.12weeks","DRIP_162.Drought.Detritus.12weeks","DRIP_163.Drought.Detritus.12weeks","DRIP_164.Drought.Detritus.12weeks","DRIP_165.Drought.RhizoDetritus.12weeks","DRIP_166.Drought.RhizoDetritus.12weeks","DRIP_168.Drought.RhizoDetritus.12weeks","DRIP_169b.Untrt.Bulk.12weeks","DRIP_16b.Drought.Bulk.4weeks","DRIP_17.Drought.Detritus.4weeks","DRIP_182b.Untrt.Bulk.12weeks","DRIP_187b.Untrt.Bulk.12weeks","DRIP_18.Drought.Detritus.4weeks","DRIP_191b.Untrt.Bulk.12weeks","DRIP_195.Drought.Rhizo.12weeks","DRIP_197b.Drought.Bulk.12weeks","DRIP_19b.Drought.Bulk.4weeks","DRIP_19.Drought.Detritus.4weeks","DRIP_20.Drought.Detritus.4weeks","DRIP_211b.Drought.Bulk.12weeks","DRIP_213b.Drought.Bulk.12weeks","DRIP_214.Drought.RhizoDetritus.12weeks","DRIP_215b.Drought.Bulk.12weeks","DRIP_21.Drought.RhizoDetritus.4weeks","DRIP_22.Drought.RhizoDetritus.4weeks","DRIP_23.Drought.RhizoDetritus.4weeks","DRIP_24.Drought.RhizoDetritus.4weeks","DRIP_25.Untrt.Rhizo.4weeks","DRIP_2.Untrt.Rhizo.4weeks","DRIP_30.Untrt.Rhizo.4weeks","DRIP_3b.Untrt.Bulk.4weeks","DRIP_44.Untrt.RhizoDetritus.4weeks","DRIP_49.Drought.Rhizo.4weeks","DRIP_4.Untrt.Rhizo.4weeks","DRIP_51.Drought.Rhizo.4weeks","DRIP_53.Drought.Rhizo.4weeks","DRIP_5b.Untrt.Bulk.4weeks","DRIP_5.Untrt.Detritus.4weeks","DRIP_6.Untrt.Detritus.4weeks","DRIP_74.Untrt.Rhizo.8weeks","DRIP_75.Untrt.Rhizo.8weeks","DRIP_77b.Untrt.Bulk.8weeks","DRIP_77.Untrt.Detritus.8weeks","DRIP_78b.Untrt.Bulk.8weeks","DRIP_78.Untrt.Detritus.8weeks","DRIP_79.Untrt.Detritus.8weeks","DRIP_7b.Untrt.Bulk.4weeks","DRIP_7.Untrt.Detritus.4weeks","DRIP_801.Untrt.Detritus.8weeks","DRIP_81.Untrt.RhizoDetritus.8weeks","DRIP_82b.Untrt.Bulk.8weeks","DRIP_82.Untrt.RhizoDetritus.8weeks","DRIP_83.Untrt.RhizoDetritus.8weeks","DRIP_84b.Untrt.Bulk.8weeks","DRIP_84.Untrt.RhizoDetritus.8weeks","DRIP_85b.Drought.Bulk.8weeks","DRIP_86b.Drought.Bulk.8weeks","DRIP_88b.Drought.Bulk.8weeks","DRIP_88.Drought.Rhizo.8weeks","DRIP_89.Drought.Detritus.8weeks","DRIP_8b.Untrt.Bulk.4weeks","DRIP_8.Untrt.Detritus.4weeks","DRIP_90.Drought.Detritus.8weeks","DRIP_91.Drought.Detritus.8weeks","DRIP_92.Drought.Detritus.8weeks","DRIP_93b.Drought.Bulk.8weeks","DRIP_93.Drought.RhizoDetritus.8weeks","DRIP_94.Drought.RhizoDetritus.8weeks","DRIP_95.Drought.RhizoDetritus.8weeks","DRIP_96.Drought.RhizoDetritus.8weeks","DRIP_97.Untrt.Rhizo.8weeks","DRIP_9.Untrt.RhizoDetritus.4weeks"
"2,4-Bis(2-methylbutan-2-yl)phenol",19.1915510930753,20.2080194632078,21.0231114720664,21.3804359047712,20.674073100299,20.1036977035859,18.922222277032,19.426864976124,22.484746960322,21.6360254026537,22.7437159023577,22.5135202653261,19.1049243873312,20.5983714808242,20.1770884426305,20.4206933500366,21.1765838191678,19.824723037972,21.9075947768484,21.0058061701158,21.8412609422293,23.2201718293433,22.0485344869754,17.5950607098062,22.6375020423031,15.2667960024564,17.8606000525532,21.2043642904499,17.3350738713579,19.1511528058614,21.2793194365557,20.9691317964982,22.3284959417885,20.1120303467309,19.9617623366298,21.2251926269735,18.584587867461,21.3878813793496,18.256238468391,22.8797299580087,19.0244388953755,20.0410980819884,19.9365880519846,20.1077219422208,21.3891082172913,20.6096376590754,21.9109982902201,19.1992347837684,19.4728255451815,21.1106326713513,19.4401061537413,16.2742928936728,20.6971921981646,19.0662322764545,21.3690754673721,16.1143711706956,17.0661004955034,17.141434807822,20.5193781735426,17.4941967503739,19.8210960400669,16.3795300848733,19.6944348402279,18.7220809497848,19.9040111490684,19.9767017945653,22.9763903881683,18.4317115950719,19.114521881905,20.1654048707523,18.6201145821967,19.254633429868,19.9688637505316,21.4188596292352,19.4838472367981,23.511973249207,18.818753883359,18.217739238423,20.7558971624353,20.399280944843,22.609183421879,23.7002887293541,20.1936384491404,20.6739972565705,20.9676503422288,21.6976885746705,19.1340604351163,19.7559578155883,19.8642069594032,20.1984858434132,21.7192672788828,20.8706049689126,17.0038118975194,20.6377564234091,19.0621406822069,20.9097596266536,19.964632194205
"2-(2-amino-3-methylbutanamido)-3-phenylpropanoicacid",22.0032489900509,24.4617864018545,24.0728776246436,22.7173249996368,23.3813401768534,23.8033725517276,24.0288776856987,23.0813524690287,23.8918702175799,23.61763799121,18.8686796347167,23.2236553430325,23.6054370427388,24.8450470812557,24.6379177385675,24.168276397062,23.8944103318298,24.3037732252777,23.3788499122812,23.971563671008,23.128773449413,22.8878657075693,23.4800895130319,24.1660740842639,22.9975841820559,24.1379330147223,23.4080078717614,23.5995527934973,22.7421133971564,23.1108642915807,25.0160983022724,23.6752701101233,23.8894023469286,23.600030100007,23.8440061741154,24.1300319662287,23.9727574585705,22.6801762081132,23.8056316869664,23.3520692676232,23.9773684380368,23.5850433554231,23.405118235525,23.3862710455777,22.9038108119988,23.3817149631784,23.7268470627649,23.4423131609899,23.3261015374661,23.9047204175526,24.3847812904528,24.150807684544,24.2766436287851,23.0309012821107,23.0238899526284,23.4308220252887,24.0805387574733,24.1039142591372,23.8721085081273,24.2139079538593,22.3843643552595,23.6965168014957,24.4939439434189,23.2692151970349,22.4274245401681,23.0455187789636,24.3164094774544,24.4904608407206,24.3453340590795,24.3582506109519,24.8936864517622,23.9883726462127,23.2068805999102,23.5361720232831,25.3055590808228,23.9942787915628,24.3198509324701,24.1558166926664,24.9745058124306,24.7168850030831,23.5032769646261,23.3269392380006,23.7836824493126,23.0077976399869,22.1870608840293,23.6752508976713,23.7297537248511,23.719518875717,23.0199458442852,23.1985086845451,25.0028019312436,24.4633304390558,24.8687046630954,24.6198497718475,25.392751776152,22.6494384819315,23.5532536633273
"2-Ethylhexanoicacid",23.2771425165184,26.3673630477744,24.6671603356972,23.5274448962698,24.1498999491913,23.7526493042484,23.0665685087122,24.5746265175334,25.9079914798328,26.608189037228,26.2524298270238,25.2787068641849,25.4551272349671,24.88179264241,24.7394532428942,25.444555534637,24.1237809430284,24.836039474183,25.4681980835873,25.0726223184027,26.8621699975648,25.8216479169501,25.4908187660727,22.886766119581,26.9849088947704,22.7374713771532,24.4908609786997,25.5084227896339,23.2704455078326,24.1470051369616,24.1489431999753,24.5323733990375,25.7100654308592,24.8659701939202,24.8299171217851,26.2856598554211,23.881471249961,25.5664899927446,25.512378749547,26.2140900729809,26.214488215555,23.9271937026942,25.2043625134341,24.9006330168107,26.2584607732756,26.0557981879005,24.4909309120983,26.2526616514631,25.4520199512564,25.0195330728159,25.0275714020691,22.7445743011221,20.9054656490839,23.159657139386,24.0285834976312,22.8525459437588,24.4313211718085,22.120323991935,23.2949106942135,25.7033503130572,22.9019041302194,23.0556702078553,24.4723973490623,25.9941663956926,23.7413914616971,23.6702356412941,25.9528963841523,23.6147171861944,25.2265969510841,24.8117606820664,25.3561777433873,25.3696916774504,25.8637357418817,25.1103613504989,25.288437367089,25.7699619101106,22.7566913757382,23.1616225602207,25.2809243392248,24.8473720185856,26.3154066955762,25.8881332058418,24.3905044155224,24.0335415910425,23.6256580003512,24.6052491976282,25.3538572099111,25.2761559092114,24.9849551895331,25.115663672838,24.6971327254882,25.4838658730289,23.768836404652,24.9701060231574,25.5605835927529,22.3997309140821,25.0966041068737
"3-Hydroxybutyricacid",23.933708827937,22.9445426781773,23.5515296723766,23.6949741408302,23.1019774892326,23.3644616917329,23.409409276495,22.0601217877679,25.3730706216802,25.5648241063902,25.2214491724128,25.4704578666366,23.4019022609536,22.4515571874509,22.4154374204496,22.5010570453514,24.6660323750136,25.4389796393138,26.0401455037052,25.4135245046963,25.2477087602865,25.2374034415129,20.9250282248367,23.1071894187191,25.2570741192515,22.8275405238181,23.388681356561,23.563077054605,23.3307549260232,22.6393624809286,22.4506241646356,23.4999030494009,21.3505815251722,22.1007857771905,24.6905601546995,21.0912602540201,21.7277244221713,23.3050339790716,21.8349037809628,24.1491762344164,21.5918547287373,21.587128378459,24.8523534207857,24.0921012197927,23.8907072396686,22.2475526653564,24.5400707015432,21.258932122546,24.3837976394171,24.6556288578053,24.2408939820713,23.4133054608373,23.5233929011414,23.7331354119264,23.5487671377286,20.5191193212855,24.6506127014943,22.7069657743742,24.1131237389219,22.8236427969772,23.3417230090677,21.4622168067107,23.9442450120828,24.1109025650711,24.7766508888452,24.4160719031562,21.3577157024637,23.6738162271884,22.2823939878254,23.3431377529316,23.7655578478145,20.857728631121,23.1326842496479,22.5232557088399,22.9425605972407,21.8113934509604,23.6414687449113,22.8374534853246,22.0471492434143,23.6454065550626,21.5151201402163,21.8387148183651,24.4361035255225,24.5556323750198,24.170696042561,21.6316732336656,24.3357202132644,24.0626788857996,25.4397846479026,24.8447117836736,22.2304114523071,24.348316336545,23.7110339492048,23.4664624547122,23.9809704666995,23.8688989472977,24.5962104321431
"5'-Deoxyadenosine",24.7011331577318,25.3596309101126,24.8344384819123,24.3812290659521,24.4518315577513,24.8668868563756,24.762406207892,25.6885898355055,24.7371625890469,24.1401616161541,24.7705951651177,24.9989309866676,24.6338754004516,25.0430843483995,25.0155409517297,24.8111147614453,24.5359211284858,24.5686340831266,24.7002453427437,24.4828881955073,24.3279336633378,24.1229715614823,26.3453803358246,25.501741656954,24.332939498525,25.6748615380637,24.9055025089943,25.2364075571689,24.9458300063217,24.4303218446904,24.462903026311,25.0962692984994,25.2604843039702,26.29176112824,25.2336459681008,25.6178719864328,25.6956527866781,25.4010489215155,25.1968682239887,24.4364118904809,25.8112246644406,25.4518224216869,25.2838543488098,25.0237703667963,25.6787049770338,25.9561285157653,24.7199317851383,25.9117321538873,25.2140147436749,25.4868722706901,25.4514874457188,25.7081086908045,25.4533602214036,24.8794054755573,24.5378349162287,25.9356396407879,25.3495342156658,25.387225501123,25.3532970129447,25.5049056170873,24.7338445454633,26.0843385727992,25.2007667444236,25.2158542020997,24.2940281583331,25.1091933249943,25.1568979911632,24.5808137616725,25.2419047852947,24.5660070765677,25.0888305336529,25.7404628344872,25.05852484862,25.1562393941619,25.0123602212993,25.1012348907998,24.788516084264,25.0284130876897,25.4112375308828,24.5254152063077,25.7726489949859,25.4601067553396,25.6389614065756,24.8764186593339,25.1437006504505,25.2539974430209,24.6899064304637,25.2304873759067,24.9704630280802,24.9197082499002,25.8996565580592,24.9265219231993,25.3093453311268,25.3805150629661,25.3926898487147,24.8423830305768,25.4037451648039
"9R-hydroxy-10E,12E-octadecadienoicacid,methylester",24.5416444111803,24.0065195147103,22.896176775339,24.3473371073351,24.1784018896588,24.0111698901976,23.2924354781696,22.607257331967,23.5504409843074,23.9501525929597,23.0129124144061,23.3746341539785,22.543200134768,23.4383493488381,22.7839954050927,22.8048897093767,25.0407347884834,24.6593789651768,24.1965486936256,24.7232217721659,23.4115595324236,23.9469746638669,23.0575388703718,23.2348601404257,23.507268487577,23.7121173704113,23.0424368667165,23.4710219381931,21.8272485130296,23.7553663664529,22.5363864742177,23.3235544710297,24.1648149419554,22.681388087537,23.180078125527,23.9941639777646,23.310174101135,23.9318654570424,23.6999580722159,24.2507470060248,24.1090948792366,22.493189585093,23.9657576304165,22.5571744072365,23.4013616560236,24.4523047359977,23.6012050303673,23.2282994366413,23.5380623263386,22.2448813085847,23.2943662436772,22.9997667224034,22.5697322150345,23.9804446635604,24.7857000284768,23.078168591055,23.8972658778871,23.2840868664764,24.5615557684082,23.84768036422,24.525455695129,23.1964611155661,23.0975670813397,23.3009140229016,23.7632461553148,24.2874657504829,23.2708802616002,23.2570116771742,24.0977387445144,23.3682535400151,23.6486426075729,22.6774668585241,23.181571248513,22.5504193613624,22.995103710042,23.1848126786297,23.6786863459587,23.8155912557761,23.6856318159733,24.1944441413766,23.5337771068575,22.6880521029491,22.5467609579146,25.0723718884848,22.4895766003899,22.4221886646198,23.7312626864976,23.2992847835936,21.5133800833349,23.2872929672896,23.4236328483195,23.2976979349066,23.0376783893633,24.2822786945698,23.7267543890875,24.8941058043398,24.4436461629816
"Acetyl-DL-carnitine",21.6308104165744,22.8276930778099,22.9260209310346,21.4618532969624,21.9263179138227,21.7484668527001,22.470828395417,23.4836206317915,21.7737125620407,21.4509151886811,22.3117569719707,22.3260157648495,22.6928748003759,23.1065759334058,22.7781265614914,22.5272927634472,22.4209568717954,22.1283135656666,21.3565313009295,22.1975048462915,21.3677050021986,21.7562530760668,22.8553613889468,22.708611149951,21.749794841344,22.7176501561413,22.5832579569319,22.1601926248278,22.8202080814745,23.5389407563407,22.6911821828677,23.0721385080192,22.2444135273381,23.0326521602608,22.2721821557729,22.2866179244058,22.9434411026675,22.6216575986669,22.3738983861642,21.7615571430331,22.9871550607929,22.804629868762,22.4927275580016,22.485591534683,23.2065574252028,23.7242711350471,22.7310498448875,23.1051061790987,22.7686030400538,22.170666195625,22.7687160856627,22.9403414726633,22.6010462874058,21.9247603665838,21.9320218836881,23.8031873918818,22.6902275263796,22.250838401269,22.4672868922487,22.8649151978639,23.2652715712895,23.1787888635218,22.3000636497942,22.8097249481396,21.4772430907266,21.9653475657921,22.2020106495789,22.4988550429905,22.4538581248018,22.4982219094301,22.4684746285299,22.8811964095604,22.9263462323923,22.8942327426682,22.6948112419156,22.7423658097721,22.6855813223928,23.128913291213,23.1441896124,22.539457924324,22.8475294024382,23.0246117909656,22.1754376586838,22.0378776904754,23.3772007139927,22.7861709584185,22.4178999671524,22.8843647693739,23.7061747928423,22.514577528234,22.6340980914621,22.2310221612746,22.7098659942352,23.3896692267878,22.7238434871607,21.6012806330217,23.2389651627526
"Adenine",26.1421114099549,25.0548785889344,25.2564651582695,25.8305031325483,25.258935887756,25.6307227561677,25.3541361539083,24.1224077966251,25.7794846249441,26.2538986377895,27.2697415942898,25.0236717126042,25.1856481931289,25.2394051614478,25.1577403573583,25.2543990396399,26.1844767174223,25.9183895699019,25.7220741078385,26.031852449052,25.4863186599964,26.1610140425254,24.1900427384455,24.1708314161075,26.6467616808151,25.1180498574385,24.8114417380807,24.9700029900504,24.7775417466597,24.4013105543045,24.7065724971243,24.5531649844395,24.2339022881866,24.4728585598286,25.0334945841629,24.5696242924418,24.2969820481778,25.160681427705,24.4045030534191,25.6366620558224,24.5775930396573,24.5511415639575,25.1502397774093,24.8528315809778,24.1743942263125,24.512284401796,25.028549522982,24.3824907879397,24.7731039217747,25.1245091798313,24.9557917997261,25.0832459178702,25.7331623556876,26.0656660094205,26.0509365520172,24.2848411336353,25.5686251484664,25.7584369653415,26.0715795363404,25.5035159913295,25.7430132228631,24.288904726262,25.1956113127575,25.0627887723484,25.7042512475392,25.5520635083739,24.3872196386911,25.2647565042343,24.5173003158865,25.2534101711966,25.344755011389,24.5346082109377,25.0083411429941,25.1976752242948,25.2704483587169,24.3427165045341,24.9738066900999,25.5280106098778,24.2776899104969,25.0458272714073,24.3367246389225,24.2735044356451,25.6540828675731,25.6933808789913,24.9600354825364,24.1390178311043,24.9546864773405,24.9129902980525,25.0101261907311,24.8165691806111,24.2971074617074,24.967527971622,25.2550961328067,25.0292306093306,24.819227147234,25.6254572094,25.0604930177958
"Adenosine",24.524536509193,24.4603567032628,24.4953851720293,24.0753397969157,24.3587772272576,23.9974908127023,24.4089295369828,25.394471422423,24.1390481574036,24.4101198077748,24.2951612854346,24.2808995304756,24.7539245122239,24.6549212313518,24.4461961544379,24.7921833367107,24.6538676110373,24.086797203161,24.0447164915456,23.876572224411,24.2211769227162,23.9755827259233,24.789460917857,24.8280227655058,24.2775504727387,24.9127359179369,25.030366211201,24.7508913646156,25.5422827308403,24.8573903773702,24.696189707281,24.4902180236049,24.2770647784772,24.9232085032344,24.5034079296602,24.8975101122368,24.5460863341314,25.1223526742729,24.1653274803125,24.3922524698877,25.2340063969184,25.1150678154767,24.744498645865,24.7958856667927,24.6529755597604,25.1268419113457,24.2210659632497,25.2293660580664,24.8256354707817,24.4929304811103,24.716258138133,25.0662412464939,24.6903362682958,24.5030184201908,24.6098590913368,25.1409973911406,25.1871866344575,25.3004423435745,24.7563404834209,25.4258023388305,24.5869992439356,24.9435633777064,24.4998087219801,24.5097404478068,24.5065433876322,24.5687697835506,24.6492776072217,24.435804389032,24.7815694957974,24.4190396201406,24.3815319831257,24.9148673575512,24.5574776874941,25.0675777705242,24.7525382828301,24.6495376301934,24.3386441320654,24.6622187602047,24.841706601758,24.4479598457439,24.7563414901149,24.8957676006762,24.7607566991991,24.5832472128558,25.195803186175,24.8475741137354,24.3319381499065,24.8793581766668,24.7015438828918,24.7777786402372,24.8531480518013,24.3244180440919,24.675025264654,24.5009456801174,24.6259833260284,24.1256180644712,24.3489916967134
"Butanoylcarnitine",21.5441202517037,21.7622102600612,21.5674338237463,21.9307879098922,21.8247907283711,22.1514058580358,21.2356761582888,21.845474978474,23.189595103075,22.3477759723068,23.7869180358699,23.5927065455692,21.4324993422649,21.2768111908011,21.3551110913026,20.9657750567641,22.604717803281,23.6660451765508,22.550290758606,23.144936815321,22.5957897541373,23.3113267118971,22.2442739205554,21.9140535013193,22.9895377886222,21.4788753293061,21.4368673971348,21.3527078826244,21.8035073559912,21.9571703778054,21.4212650735595,22.3968809926529,22.2444369402307,21.7279817301474,21.6633672098645,22.06714134359,23.7515036641926,22.0201635092373,24.0689642353013,22.9965150328058,22.2075557142803,21.7571683856935,22.0453786946818,21.6680470347662,22.3367518593642,22.2770059452926,23.0704665458336,21.8531207710251,21.6683410773233,21.6983664624277,22.2547693458793,21.8737871192882,22.0698569789457,21.7464199845992,22.0594942947387,22.8027559918221,22.4678043943368,19.5711405819666,22.5808580110296,21.0047021535821,21.6743262955699,22.5256867019733,21.7450637172448,22.1797421910492,21.2046587339404,20.4676704108854,21.3836817131031,20.9983504971963,21.2188540400123,20.803944686501,21.3360399359205,21.9682471955836,21.9395381967941,21.0172837453963,21.529734753317,22.346966410154,21.768846790723,21.9247741639901,22.2422412048086,22.1731866088228,21.9127583090209,21.8224571470391,21.6896039910511,22.366007207835,20.4996299400319,22.1889982202064,21.8051544535968,21.2576452151592,22.0237143460554,21.5949932976194,21.6696225197654,21.9940485045152,22.0033738090845,22.1003600578315,22.0155510682739,23.0022076321956,21.4854568004526
"Carnitine",24.1154079927603,24.2564978872664,24.361099751663,24.2016940119658,24.3388218406011,24.3923095780675,24.1118905245616,25.2348917142005,23.194053677281,22.5458655867705,23.7191440367383,23.1855355922337,24.2521757134922,24.6040617333676,24.4084770320693,24.4094958951333,23.0789772388644,23.2327645995844,23.5710970490011,23.0437317221135,23.3338200782294,23.1199090167994,25.0023093810583,24.6760026188816,23.6707028606684,25.0313011078711,24.7903641992399,24.6564883920057,25.2122245331075,24.6315824780556,24.1912383877949,24.7167433516086,24.3360774370926,25.157809008318,24.2395030065578,24.9176725966044,24.6390241853955,24.6438231827999,24.3988448381407,23.1688565622431,24.9082058038085,24.9583976861154,24.5203571884103,24.520160856849,25.1415773418215,25.3636168039557,23.8775420563906,25.2516983773967,24.4128655168477,24.3508093242851,24.1279398558208,24.6487655189519,25.1407987623865,23.8050914274201,23.7261751887148,25.3159136315804,24.7521818488136,24.7306834603001,24.3811447596535,25.2930798955827,24.5947455594446,25.2918075218769,24.2299772458606,24.6837549683776,23.1193849928304,23.7348449867487,24.5750230302628,24.2056683629698,25.1040031685172,24.4922673122305,24.1912028861424,25.0265114506447,24.469685199856,24.6734735931614,24.4914825395183,24.6853406491795,24.0139784856779,24.5369431645014,24.8434981649009,24.1232844222773,24.9413661570317,24.6554086332502,24.2422729482597,24.1303415129108,24.8477778241703,25.0046035232956,24.2569713589103,24.8053065660995,24.9344787167923,24.7135911149753,24.8362660453677,24.1819005351541,24.408660681072,24.6490320780915,24.4809971057113,23.7502122160719,24.7336819552242
"Choline",23.6300748726584,24.0593114855289,25.0496880466701,22.5817049013348,22.9805378412699,23.2744365201414,24.3383755983582,24.0316602132651,23.3120308006125,23.0575174302657,25.2146601137781,22.7766187717802,24.4613651480513,24.474954737856,24.5005698501866,24.3013700213835,23.4358349810484,22.8863875875453,23.5578361229797,23.0823952207049,22.4020214502637,23.1116665082653,24.1025139216511,23.4472201193607,23.2602198140803,24.6156466255798,24.0375006269162,23.9758766421206,24.0273976530015,23.8195432638912,23.3005374475734,23.7666550853843,23.2006771799814,24.5307519204361,23.9590838899949,24.3769050577,24.1237300921002,23.8693469989335,24.0414136661699,22.4390948372604,24.2668076238669,24.1501007788684,24.133663161668,24.1821263510342,23.9534497398612,24.3476301992594,22.2533731913991,23.7158840263694,23.6426336593942,23.9170186372308,23.7873015501069,24.3841280551433,27.1604239853078,23.9258095364018,23.4862349968023,24.3530766989907,24.7855798188767,24.3406057042799,24.3913414514041,24.2270914804202,23.3279008015368,24.6833096108214,24.047820313131,24.3049643111399,23.8965905088477,22.5042267938828,24.3345976540553,24.3149015557546,24.4160588422527,24.3075286952985,24.1341589205967,24.338388820281,24.2026566190822,24.0151632089426,23.6772824451387,24.1673050140815,23.7639061416238,24.2774619132257,24.0939056196547,23.478293719187,24.1583586893194,24.2178152233209,23.5955200306982,23.2957379114053,23.9621486802453,24.2788606468335,23.8261036420681,23.6524874988039,24.4453360705881,24.0465329902514,24.2762072057032,23.6584420282478,24.0042093663011,24.0131305159814,23.3963974676751,22.8321681790173,23.9797065525459
"Cytosine",24.6243983030024,24.5060117609401,24.4577180409237,24.1737510234375,23.9561922338807,24.5372425589675,24.2557839386214,24.5033648905004,24.7457002846605,24.5120723564494,24.4789806951869,24.4578498835703,23.7324022855299,24.4894572386314,24.4067337744201,24.1752789447439,24.4537387272819,24.4334988553901,23.8372277556026,24.2681414920706,24.1275906857768,24.2397449436643,25.2185625234907,24.2314000088383,24.6032339885705,24.7766849062811,23.6283999936656,24.3611100809653,23.5605046890423,23.6981702415221,23.7671632323527,23.8875171859832,24.5548800462585,25.2536579204452,23.9116468882575,25.2118380818076,24.9450803556252,24.2224649892487,24.5152376938682,24.5685449294767,24.8997745537895,24.2487798511758,24.0779968733692,23.8098920367174,24.7868787208886,24.7947250982851,23.9366173196942,24.8434796234976,23.592346992006,24.4301410676174,24.3545943959152,24.2324345978969,24.3577540650095,24.3288836486989,24.3275639681446,25.1637590341736,24.1725228409158,24.020598430513,24.5180721917189,24.4031656969884,24.1146068218848,25.2990221527514,24.3519088682943,24.3210290422922,24.5712282420356,24.7931951165737,24.2987924774519,24.3161361980328,24.4493577020926,24.4442971566616,24.68359219053,25.1423707057393,24.4628838931924,24.8232252610862,24.2592237141257,24.8328893974369,24.2292971344288,24.3517500734572,25.0315551851589,23.9151817653795,24.7912030264741,24.8450574058352,24.5098104124331,24.4181808240548,23.7883042318881,24.6278377285155,24.3047449174218,24.1717526912283,23.2155619775191,23.8136395526665,24.9847666786748,24.0568391076015,24.2288744238702,24.2715433277151,24.297186032061,24.449594323517,24.774791153283
"DL-Carnitine",21.4198201485208,21.5986709819519,21.6699504103346,21.0357508317844,21.7936210718316,21.6419527100061,21.5515755269671,23.3297367533929,20.8392971177748,20.6627118430306,20.8952351682896,21.2163478149467,21.6365691403929,21.6634697380045,21.5612780353395,21.751007537836,20.7373344187701,20.1382187821246,20.322120898977,20.5390454495724,20.4052382406539,20.5715229590335,22.5593583741432,21.9053073648111,20.9009929924967,21.9538837081542,22.3373772782301,21.6876150701614,22.1817063048574,21.9385832705743,21.6728544318714,21.5726056619528,22.0662735460867,22.8800361592078,21.6352219334609,22.2009768337483,22.448241640297,21.9259499729373,21.9809343183184,20.8343581502615,22.6892842329249,22.93696998291,21.6125924106792,21.5298341699181,22.6967111623427,23.0385898033386,21.3363985475159,23.0816545187829,21.9098080414239,21.1792119170044,21.5180242252159,21.7947367104679,22.7455952448434,21.3539058732069,21.2253427083182,23.1877099314894,21.6079885577592,22.0766469048978,21.9864887557769,22.4288561838712,21.9697048479207,22.7675892357623,21.55310240282,22.1747595959785,21.092934872587,21.5694918839346,21.9464156227726,21.4853160358093,22.5317470782092,21.5627152618596,21.4169235994365,22.9834821962527,22.0141216214811,22.4998652221357,21.8983785333494,22.0644916621753,21.368415088604,21.8592924744021,22.474805118427,21.538416702505,22.4438186882157,22.4182714765523,21.4818569747824,21.4608776544502,22.891878401656,22.9584668994548,21.8544165047837,22.1995582963727,22.6557116222879,21.7172224912485,22.3754404235121,21.273710872139,22.0837216615913,21.9556453734368,21.6654036102529,20.7356844660303,21.709906069587
"DL-Isoleucine",24.6441825433439,22.7201321902593,23.015466318451,23.7089171189584,23.9651391845051,23.8967698938797,22.9776167394061,23.2344471551614,23.4292164600078,24.0090166600404,24.8638863634622,23.2603250215749,23.1120937032401,22.8778616202553,23.2116990792448,23.3038549066475,24.1827550887229,23.880697815555,23.9735352131937,23.5341631348166,23.9237402681603,23.6744126538707,23.1765371808695,23.5845360293387,24.52786302195,23.6589180612099,23.5259342409915,23.1523891642293,23.5173356888774,23.017035641857,23.297335186916,23.2703860164818,22.9636618995984,23.3336012989827,23.0319048853453,23.051844468581,22.7823371865332,23.2025482951793,23.0840264590168,23.6333652414157,22.9233892574959,23.2994281106851,23.0394584140175,23.3049271058385,22.9202020607718,23.0893912428592,23.5566008162292,23.179843968463,23.1309764936617,23.1597964677166,22.9579232795655,23.3408005529071,24.6749664680591,23.8380273537756,24.146134202191,23.3757611497852,23.7886168882728,24.1110321536106,23.929875128525,23.6749833220113,23.8310785243236,23.1224030649811,23.1033493245876,23.1255300390289,24.2734986340752,24.2163246490236,22.9133687507725,23.7575089887452,22.9291465483557,23.303765663301,22.8303738414591,23.0036880328048,22.6343007808725,23.3249918382883,23.0048264725508,22.5492175297391,22.8370345114704,23.3321252654888,22.7883318067176,23.1737954979214,22.725316011851,22.568240889016,23.6342133625126,23.7066090043524,23.1135413587144,23.1172976752715,22.7738978274236,23.0681747464971,23.3488202674674,23.0599118149829,22.9289361737377,22.9720279474078,23.3721682708212,22.8454587266466,23.0134243658583,23.9557444331119,23.0861817227656
"Eicosanoyl-EA",21.8513572612704,22.6267124815508,23.1524422944487,22.2481940008156,22.0293086802576,17.6590820517776,23.230479496651,22.7161405694481,22.0909876409979,21.3657102576044,21.3930973866582,22.154865269076,23.0938243282805,23.472947296003,23.3334432672413,23.5595599096821,21.2334373709383,16.1546651149459,15.9219985316565,21.9921163060004,21.8917112329571,21.9887428039093,15.2701359866819,23.294592896894,17.3685247343246,16.9337443350657,23.5840499230033,23.416385276439,23.8237467202787,23.1820250504636,23.4895842982361,18.2118414872509,23.2962386054137,15.7092041429705,23.4678164173769,22.8676502685843,23.4055728454783,15.8999814229227,22.9440399898359,22.4641865297699,22.4042775932879,23.2819441456698,22.7528333571074,23.4576755758742,17.528909027323,18.3094543380457,21.8972724156503,18.5087866463057,22.1671811263704,23.2346151358304,23.3187874326862,23.5812805212415,23.2105896072936,21.3552467865024,22.1221038134701,18.8286343234028,22.3444521385124,22.8569188068187,21.6763526036655,18.1708763256469,22.0735446552745,18.3868975899341,23.5501451579014,15.6921237731248,16.3592628812564,16.3997845402776,23.6388750571453,23.637444209993,23.3003547834649,23.6072424258958,22.7606371819959,23.1145872598226,18.313551892247,18.3062245406102,23.1246510647059,23.4797685754525,23.4462363469536,22.7175206040806,23.5037969425897,23.5889533797547,17.8879999861908,23.1502369993279,22.5742283423171,21.3681399093246,23.274849481413,23.6172341133978,23.0171607130706,18.2478064414237,22.1067904771161,23.5050991269362,23.5262503875383,23.0533081151406,23.4151920102763,22.2400833301199,15.5686391995971,22.3128022746369,15.425310359951
"FAhydroxy(18:0)",22.4005892359433,21.9555065347425,22.1358213813589,22.4539765082107,22.310869356725,22.5212762951339,21.971654834102,21.0658084880956,22.1378221567986,22.00316230969,22.3866203594714,21.7357065530665,21.8568737341102,22.0594193271326,22.2401257409009,22.1665857723908,21.57063569877,22.6200028012482,22.575340887479,22.1150666025501,22.4717035159332,22.2786160613516,23.0531711688886,21.6105077249139,22.2982430185066,22.3128906294961,21.7065434624978,22.5078883111631,20.8672515429224,21.8162683405653,21.7605340809171,22.2007079763895,22.7038222921449,22.2779325660318,22.5383922904617,22.5980233781066,21.8681240781239,21.7337622249486,22.7202451164141,22.1251045030954,22.4342124881829,21.7795045689442,21.8708812092464,22.0806065272147,22.1519720677347,21.0148547502912,21.4960302221935,21.8758394176115,21.2773473208307,22.0439139760528,21.9046697820923,22.0560692231119,21.6437800278892,22.0351692740411,23.1715138934992,21.7648489520127,21.2338436003023,21.0572843261569,20.8047727988805,21.4737702766302,22.570399115835,22.4393124709206,22.7682066563595,22.5337324892539,22.7845541426271,23.1397459164046,22.7152444950758,21.7467109595001,22.3668176726583,22.4875961022318,22.6230273255297,22.4475124871506,22.6214940479673,22.0793397460636,21.8607256338304,23.0562279119257,22.3922121028719,22.0713493776602,22.2253048912256,22.0129504050454,22.7244794834347,22.7995289816704,22.2905007230485,22.6368513027723,21.7262443094405,21.7039155024786,22.6714316729095,22.1222594477843,21.6376364322609,22.4954815523212,22.5290756068985,22.2283646829809,21.5001160445624,21.7429164559111,22.0885850139018,22.1894275470002,22.5434367453992
"FAhydroxy(18:2)",21.8683052544928,22.2663033774564,21.6595503411811,22.9289427932144,22.6016224942838,22.2415356532773,21.9802546935875,21.0190032414745,22.1740238625245,21.6774333385979,22.5653235864392,21.9957738691363,21.5458300467563,21.7817991332013,22.6308275672628,22.9424723837136,22.6119568931952,23.0446844082262,22.6786956054412,22.5496008263334,22.5906235073806,23.5618348342889,22.9589502352461,21.6934739235056,22.6918758650647,22.2280047390575,21.572460205771,22.6828869480485,20.8318555275193,21.7506331806224,22.7216200073197,21.2904761481207,21.6986493986301,21.7633476164051,22.5943211098454,22.7418390476453,21.97428905339,20.965974006072,23.2792998033176,21.6853266839208,22.8346871506536,22.3612547172884,22.1126412568083,22.2082914623092,21.5621785493579,21.1269823938671,21.6120613970786,22.3127886778933,21.8500848345127,21.7335934198224,21.4059561720108,21.9361834820698,20.8276909465387,22.7807517164135,22.7950762379442,21.7916113813394,21.4951656507444,20.4330964843858,21.2708451320649,20.5194541783901,21.8232955743539,22.000586192033,22.6024202376478,22.6676753819299,22.5704079021708,22.5073777375508,23.4742304630716,21.5465170455078,22.0290417768955,22.02010770107,23.0667184917306,22.7064370288316,22.0493323492615,21.8665610873038,21.3103068329179,23.0738207719626,22.0128839445702,21.3439190635994,21.8056642846634,21.8296828311724,22.7960593703562,22.9167387909574,22.612264285689,22.3863449862909,21.6403485261187,21.28684345067,22.5117489231325,22.5041596528189,22.0815313235898,22.8663703667451,21.961344936433,21.9851859076769,21.415360039063,21.320513469909,21.5106578260426,23.013698316708,22.4326995134639
"Guanine",23.7047676555067,21.8871241601634,21.8901666859074,22.8359424805917,22.5002884384454,23.0527113478274,22.0467063582925,21.7223999307173,23.0120092586188,23.3671980979433,23.4996924926468,22.9508002822228,21.686436559473,21.9608704279754,21.9256978822967,21.4734790317996,23.2871908824159,23.3785813577495,21.8670382637432,22.7408498457976,22.6812882331271,22.7046294384939,22.2549993390845,22.478765705569,23.240552469348,22.0925548314279,21.6118728481926,21.8593496188877,21.5839821819803,20.9612801064119,21.0941122171137,21.2377948861883,22.0116084010565,22.1917248894947,21.7240591351223,22.1547462440464,22.1166142536148,21.6063587467036,22.2066385446385,22.7954731303082,22.018217738033,21.5126445714458,21.545784178762,21.868538649139,21.6503049494689,21.4479706352706,22.3465451554302,21.6676923722923,21.2521187578205,22.1161122868663,21.8025569535336,21.9208768431364,24.1151283704475,23.102765461067,23.1403651821787,22.1197727313979,22.1635087391522,22.2911395489711,22.5714625741153,22.0038673421699,22.7135374741778,21.9624974091238,22.0045900765705,21.4998939529127,23.2147896431266,23.2664689755077,21.3821258373314,21.8820239128223,21.7688912903991,21.5072465900498,21.7034077998022,22.1697936950073,21.4173121941893,21.4885288238102,21.7948113517352,21.8855604323833,21.7396893683213,21.986965433187,22.0356160630462,21.6121436921252,21.5686208467123,21.8164744728565,22.9038996848762,22.7871891436668,21.4592385135868,22.0919293891925,21.6448082530858,21.4146404004489,20.8835693505862,21.5417648645159,21.8051610007871,21.7296421965642,21.6467210931795,21.6137340075356,21.5225246223313,23.057209455365,22.1000477246783
"Hexadecanedioicacid",22.5742781697829,22.6146144039417,22.6090450226331,23.3260449107959,24.3662671267008,23.8433260568934,22.4020399291478,22.7232772975355,22.4158647456019,21.8895050610471,22.698828143063,22.2310025836558,21.9226876529954,22.7785553576351,22.2031296752491,22.832200165226,21.5453014411777,22.735983375747,22.3150715302066,21.6015394726868,23.8597731281122,22.5728547515518,23.9830686657336,23.3676115937735,22.9701151793615,23.0741333206764,22.3273815063472,23.3799733891108,22.0504341484336,22.6504247213866,22.6725467839459,22.9279127402344,22.2136510507883,23.1570070496783,23.7166319878031,22.9553702826785,22.830327021249,22.7330545401462,23.4583311885431,23.1825777266645,23.4010573978274,23.4418138403056,23.196554435339,23.4767267967115,23.6846215802992,21.4785496339047,21.8933641786701,22.6173254616735,22.5291983896482,22.847259666886,22.911540288129,23.3946313869683,22.466957951587,22.6752152348119,22.9692685175592,23.2630769826016,22.2337092895252,23.8446363073475,20.3955765820403,23.9663527338122,23.6680639335797,23.0805358682623,23.0703690243645,23.2063110666179,22.4696435575201,23.4153531727223,23.6543675570007,22.2930693873319,23.2717536891372,22.9347292571598,23.1395719810142,23.2310131786686,23.3604722561843,22.7261699339844,22.5257327075602,23.6441966927096,22.519893056063,22.2716371187642,23.4293985293544,21.9553952395595,24.2004548480822,24.2087169492372,22.7975811965779,22.9828886984738,22.7817066966117,22.6463679937648,23.0810705171128,22.9290855809033,21.909916992596,23.233560377413,23.8736273033337,23.6827050860198,22.644195076125,22.8362681033431,22.7224109258899,22.2669973114181,23.3628316084272
"Hypoxanthine",25.1438021948671,23.4462852406658,23.7315055002616,24.3188944578598,24.2774658540862,24.1198489483229,23.8051807986508,22.1395482402807,24.5224567187886,25.4025766466578,25.2628748461885,24.1360273760433,23.4004684768783,23.2786360218238,23.1694491894062,22.7591769757749,25.4407248650994,24.8462641399397,24.8348929145821,24.4749962147405,24.4297481388827,24.5236451783751,22.8470960888024,23.1607170252205,24.8368065744016,22.8717456846612,22.3087166287594,22.920040199872,21.9615290885788,21.6997494593337,21.905667263027,21.7753063038314,22.8824289482122,22.9980258717168,22.9333688136801,23.6505462458654,23.1125421330208,23.1453423180729,23.4998632830832,24.2027801544685,22.9204473877113,22.6367830632273,23.3686482605695,23.0287121539739,21.9696389763064,22.3430403889085,23.5269181109271,22.0619067808998,22.5704983599131,23.2247424751653,22.9028295221375,22.6544709703958,24.3970445900736,25.0172122198444,25.0822909051769,22.7131615477943,24.2053848308185,23.7076594569663,24.7526555988075,23.4084102905716,24.3583834638883,23.0274761660376,23.5639872645209,23.1051849555244,25.0217052156656,24.9592594254675,22.8174302644658,23.5595139652122,22.7943153773778,23.3773689532065,23.3832710439081,23.2575962644269,23.2119517440596,22.9529616800786,23.3667585178846,23.0538704873559,23.4051969922158,23.6351236309702,23.1755624604211,23.2001442368003,22.7170539230385,22.7280987471892,24.6712610182342,24.6709774955562,22.3969234384157,22.6991364457326,23.3747114452278,22.4480790064455,22.7303463417133,22.6858118580807,23.1324701334401,23.3137470109091,22.7459238172081,22.8312472966511,22.4143271322882,24.6513458786027,23.8626410953204
"Indole-3-aldehyde",22.8920099046344,22.7015363807757,22.0696567430018,23.1419717838794,21.8513117264543,22.8576923521316,23.1349248362152,21.7785765977106,23.0891733323468,23.7497089045976,23.0029811166239,23.0661573938987,22.3613473824302,22.7030504878176,22.1004147498216,22.1605491089339,22.9358015499618,23.2762242790326,23.0815190796139,23.4779632563721,23.4341052420018,23.6295781622857,22.5988064387859,21.8226099609246,23.2167221159514,22.1737569398265,21.5639010608208,22.0179390013586,21.799533018477,22.6651246063122,22.2200971668009,22.3328819205689,22.8917341187623,22.8337974512852,22.7536411071958,22.8676874495263,23.104114233892,22.1908583719757,23.5966521938943,22.6904599334792,22.9338816204803,22.3437708249937,22.5946482930718,21.6954319842343,21.761804086558,22.5655191889104,21.7613871742049,22.3359307869424,22.1152659288642,21.79212966332,21.871935896134,21.9955139497701,21.9399729925678,22.7789993205309,21.7214610476701,22.6811676257512,19.2907884674152,21.1125683670698,23.1234381576519,21.1858719790761,23.175266160758,22.8526530527198,22.6973368053043,22.6040841251754,21.8831312218796,23.0772074483302,22.5501563318151,22.1753459582966,22.8546942947549,20.5144158005082,22.8892219235481,22.4482984563322,22.979767481806,22.7762966633186,22.2459051094987,22.7251633932467,22.7964162725283,22.8424262757858,23.1926514353601,22.6222242169475,22.4989161328219,21.8666970905014,22.5840056106697,23.5206596460407,22.1957712015175,22.480242395822,22.3227375722624,20.5939886468692,21.8348901742801,22.3260192050332,22.9568979365604,22.0724825189411,22.0267981342493,22.6313380788979,21.9618436200872,22.9156181361687,22.5176126831124
"Isoleucyl-Leucine",23.0955717753256,25.8561449980705,25.5759770556739,24.1560580384841,24.8774838529939,24.5761802083608,25.8202945189996,25.0344658264011,25.0962542934057,25.0787308722779,23.9610971576652,24.4930921920634,25.3665499458666,25.7963030557178,26.1493386874538,25.6397475241841,24.7262800826037,24.8549938191581,25.8230917073428,25.177872599661,24.4828531283943,24.1783686001463,25.4602723715347,25.8357273066295,24.5887800963478,25.8593165226903,25.4405192981744,25.5229882666544,24.9090236660364,24.9335413829471,25.4563970738368,25.4119397116268,25.7012643153515,25.6140109920985,25.3177918080214,25.9885969133043,25.9746362618915,24.4616146003125,25.7139214356779,24.6718409570218,25.878549956773,25.5958437612733,25.3162059834414,25.1621766461118,25.0691522222227,24.9328981160391,25.0784559434975,25.4691641986698,24.8536934350847,25.609638750594,25.7247543899699,25.9656107423927,26.0861622145285,24.2283076242691,24.1298914811932,25.4447117481779,25.5342422736284,25.5601133735837,25.0973767191023,24.7643242708534,23.6132659228126,25.6574013947783,25.5091252149886,24.997608055703,23.8832335227261,24.2518392088736,26.1245569296424,26.1566615158599,25.92579158197,25.73826727278,26.6101699593343,26.0537822449308,24.9232910771566,25.2649913810209,25.8396380701759,25.8989392920704,25.7440001920022,25.8053223310608,25.8877025695659,25.234582348891,25.2883701055647,25.3684795048706,24.73373435005,24.3289666901547,23.9111889888693,26.1729447860884,25.2149996850823,25.5072272045542,24.9919909093209,24.7618187986049,25.8734233778873,25.7836435093459,26.3556970634701,26.1857293328557,25.4386526439936,23.7180644176453,25.1390021062145
"L-Citrulline",21.8912559768062,21.2353423554139,22.1330160686315,21.3187172501187,22.1242868414777,21.9843290736902,21.3747367329492,22.9141845125049,20.5094919423359,20.6259589283833,21.4501454936513,21.1047931951803,21.8539597056408,21.5319432307157,21.4911424868785,22.0839052424234,21.9023534171358,21.6894722561804,20.5289454772082,21.3022783164387,20.7054065866748,20.6764376918509,21.9784104838842,23.041294141075,21.7061967555227,22.3231263258558,22.8633354172115,22.0258031080936,23.5819083042644,22.1950252826097,22.0314889432931,22.2931993362749,21.5260048624972,22.4840386045515,21.5078158657952,21.414623508602,21.3392144900385,22.2935857430698,21.3200322482374,21.0490226422731,21.5706021765517,22.702709076959,21.5450697184543,22.1074000644382,21.606717232005,22.5248793695606,21.8385399258613,22.1435279716402,22.1134809927134,21.3423547908495,21.7594259556366,22.5147706649942,22.1081283850237,21.6310022939504,21.7154344464686,22.9095728807881,22.2292698880399,23.2149302192696,21.8871204667886,23.6841116467763,22.0442329498295,22.2359856743599,21.2721422821298,21.9846514255638,21.9015066449505,21.966231301433,21.4246648953869,21.6958522371143,21.284062622593,21.52401795173,21.2398960581397,21.8209558333901,21.6237445388314,22.096311259985,21.4932832423722,21.3392000811697,21.0227939393435,21.9256181920286,21.7767146028421,21.5407154017825,21.729847777338,21.7885194634417,21.5929811067226,21.5907618291088,21.9637425371866,22.2258148691243,21.1549412683831,22.3353504718622,22.1211572219781,22.3803351215603,21.278313121949,21.5473666263259,22.2055627128671,21.3206189875823,21.7146181496785,21.2736600531866,21.7475093774692
"L-Phenylalanyl-L-proline",23.3184043306878,21.8445699065073,21.5540754053774,23.0652859851134,22.8131629282447,22.7591151238909,22.2122231258506,20.9572549695602,23.3063197505568,23.5375855591577,23.6498464140753,22.5138454185412,21.4699292096335,21.4251183058111,22.0582785015427,21.7332706525521,23.5496577891357,23.8119512886581,23.3503729634319,23.3427429191136,22.6324166774258,23.0762265614157,21.1201225180771,21.7275661320203,23.1327230930337,23.0673062300245,21.7978036269396,21.3932390510295,21.8072291310632,21.7015994487097,22.1570080064521,22.386592667351,21.4091770553907,21.571881185597,21.8789004849628,21.4886830292911,21.0215587213215,22.4040928920613,21.2147545920565,22.988334765475,20.920545204994,20.6680896048657,21.8134638284427,21.4231343267611,21.1705331819776,21.3987413544127,22.3891065648827,21.4642188042415,21.9419539509041,21.7039649579925,21.6569639207388,21.7042156449627,22.2026606092438,23.2132949899125,23.0056104213554,21.8343773269077,22.1354115273956,22.6109931955877,22.8400684445081,21.8273764398593,22.5349828395805,21.8742225647606,21.4904693016948,22.435711224454,23.350038628962,23.0338599188567,20.8984767809799,22.1876365093737,21.0288016759359,21.8601492327604,22.3100083391042,20.8752103418057,21.9558726369454,22.0015056025077,21.9625352957583,20.9200044697834,22.0033064995986,22.2666284504727,20.8871765326597,21.5216863768186,21.7464246102815,20.4243888864317,20.931210316807,23.0194471656236,21.0826680062987,20.949262422893,21.2382389840419,22.3695006163139,21.6408931872409,21.4730858998677,20.5347676838797,21.6988524676573,22.1185932122205,22.1207247086156,22.4122634883248,23.089155911703,22.5088115675184
"Leucyl-Valine",23.7134273217668,24.0598946976029,24.0096431547089,24.1869073940576,24.6872170866066,25.5676688912433,24.2122835783162,23.3789742878133,24.8564600038891,24.4987305518876,23.9822439845189,23.9437242527916,23.7706252986432,23.9727532202302,24.4843248121018,23.8977712792793,24.3752063913983,23.8155567595573,23.5821492891329,24.1999993505662,23.6554217047096,24.1407284562388,23.6856683360911,24.3113218235431,23.7652083722462,22.8555270781584,23.5578589253896,23.8544820708094,22.9717985394552,23.4193621098766,23.7770646448015,23.4800361387422,24.1609546514549,23.3186332289022,23.4247962894376,23.9670366462863,24.2549315033406,21.6446243239569,24.0366812387796,23.7604263690289,23.5844093555748,23.9178418129779,23.6568594977464,23.173410859249,22.3059076190772,22.8752064311809,23.7457112566703,22.7803920035379,24.0754778552778,23.9321040471359,24.1168138867941,24.1458966904522,23.5960290653924,24.3371107832372,24.2628711604907,22.2850608282628,24.0279071537171,24.0773368145404,25.0455419508981,22.8429643034281,23.5897653565563,23.2977864249326,23.9494110123288,25.159676671641,23.1968597243853,23.2013458580775,24.1527546222319,24.6386361041834,23.9048023605204,24.2080401879584,24.956737813039,24.0636881407731,22.16913994153,21.7988293183895,23.4893503895128,24.0564084859025,24.0170775518176,24.0853523921735,24.0221206535641,23.5690349801792,23.1505412983641,23.7187666238329,24.0453688118022,24.3978731117075,22.017278519778,23.8985948391093,23.6335108733543,26.5505211013227,23.8848212331787,23.0298805293732,24.3206750300197,24.0786226344154,24.7379062600742,24.3022946307675,27.2910932669435,23.6795384078146,27.1935128091588
"Leucylproline",25.736607939297,24.5053273772261,24.3167629863996,25.4487675644714,25.3948167373295,25.4321188872,24.8490371519565,23.4604454052548,25.8076149298276,25.8787404493272,25.9578822565869,24.916369727096,24.0223664751536,24.5221969424877,24.7226120851487,24.2568172295197,25.7452612086545,26.0845392214558,25.4635955230113,25.6702358251806,24.964846988638,25.4969378607323,23.7510043416954,24.5655636522204,25.6172089409009,25.3300574308741,24.3112593710274,24.4149856771889,24.5007861200935,24.218762475047,24.6631772896904,24.9710343236429,24.2169992863091,24.1018433111355,24.632444306534,24.2349349529354,23.9584211695768,24.4779983653975,24.0982015244301,25.3671429865385,24.1264501287668,23.9144003237922,24.4880701231913,24.3033217839736,23.4722874351856,23.4398757315126,24.8289655679352,23.8446201583096,24.5091453856883,24.4597848710029,24.4075274143601,24.7527721381533,25.0677578578804,25.6846781200977,25.3790830328509,24.3395723405089,24.7908743004337,24.9710488324538,25.3246914763895,24.7650484910228,25.0586786578331,24.2554299829577,24.3573931149896,24.6318037705292,25.6877514015634,25.0564047731448,23.9985958534312,24.8861265574587,23.9659765628062,24.3205970402735,25.2169697170947,24.2248117292945,24.6919653091479,24.2438569471419,24.7501534663106,23.8474701444691,24.7066373631418,24.8623970983585,24.1531618326094,24.2354661562882,23.9014067637421,23.3898797346433,23.5393428778933,25.4727664778935,23.7257929255677,23.9196637518695,24.1168008591839,25.0722223468059,24.3656657197483,24.1662138864808,23.6608405431803,24.6626431295117,25.0606266304033,24.8883510885548,24.7227158696375,25.4289068559953,24.6840644119929
"Lignocericacid",23.5585081881523,22.2577974338139,21.9515079010711,23.1728750520266,22.2489334005589,22.3575542848435,22.894512082086,22.8908738976349,23.4720471636793,22.5245703922694,21.5934746378369,22.9536776514073,22.6504913670916,22.5025548257281,21.6543357402515,22.6875399153227,23.2611344024813,22.7620661491722,23.5702696589137,22.3931604382117,23.5132268018885,23.8460636139457,22.4560166072293,20.8749695414008,23.4360266951809,22.2939321529127,22.153759050982,23.002405796613,23.3120201230421,23.0420246782689,22.8916858934253,22.4623258170969,22.5626904583178,23.3432592714194,22.8416727800891,22.266509026914,23.3652803790887,23.182808807403,23.2432688378037,23.0890319442135,22.2740071190307,23.6731350450322,22.6593283444285,22.2064066032592,23.5034724860589,23.0564844051683,22.9722637806723,22.6318258534146,22.9097090906942,22.6647899413035,22.0133643966741,22.710238277246,21.8442485585218,22.6837897500512,23.0462160979539,23.4895083528478,19.6652785979928,20.5735243081296,22.4418379207215,19.9963855841035,22.1816561954023,23.1883122733444,21.9272485056815,22.5558634762146,23.2214185457024,23.468566219992,23.1216596476507,22.4127799866038,23.8329760207227,22.8828050098243,22.4792734026195,23.097774478093,23.2007989399068,22.6672856498826,22.2041622298138,23.2423940851174,23.4664412440308,22.524967563278,22.819706591091,22.900978125899,22.6386289504362,22.289014923562,22.8866085884031,21.9348458886216,23.443389419665,23.3830250673797,22.5187287256297,21.8643684117124,22.3781119185009,22.5179185884616,22.3959476742978,21.9370712415158,22.3836287221875,21.8977800965462,21.3956444939565,23.2423285007825,22.0265834689202
"LinoleicAcid",24.435599002062,22.7940911982724,22.7044109431034,23.7726031096662,22.8561523995066,22.9787529403303,22.9445969106214,22.5236839312734,24.1084663185597,24.6613950250344,24.2571599484261,22.8494021131496,23.3402161677425,23.0834040990057,22.7304576186573,22.6897498074311,24.1460600527096,24.9250774126557,23.9454797537952,23.0178308234448,24.3163879820073,24.4371400452926,24.0195776644824,22.0240970099201,24.1768029563691,24.0459094562798,22.7842205572594,23.5088668338589,23.3664772222642,23.639439922679,24.4972000290327,23.7492928296114,23.3752523847429,22.6611367374632,23.8117020705678,22.9729824106181,22.6277102413852,23.898780794428,23.5964336194823,23.8586226547966,22.9502373505555,22.9194356335284,24.4252034026829,24.5328321017742,24.3733531799765,23.4070326856112,23.8715559898673,23.5732637139554,23.5954728300436,24.0490472285497,24.1280483565113,23.5648584288879,20.3420969211672,24.343863889437,24.6285789418825,23.462973538225,21.6720209009417,20.8750734520069,24.3737925316497,18.0622574149641,23.6629270738885,23.1867602255742,23.7544236331573,24.6994974502287,24.6074407835595,23.4682257287852,23.7080375155653,22.3242607330117,23.6516084811796,23.6627051198669,22.6816861404031,22.2091450975204,23.1514983457951,23.0569969391609,23.4821954368712,23.4122380627668,23.9642384933793,23.7679003265884,23.4112398745223,24.221356605422,23.2087382247278,23.4405478897778,22.8643946221033,23.0954749982886,23.402935978777,22.0371779780788,24.3062194761055,23.3031273626673,23.6149349491786,24.5726670035687,22.732990055521,24.4061501305122,23.7087535815158,23.7732893003124,23.9422472602722,24.8271032748678,23.1103072771285
"Mevalolactone",27.0650813496977,24.8981918956633,25.1069665608468,26.2906963847069,26.5033502935307,26.4872079786425,25.2630000254983,23.6849987462604,26.6709881670418,27.4473128620037,27.1860301557835,26.2575069891613,24.8423240825561,24.6950181873854,25.0471793794198,24.5515698008304,26.7551781299435,27.2366296324612,27.2208596691876,26.5703110465062,26.3668446890137,26.207056446074,24.4122924829366,26.0830946484517,27.2042245050054,25.4915920967421,24.6743483768403,24.7292932306003,24.2624848499413,24.9388365200451,25.0336239913471,25.3548953024944,25.130880836763,24.5134434929002,25.0347893183312,24.6019630552899,24.3979569180373,25.2579671804755,24.62701827515,26.1839886409853,24.4146269290322,23.668945618056,25.1453452052565,24.9730117466746,25.4332558763688,24.2057494520025,25.5823866482485,24.6617683688148,25.2076326081075,24.8724075874473,24.5789335376408,24.976497063719,25.3114472108,26.4357894504959,26.9173327466346,23.6254186980994,26.4626935616254,26.5890263294186,25.4726545583491,26.7160931898956,26.0849992928745,24.1794532371381,24.8057756030114,24.9942573825565,27.3723520336673,26.73797787763,24.3268978601927,24.6835556139185,24.6743076601259,24.9972399382039,24.8204420094066,24.0165588840145,25.161605639065,24.5670351572362,24.8457846846837,24.7147047587036,24.9512504949247,25.3175280087547,24.4847290337882,25.456340060753,24.6730123747348,24.3695970619455,24.6726946218845,26.5750077144311,24.5742824156432,24.488917228692,25.1700831186526,24.8275920871474,24.562495516073,24.889340834962,24.6250849756764,25.372939004049,24.9565159311019,25.2884123489542,24.8466483536817,26.1599445275959,25.4587907398344
"Nalpha-acetyl-L-Lysine",25.2643473359582,25.3483110213788,25.3783449212302,25.1706035392132,25.9239761841289,25.6515991536852,25.329370375707,26.8731842999782,24.2412968611632,24.3174028918378,24.3907622298277,24.9221643375005,25.1956971652444,25.4476163565809,25.2386995442445,25.5681552226658,23.9451303238995,23.7784593826845,23.184619066567,23.8402972368136,24.0151783361034,24.0959715699301,26.4757865680102,26.1380446259542,24.573988890583,25.8714394583229,25.9832060274309,25.7548163523543,26.4584615716829,25.6690953087721,25.3623812758689,25.3747448389825,25.930459572767,26.6164551779931,25.3429442700833,26.1846171587381,25.9011989963706,25.8050454799133,25.6025241828193,24.6933985104694,26.4031911662177,26.4095649797551,25.6453295600493,25.4341536425821,26.28079716706,26.6266141277938,24.9303384250103,26.6412029912348,25.5477150157313,25.1696026374164,25.3990478378666,25.819161671221,26.21399829362,25.1911681837936,24.8773345836913,26.8794847581894,25.9842816902026,26.4838113528027,25.7473482565788,26.7992118562379,25.3031257258592,26.5403141731097,25.3955251238904,25.6831008245882,25.1015169020766,25.0562292787137,25.7998881099973,25.292047318367,26.3989400251319,25.7124520300436,25.4372040989348,26.4891447720627,25.8371687368275,26.272347077105,25.6805609264962,25.9108859881618,25.1011785048374,25.3567424833571,26.2808190959021,25.3153137335021,26.1996422924789,26.2851581980937,25.340763005965,25.1765907073762,26.1442497052679,26.519205972379,25.3912042931212,26.0149881044243,25.7754026098239,25.7320807624237,26.0184791065157,25.2000446891804,25.6241084415526,25.5147497520521,25.3226857088269,25.1388443283556,25.2113365220606
"Oleicacid",26.3306632749745,24.7298887218404,24.6070176819515,25.8734837838509,22.4804574633902,25.738276308851,25.1470655908406,24.793278871538,25.9537280502275,25.7312114196054,25.2811541185015,25.2929692129353,25.1812636209,24.0547414137462,24.1103830040874,24.3586266152018,25.6191269311783,25.8796219721397,25.3224405507152,25.3307874610789,26.186971030319,25.8928675556844,25.1009119998078,22.5993186268431,25.3645457684981,24.6660084507642,24.8209735698763,24.8943491069445,24.8108386793388,25.3708022815625,25.0693793070265,26.0146086910431,24.6122999438984,24.3006290303505,25.9395059885129,25.2866029971111,24.5479181552413,25.9590175787613,25.6069890839832,25.3984900231209,24.9684706558273,25.0143684772798,25.5979607629831,25.5327870801005,25.6220923958042,25.1313215882172,25.7800489043363,24.7672242870897,25.9975483046973,26.1051434016191,25.3199697666924,24.9856467606332,21.9539715272894,25.7870991793317,26.1374486659106,24.622248322894,22.4268821342935,20.8720978779726,24.6852339398059,19.380005293561,25.6805863957856,25.2970770984127,24.5789575856736,22.3074017589872,26.2330551660798,26.210696128097,25.6863729435918,24.893484121776,25.3317806587518,24.7096366213044,24.7162828877783,24.7777662745649,24.8217196514415,25.0165085352969,24.4799400111245,25.0686802091202,25.503844037953,24.7327026646413,24.8227903185275,25.4225348573834,24.5207863125285,24.9321811183181,25.0575929721547,25.3856174646702,25.5663574511404,24.196493867022,25.6703647450815,25.1959365590969,25.4134284673183,22.580753991317,24.4357117177455,25.6934848421108,25.1231100027726,25.3778369370071,25.9316817615334,26.1926093649113,24.3127152410138
"PE-Nme",20.1174060754724,20.2895730378499,21.166928139607,20.2802108896663,20.9333023395968,20.3580735098779,20.6006949562497,21.1299612648879,20.0439864603439,19.4220135366254,17.2297968390227,20.8531479288128,21.3377183000118,21.137044521052,21.246722216906,21.4928421562558,19.1495118588051,20.0453251272817,20.2534932129204,19.8711336341125,20.1760801430046,20.2450946081101,20.9854125023762,21.3456845133831,19.7351835823532,21.410377975835,21.822819589906,20.9336659462004,21.1999367129743,21.4648627897154,21.459801080334,20.7074534415173,20.9974698969131,21.5192771440649,20.4911368487379,20.4804923843845,21.2616652999251,20.6938159109725,20.8017071696859,20.7234427623324,19.9419500750659,21.0824230139966,20.4367437344433,21.2079138822636,21.6610062223109,21.8005458538948,20.265396423908,20.5870507701336,20.5418499612613,20.3095237680611,20.9129148717576,21.124034011974,20.5301041276507,20.3800243645022,18.6753011229699,21.4603624691959,22.0061297972807,21.8232227201144,19.9053847382594,22.7176664407755,20.8620312658533,20.8744324463576,20.7485460953511,21.2542568476898,20.8168155917615,19.9921158337844,20.9892379409227,20.6643271768329,20.9366577677014,21.070362837541,20.6234152549015,20.3273787589969,21.6959989691253,21.4366189897599,20.9350146358228,21.1797007844906,20.7644077857205,20.6137636277417,20.5059791796925,21.1145685537992,20.9648658782849,21.1240150357785,21.0771814121511,19.9554157102323,21.2167020484085,21.109999706549,20.8166549516032,20.9205686225937,20.988023023846,20.4831382902654,20.7462805754583,20.4435215561999,20.5687431606863,20.0267212936069,20.4798190523597,20.9271107332651,20.0594933140968
"PE1",22.2820308470848,22.0776866924972,22.5638708821938,22.2418993592948,22.7099685602601,22.2084431261792,22.3994854735761,22.7853788913513,21.2393876925115,21.0128463010117,21.9876251900074,22.4597680062284,22.7548641319991,22.8408904250934,22.5576196064891,23.1231114317362,21.318855224003,21.7753033647712,22.5499121322711,21.5256035258503,21.6258459996651,21.848293866595,22.8658922744434,23.5199033504147,21.518652575083,23.317005395872,23.2111043131992,22.6371499791,22.9319273674545,23.4372283829624,23.1228687902114,22.9906363950121,22.5042762786092,22.9713077644396,21.9068503478221,22.1918062680012,22.6977488233485,22.8890539117779,21.99656228288,22.0913444749402,22.1539135343093,22.804846936057,22.2019287822093,22.6841703993745,23.451771830155,24.1100485240126,22.4112080664977,23.2521076526626,22.5409553325457,22.076390861752,23.1486680975275,22.6862475228938,22.2529369195179,21.8169747570543,22.5457344525915,23.526825633113,23.4307953991785,24.1258842903959,21.7781174277363,24.5258479085629,22.2459507698723,22.9957747527253,22.16851968954,22.8338747165933,21.869647848605,22.3398381881918,22.5409071680791,22.0895095705306,22.4654470575563,22.6918281940512,22.2474556310416,21.818290105403,23.29247916937,23.1990960020508,22.5247661080498,22.9125029834129,22.8636609936718,22.2440758384816,22.8288892669509,22.4549585746885,23.2564464714968,23.1715919941904,22.8693621036171,21.6078074876489,23.010785455059,23.4194654831095,22.643551494201,22.5785460792982,22.800004715629,22.9797125174236,22.593921900179,22.062373016636,22.4955753121252,21.7592035575945,22.6930084146501,22.4291955863831,22.1245930774419
"PE2",22.4239073752515,22.3950785658467,23.0127966776766,20.6799902013913,22.6922596550351,22.4988255338725,22.7679346050777,23.1734518947902,21.4915450666739,21.2741875723892,21.8514134732235,22.5247088339604,23.0449352400239,23.4162815241627,22.981149786197,23.2975050949182,16.9925251952667,21.701220509121,22.0776668146546,21.8144416018532,22.2105380414343,21.8762677241718,23.6572286986139,23.8646004139805,21.5714872152667,23.6756306375394,24.191942914908,22.7463485066733,24.0721522897051,23.3857326727411,23.370556025058,22.8756971219441,23.2127856858347,23.6999551205014,22.8180420503219,22.3964211115799,23.1182731812923,23.0010396725347,22.3881055267443,22.9740265058666,22.4114878231385,23.2254610321608,22.5075800728222,23.2087339905497,23.8585767233262,24.1573357519275,22.5400182339682,23.2954237947438,22.5661991791952,22.3549376285336,23.1559591204031,23.1267341387743,22.2149304709785,22.2302211846112,22.8168029917256,23.9363313636195,23.951871484933,24.4452765216271,22.0418752107529,24.8213841593387,23.0858397411064,23.5300530398049,22.9157969647749,23.142602722046,22.756004957572,22.5535488566696,23.2661895181276,22.7361305410085,22.8356099252296,23.1484403992889,22.4612839636117,22.5765688721885,23.6074433263551,23.3601670515793,22.7488143539935,23.1835558034738,22.987959747366,22.3603921434688,22.9934756381017,22.8039632664449,23.5799623556087,23.4043923221518,23.0837396152311,21.7685756356947,23.2337293049033,23.2517215708691,22.8737730864844,22.9958031020562,22.9303227073273,22.7918770682706,22.7658186882137,22.470262585403,22.9107939641965,21.8771053804555,22.7243001234251,22.9235044503558,22.3171860303794
"PE3",20.5621232306282,20.4472229465183,21.0033334678594,20.6884482299701,20.8599589267794,20.4810708746596,21.0064392263887,20.9541507051528,19.4400018557233,19.6161271460357,19.5759980495512,20.4988749602908,21.1472988779101,21.2030423590622,20.7270448738371,21.4729248247224,19.7120948862741,19.8084278564914,20.4410738266309,19.815376373147,20.2548153847236,19.7464745136131,21.3444518021755,21.819908667785,19.9429578439529,21.6771103113476,21.2590134481295,20.2681519635348,21.1482807432697,21.5373464624045,21.2654271286434,21.1077238398036,21.1417612969661,21.5962284651265,20.5126309289345,20.6915449888269,21.0687105365229,21.1068740493415,20.5411022110421,20.5165020505523,20.3082416503346,21.1906437536637,19.9083627352387,20.9912129350453,21.6830843286821,22.1642722112372,20.5509369136019,21.235192747229,20.7289092370115,20.3054764827459,21.1927309728578,21.052719621392,20.3445417555181,20.0484207331527,20.7682903912193,21.7549560816403,21.6853675506243,22.2727566557554,19.5981829956811,22.7801035741604,20.7746561418884,21.5175005372778,20.761750358616,21.0803440252918,20.7363854239882,20.3817518838932,21.1253050196575,20.7443174998315,20.9948890221057,21.0664571382169,20.6616371799752,20.4722047963803,21.4870358487561,21.4118512514304,20.785397497306,21.2914258205515,21.2905575316418,20.5102123400175,20.9399697045052,20.844270766413,21.5904538780172,21.3219024953202,21.1780556257915,19.8756675608322,21.2602695089947,21.184484279299,21.0502368973864,20.8394662565291,20.827764545987,21.0821771534441,21.1097969472848,20.0346860366056,20.665192549031,20.2144930569129,21.0169493723115,20.7567029845885,20.5463176372007
"Palmitoleicacid",25.6354265408155,24.3211398729511,25.0379623823745,25.8519376922414,25.4909494210574,25.6432205500654,25.1635767030874,25.1475357393832,26.5598888469008,25.7494777343331,25.728734958479,25.2886398456022,24.1092750654853,24.5439966440374,24.7604778466863,24.5544748068884,25.1657788754064,25.7466219893304,25.8941479083705,24.5466039473391,25.202095407658,25.2738812109107,25.415633365851,24.4560691455596,25.4719974794898,25.3626216180548,23.9756262689251,24.5090329376081,24.5213102119623,25.163969975863,25.0858615172266,24.9312568327756,25.2423758106575,25.2067125857923,25.1490481023938,25.3585870708303,25.7749820787753,25.37861345155,26.0289593312316,26.0400917475352,24.7635454645932,25.9085090796604,25.5874913110219,25.2712110438588,25.5041355893134,25.3959139112994,24.4194954780889,25.7365997528387,24.4633145556352,25.5295356013287,25.1970022349023,24.9150446520036,23.346077902429,25.1432161392353,25.730940522567,25.1836284333784,23.3637654347628,24.4439439565202,25.3222572681878,23.3142736247628,25.7676761268542,25.1936763215204,25.1259048550096,25.6578198915025,25.6270356532244,26.1725705589956,25.7248858794161,24.670207512454,25.5512995252916,25.2083124008176,24.425843919395,24.6735895535681,25.7234759404538,25.6854722510121,24.7736072527433,25.3603672166088,25.7965349184976,25.3992323890916,25.4880410419608,25.5457102135969,25.4916637529519,25.2403995571404,25.2191138132112,25.0664778938176,24.8500363080392,24.8813248803907,25.4058365233367,25.6374290615743,24.6968692224198,24.9910756368267,25.4455684723504,25.1923783429842,25.0545878276126,24.6015324432432,24.2731344527486,25.8400385848792,24.7224833934849
"Pantolactone",23.9724974805335,26.1636980572595,25.4258412045595,26.2850070973926,24.2984175344161,26.4167497603488,26.1779547691131,24.3466400913011,24.5577196350581,25.5603305835163,25.2428363186873,26.9444894876594,26.1748886423868,22.6050202159851,23.6741378533091,23.3402669342427,24.8955009759856,25.7482352067603,28.3526190839656,27.6445590590973,27.2368693491296,24.1168327879682,22.7202559536285,24.0573328713823,24.2314766833979,23.2814517569143,25.6913148945478,23.4882342043232,23.1736751260341,24.9888668776881,23.1378306192664,24.764110797829,23.3720864736929,22.397700048792,23.5595436155346,26.2524972444558,24.2609469646332,24.6747412251353,23.1024218608938,24.092320192166,24.5573353752974,22.4489991730102,22.7344014016939,23.0765536406146,23.8382593421931,22.5507221018546,26.1991057423445,25.9579658765215,26.7133831552273,24.4109301860553,22.8519526301411,23.0246766717286,23.6564322273161,26.7045933182252,24.8894323485321,21.3912693613285,24.1597799875543,24.4270391920505,22.3018938073158,24.1402975372177,25.761328313409,24.5000064241784,23.0647658833597,23.7565285733141,26.0625530593414,27.3196460607377,22.6304650562909,25.9834476871062,22.7797614190188,24.8367591969823,23.5758779679672,23.8732239483361,24.8852604845445,22.1867189105374,24.6922589654558,23.104542874672,23.2998251945756,23.2502222751979,22.3313526630573,23.8230160739203,23.5603157425697,22.7595849420985,25.8534941639158,26.4617754834207,26.2493336169363,23.6991965384673,23.4168228808,24.1278484951056,26.0146145015372,23.4366117367459,22.8189116248876,23.6009803734779,22.6443673974883,24.1963507234529,26.5694203301248,23.4935848513679,24.0775123386828
"Possible-sterol",21.0672109527711,21.1151760775508,20.4895448938886,21.5679577129592,21.8624054743501,21.3893881767756,20.962418886619,21.4462545485922,20.3731298059202,20.6240865360983,20.6734815607578,20.0841143082884,21.4486336841883,21.2485945377542,21.4709621730219,21.1643380724057,21.4596757553356,20.8677316399774,21.1348228991122,21.1116102988512,20.1716416539554,20.933607158997,21.2641690046837,21.7020158193226,21.0233405273531,22.2849189062325,21.6541431358272,20.8966552613653,21.9290020073879,21.264489475856,21.7310870783082,21.5008484971173,21.9934449624785,21.6912768536106,21.4637909181118,17.355547408426,21.8542102839277,21.2845772717565,21.4254521012551,21.0406094871131,21.5295536867686,20.3253573437883,21.0194782173585,21.0498810882072,21.6751480921744,21.6113480762325,20.8260121086308,21.5058346711605,20.6021979869349,20.5723157354261,20.9240378447871,21.7556122727843,22.8078207878453,21.463577794353,17.8737703108091,22.888711105839,22.4942045601248,23.0488480674268,20.7285459054973,23.2283109085254,21.5278237839375,21.9663807668737,21.8614507124501,21.9802619802414,21.745112580093,21.1822948886585,21.565769152186,21.8001894601302,21.5098048777391,21.2848391225822,20.5501105222929,22.8203772080292,21.1195360048689,21.9220154126054,21.2772631228892,21.1110745583448,21.9095387720556,21.4000203784478,17.5165760811186,20.9888254677842,21.2720291520421,20.3733812609767,22.459722123516,20.8168651063647,21.1755872534171,21.8765839991938,22.0008951971827,21.1332480605864,20.770344599614,21.6263090511289,21.6237874546114,20.4291310752369,21.1696121461668,20.4761530301426,21.1448293553242,21.7106898686123,21.5676782492324
"PossibleHopanoid(triterpenoid)",21.9222850835092,21.0310318555599,22.0121189073956,21.8054537976481,22.5814728666764,22.5910500701897,21.9861642085052,22.2976639543148,20.9854480504068,20.5468645899867,21.5204696530507,20.8495265002611,23.0240593053408,22.774561303812,22.0757334225859,21.7713976351861,21.7923826187982,22.1252321885711,22.5140492627134,21.4390809124862,21.2405624092874,20.6123198754765,21.5479959320243,22.6575637569582,20.6729733810607,21.5522428921193,22.7991528783383,21.472621065159,22.6848947792571,23.3442005755235,21.5854711520674,22.2630518190321,22.2873863482448,21.4495824392853,21.2597696339589,20.4085096350373,22.249576609713,22.3681427917711,21.9007598701052,21.1285067012729,21.1106257931809,22.1161787974995,22.0423644488941,23.0783464943495,21.3519571369388,22.0223464152201,21.4140787096059,21.6120963393688,22.1062503142741,21.8068468901763,21.4666412838881,21.7067113801563,21.1111129610298,20.3376381644169,21.3392344259424,22.3525539328184,22.5236933879259,23.3547475645016,20.7537409798571,22.613475042427,20.9175870951055,22.6635744196729,21.843041510748,21.4423331815386,23.0395038459491,22.337406495925,21.57143360023,22.0905563914103,21.0758659367459,21.7808842001714,22.205561762401,22.0968898327469,21.888738543135,21.9368000342769,22.124074512635,17.6144155388805,22.6971145440371,21.6098097886745,21.7836781364719,22.517331243093,21.5266468779389,21.9515806369018,21.4826162212303,21.6054908478724,23.0783640682649,21.3717057478838,22.148848904287,21.7156109800669,21.0390176623519,22.9615531148394,20.8830490705835,21.9607075815497,21.0862262777691,22.1958940455505,21.8929230757937,22.4230273491877,21.794483157423
"Prolylglycine",23.4350652457598,23.4478552560526,23.0618220231617,23.2075561591308,23.3465538915555,23.4060951553348,22.9950873176824,25.0624668472462,22.8952262813251,23.2059952162617,22.8782983917416,23.2169315418156,23.4129758417579,23.6484466653644,23.6032952261788,23.7469399450905,22.9170005885023,22.822689827872,22.2465279427801,22.3972157193523,22.6400724799895,22.8443067028595,24.6343955472929,23.798137109785,22.9468969934496,23.5763138865648,23.4072644917444,23.6820590067679,23.8789648578463,23.8779102143175,23.5940176032959,23.4828272112007,24.1960903480689,24.5133605265943,22.9512941330358,24.4682101457862,24.0374041029027,23.5109676421152,23.5367442919094,23.1508214028124,24.4878321424426,24.1044687713256,23.5415338320224,23.3525872047508,24.24522483025,24.3236008340937,22.951212033057,24.7836548474235,23.2196946675439,22.9175117890483,23.3779496739594,23.5890958751038,23.1169830358401,23.084795882227,23.1358064893958,24.9196288596186,23.6600253010759,23.7364140061777,23.7676319487833,25.1870411764186,23.157325023873,24.8135329994551,23.4900067742169,23.534350847217,23.8301167841603,23.5612613157393,23.8751606521661,23.1414973630706,24.1535438544767,23.4193469682779,23.0551076737373,24.3507243408731,23.6439187943928,24.1567786435099,23.9831257110186,24.2300465338917,23.3113826923328,23.0985016255957,24.2097436431259,23.0593416465501,24.0963120583415,24.0423835987607,23.3733212889928,23.0202201347869,23.8412676111926,24.5073616599156,23.3076657580976,23.6510761661509,23.3691382117756,23.1331208440137,24.1770357227797,23.2505490197691,23.053976124905,23.1305285814139,23.4887685384456,23.1969172619712,22.9431087256753
"Stachydrine",20.6917508240031,22.1934719804069,22.314938803007,20.4985273772105,21.0146982672089,20.8938355531237,22.2418136534334,22.243499678773,20.4090522696048,19.8837545067918,20.6547980805141,20.4524016281972,22.2806125860626,22.0626757836907,22.4616138197048,22.6104929045127,22.0106820536414,21.4622307132757,21.7177465004155,21.4192721797359,19.6772783333402,20.3298101021121,21.3519462132303,21.0578383007997,20.6364617456693,23.0303323049301,23.5389838191703,22.4852997723099,23.3191618151105,22.8168243647639,22.4554606765286,22.0923737907914,21.3260895921276,22.3442164769867,22.4888041812684,21.1883319059157,21.2680737421863,23.0985564953354,22.3072295238895,20.4445379288282,21.6095271289763,21.6433449573757,22.2868442546777,22.1751556963,21.5164739717335,21.7575306477238,21.7856759004035,21.9225648846547,22.296999080332,21.868648964129,22.0057130219032,22.2376797551975,21.9522335603589,20.3137146653865,20.3001877401463,21.9803271211807,20.8356071402232,20.5666047989021,21.0759415288237,21.2924394003002,21.0887839695944,21.9238486608363,22.3633232858297,22.7749097799362,20.6168716356212,20.7023254839362,21.1415179901294,22.1919659503463,21.3695890446529,22.7170214201641,23.0422811250599,22.0878847107824,22.2699723403754,23.262722905837,22.4086815654142,21.1994631513301,21.9732223249243,22.6394832416319,21.5378834810361,22.1753128541128,21.5144777876757,21.2277360316828,20.7004244772844,20.5163817686264,24.0228104421621,21.5567839549849,22.7380509864563,23.0913405962831,23.642396004,22.682507183427,21.377879686739,21.839978966368,23.2430504759649,22.7280884022705,22.7701211196209,20.6893245255598,22.4386537416608
"Sugars-Disaccharides",24.2191008406819,23.734342034572,23.9318145226917,23.9341344921045,24.4254899356523,23.8577263366904,23.9702142098737,25.3054043253002,23.0087809634019,23.652051246744,23.3458059841303,24.1482249159073,24.5321328989647,24.9698335635605,24.6888410963938,24.9654410359181,24.7625518944407,24.0580858784853,24.113638270999,23.8866392547266,23.430176884708,22.9548917463836,24.699576977465,25.0568384353722,23.6176093895329,24.8262833613048,25.3509854031058,24.8616893782673,26.0107835526286,24.7308737747688,24.7616807097074,24.482379788014,24.2575882621112,24.9347652550212,24.0363551763978,24.2952150043561,24.0058918348172,24.5985356689374,23.8451335182609,23.6914552874138,24.3559679965234,24.9771727488606,24.0652212858505,24.6139610002934,24.069141016317,24.3792677232991,24.851484948748,24.6756697971041,24.4422062660234,23.9266485659506,24.417020449561,24.8900203906146,24.4555480601724,24.051741987527,24.3043487267421,24.835316270605,24.8176379993831,25.3626734365835,24.3886490369627,25.3533219609628,24.2781867094019,24.327533325944,23.7515493682215,24.1597472156272,24.5803441826103,24.3033013203711,24.0007325729283,24.2662993726209,23.5880807433392,24.3510455416289,24.2669817401422,24.5588954318007,23.8295904442298,24.5844237797491,24.3906335036178,24.0632574323276,24.0655054103202,24.4079501446121,24.3380561707432,23.9282761210032,24.2358246803881,24.4398047691517,24.0449892283388,24.1793553288381,24.7508692111665,24.7339832465913,23.700460026434,24.5531939304909,24.4881660337644,24.481976475864,23.9516093409191,24.1541124397569,24.6739135422301,24.0201869704323,24.5299893498129,23.4711482586384,24.0952798352908
"Sugars-Trisaccharides",20.9354639806491,20.484753840149,20.5033366581116,20.9224485922437,21.2108856119845,21.5897391644907,20.4536103542195,22.2641123925362,19.65452227527,20.0073465794349,19.4364292535915,20.7015683709713,20.723947729463,20.5132279588148,20.4939825533603,21.1936294650053,19.7209058973122,19.9404811426576,19.722397890273,19.2670317558949,20.287217278764,19.7983437045619,21.3168221840715,21.9867320786089,20.6733560732737,21.693576154587,22.1296736184203,21.4558123039381,22.9170319615278,21.404125056375,21.219497123338,20.9923414456749,20.7475066121606,21.7970733781481,20.5068017913528,20.8846855336977,20.6513539675465,21.7477969914644,20.3896398536377,20.8232093808372,21.0331493431888,21.6784532894688,20.3965102694853,20.992646249484,20.9717662016412,21.9023062939925,21.1355621292448,21.3856921936668,21.1737349737558,20.553732096395,20.9187824769422,21.4935800353518,21.6769647345334,20.3022684565676,20.863568542008,21.6974795816105,21.2068595589758,21.8365278300809,20.8038614827485,22.4954473373105,21.0197848860804,20.8839849371671,20.3301265913487,20.9822486406239,21.5791079108141,21.1100663715579,20.4757897054844,20.6866628216605,20.405082980473,20.851591129294,20.3354739139819,21.0083204389887,20.6307683798996,21.0817241966206,20.6350720998203,20.9356131016581,20.5457210916112,20.9624411759365,21.1058225978264,20.5155566627875,20.9658412496237,21.1501318154899,20.597557892085,20.88519189995,21.4362809605003,21.2694551304617,20.1418731762637,21.4224604529835,21.6445521202215,21.6325381810142,20.8452618162648,20.6182898153615,21.2409995838138,20.4104641338411,21.4514180376384,19.9278464940391,20.8566571005894
"Thymidine",21.1640872012904,23.5541661203773,23.2363764612618,21.5796698302531,19.6821104913404,20.7142903693835,23.5220513806454,22.97356917334,22.259358656221,22.805794742112,21.6404129632386,21.9313720254465,22.9852032191553,23.2686797943198,23.334472637343,22.7076495201685,22.7495349842601,21.7152939918218,22.4983832030151,22.5578048582706,22.2002495879065,22.2372556680427,23.3387720547931,22.8629716064349,21.329582635829,22.5845303293129,21.7233007156734,22.6766764455117,22.4017490468103,22.4836359216405,22.6664434417063,22.3283453395062,23.2415397289777,23.6898976521546,23.0287626449577,23.6971793810008,23.7859055578795,22.5185184021569,23.1273511412304,22.1177857966156,23.2908336398201,23.2260632568381,22.7103388120714,22.177608945174,22.6207283707028,21.1253757640592,21.7559720742938,23.115236033369,21.6627312105788,23.0811421443879,22.8365040775739,22.9067398164467,22.7800269189485,22.006406349113,22.0146800424911,23.4003323094573,22.9119847784385,22.5193630910498,22.0063591471755,22.1310743316324,21.4573954313963,22.8492092646507,23.5214840662596,23.4994425431198,20.8837664843205,22.0460604576303,23.4128018584221,23.3570167714594,23.5828604322647,22.7575928817826,23.1197029639278,24.0049255440608,22.9605100120597,22.9484159041758,23.6473387559812,23.3812132571239,23.7599890787064,23.4994319609197,23.6932153802232,22.8995077964377,23.1478204345855,23.0862884358704,21.4819835310911,21.9153689179297,21.9147673238945,23.3244200036543,23.3259919420402,22.1710407744293,21.5314449629486,22.2307724072735,23.5191511389362,23.1250864338122,22.8041934455258,23.0013643629821,22.4327621311931,21.8686915259289,23.563256629129
"Thymine",23.5867803361544,23.6095492721419,23.2974366399651,23.4731430134334,24.2939465425748,23.7823191801259,23.5264190231841,23.1528979926941,23.3523107430525,23.5570255121074,23.3779732417572,23.1981069596989,23.1392916695905,23.0970907006117,23.2238895606943,22.688432947384,23.9873669471915,23.0953549188222,23.0893900565155,23.7021904254037,23.4429515349011,23.4669990714181,23.4393148969942,23.6659660381526,23.4376858967511,23.0873962460375,22.5415972883361,22.7331545126196,22.7260718834066,22.6409740319749,22.6024410858323,22.5518052892926,23.36016862282,23.3636675378158,22.8805046671283,23.5961444807856,23.5063972506542,23.1479863298305,23.612496262067,22.9343852648476,23.475695399197,23.3181864989116,23.1162935673612,22.5826489186713,23.1929418817607,23.5398315258075,22.6444657773736,23.0638456154944,23.5549683952529,23.0887063143183,22.9006900612099,22.7427162213494,23.3657113066948,24.5560933759731,23.3362596034886,23.4237516295164,24.0568625708784,23.4687886025176,25.2014076051831,23.5437649838002,22.929800104113,23.4746166876611,23.501463585721,23.3630530483308,22.5455070754861,23.4217317869886,22.8700585892981,23.3198891576415,23.0321682512738,22.656171487288,23.1946603940618,23.5702027142172,23.2076448133931,23.290199784104,22.8807233007545,22.9297452821619,23.4082207609948,23.5408598542744,23.3949333975469,22.9018522490029,23.2190161676976,22.9713098497754,24.1129064429638,24.3206735343171,23.1973928335423,22.8439937324208,23.4055319785798,22.5039036741044,23.0612048481441,22.5230781357601,23.3672257293537,23.0067644751971,23.0061260156316,22.9581314659713,23.0006012583109,23.5720978271123,23.700561198795
"Tiglylcarnitine",18.2198127178501,20.0761006333174,19.2202038010396,19.0149726548708,18.0319710434545,18.4306993787644,19.9489642802904,18.3981229619363,19.4379026578339,18.2018341377529,18.8599074153245,18.9166871388349,20.2177698530936,19.18965156782,20.3735763996308,18.8004361008698,18.2265946863994,17.5149948521583,17.0863181569095,19.4448466622787,18.9160140868151,19.7533133282092,18.366137959886,17.6346065907757,16.2151547658206,19.57780316869,17.7642185864938,17.7944311187728,18.8335808599495,18.7507960127308,19.5806373210828,22.6211720597032,17.6921800958821,17.650883581311,20.3156077037553,17.2729286343868,18.3690568053383,19.6559333837057,18.1228663586207,18.4868851562523,18.4302317978424,18.4544202647794,19.6793535020508,19.6205152419834,16.9065119161653,18.9644204299481,22.1149717523919,17.1170414653452,21.591319336397,22.060390535854,21.0775112408401,18.9449648408246,18.2612129863407,17.810730607177,16.8122537721023,18.273883704366,19.0436309578547,18.1157786888365,18.6524032354266,18.9282435975234,18.3781316917705,19.1426291882328,19.2197884673156,19.038060708208,18.1495536478655,15.6620505657301,16.6273181689129,20.6585648509111,19.129779541754,18.7777081302114,19.8305208755781,17.1749089709096,19.5612418536147,19.1638499257498,19.6055820273349,18.3766355197701,19.7542882562481,19.6724265642154,18.09141911041,19.867363536955,17.9655505007092,18.0914488362718,18.8497794052563,16.4702170657789,18.5195923521867,18.0145213334821,19.1840849692313,19.9737310662278,20.8746560221121,19.9370059192748,18.3966023466959,21.4655068810354,21.464076669025,21.8322571296854,20.6691925854438,18.3402694201484,19.3879472842175
"Uracil",24.1908183359037,24.2455430290083,24.211070826399,24.127456802441,24.4908300020772,23.6499932898151,24.5219331798416,24.3292918080717,23.3228568087586,24.4866001826632,23.7953011177328,23.3696303151,24.4509015233526,23.5361539771776,23.6409213236959,24.1422945761937,24.958163923667,24.0738718871585,24.2887926949434,24.0763491545943,24.6140967803067,23.8148806498107,23.8071065877585,25.2636093561448,24.4286950028766,23.8876633317077,23.801550695772,23.8345752856527,23.6060007030761,23.9874196011071,24.1789299138914,23.866528833629,24.3315463272073,24.3259546962183,24.217007496326,24.2498227299181,24.0018076219675,24.5398218515012,24.0607411325368,23.7430895678855,24.1679129653774,24.614833861692,24.7047099229025,24.3058479960643,24.8804628015507,23.9392356619016,23.6980758963628,25.0413911462293,23.5753537386658,23.749815795315,23.596111844736,23.8196862209028,24.3752006464006,24.0330559911858,24.6289556284642,24.2834699587665,24.9785734142133,25.4184887853293,24.708376343767,25.2619726447183,24.1886577379357,24.2166129185951,24.5828411592005,24.9086464029937,24.4209500654876,25.0187547287988,24.6819420102912,24.680844665447,24.3582923491235,24.1366312063846,23.0810357118788,24.1412212767026,24.4218469590853,24.7823617587513,24.6619155058373,23.9042783983825,24.0684018450736,24.5139562383452,24.2263401232858,24.5284599374602,24.3975498441168,23.9173400853289,24.2360258365467,24.3279583338017,24.4716129726001,24.2722200235738,24.4946697335437,24.0657560261842,23.9511033957717,24.1300413490206,24.2622823916948,23.6742509348624,23.6211866288086,23.6516840382179,23.5741719244065,24.5557377996172,24.4058199820229
"Uridine",21.0662903966368,21.7509972076364,21.7958521515938,20.6620321604524,21.1194273055153,20.1814434192976,21.8222762353865,22.1108543659804,21.6041376943772,22.1978495458362,21.8563598849718,21.5475600803759,21.749736128169,21.9083337238292,21.942113275583,21.9685718611263,22.1822823715862,22.0414627402481,22.0287994386921,21.5757143078239,21.3733148781009,21.6473614386099,21.9603189277975,21.5151071935907,21.6024877079758,22.2224513211909,22.0662626952599,21.9041210294835,22.5214436141887,21.8410469408301,21.8690698636666,21.6670077769612,21.0026882731758,22.1298553456309,21.5378262543653,21.6836234318547,21.4536338667398,22.1859838344079,21.3371048502941,21.2059504410889,21.6891713675551,21.9152028663279,21.6090823689473,21.8985515451625,22.4133213346489,21.6525216506056,21.5070609771799,22.1036822622006,21.448031878246,21.7545428793615,21.7908548261663,22.0476584419506,21.8133632060624,21.203453856962,21.4673999618866,22.3443961029177,21.9610797691142,21.7447161286879,20.7886584057658,21.8738603475991,21.2343330383225,22.0302860262276,21.8332412043826,21.8973139015066,21.8970744005501,21.9508487363205,21.4934431225972,21.8895142702105,21.3352654592837,21.9996188255006,21.8966544093284,21.7107831372969,21.83978930817,22.4936514072404,21.9529969188946,21.600414232738,21.6707936759454,21.9570547817068,21.9155208589781,21.4278783571973,21.7929846992665,21.8035967314726,21.002059200709,21.1476288100953,22.0259563347333,21.7142596220413,21.7288677398236,21.9663131685264,21.5874285769454,21.5898031372914,21.5689328268146,21.4138579583789,21.9635619160213,21.6072471439645,21.8554638880512,21.1041607908151,22.0708981613483
"gamma-Glutamylleucine",20.7089365861194,20.410808049913,20.253780560816,21.389602428171,21.7371848400083,21.875187122913,20.0973301573892,21.5532174436516,20.5217790662294,20.6414581992185,21.089338581745,21.4859542847379,20.8703064502842,20.2932880371012,20.8277029257492,20.9362914167758,21.1274926547397,21.5294828802009,21.0662898878707,20.6883694679828,21.3883271018992,21.0033601183583,21.341928942358,22.1176229753723,23.3809814509953,21.8102408889259,21.7006977745869,21.0539700750832,23.2999586930116,20.9013637714737,20.8401995129373,21.4454983325749,20.9131287341933,21.2668532805724,20.3953087643884,20.3311903138023,20.1546181882179,21.8461507988134,20.3410601093321,20.8448585108153,20.1923735585181,21.185686386747,20.2214488048561,20.8003290540067,20.5903002722804,20.7101704302862,21.3461292493946,21.2851157019378,21.1167022541613,20.7554422582043,20.6947662340253,21.5715083926746,22.9808676994898,22.8597108917959,21.5069995315162,21.9023663610026,21.4897709511528,22.2227521298863,22.8380437803282,22.7807590174559,21.3414243837678,20.6272983060089,20.6582739669606,21.1199212070149,22.2013565375352,21.8201927305316,19.7805911479187,20.661025604756,20.7701612184621,20.4522283415903,20.2012677203644,20.0172794015566,20.7859118790915,21.0760470407805,19.8791063029705,19.5071897558895,20.0255629744828,20.9574002469646,20.2611403510948,20.5695580701482,20.7778870968687,19.7761783793751,20.5154910002342,21.7859676087684,20.1864736058263,20.386335071852,20.0465102966492,21.1455498066835,20.984624067932,20.898772884511,20.0267898950838,20.7304957333519,21.1940636173166,20.2841839545921,21.4414449540289,20.9398748295998,21.1840527027564
