"","Harvest","Sample","Zone","Isotope.Loc","Isotope.Treatment","Treatment","Clay.ug.13C","Timepoint","Timepoint.num"
"1","H1","25","Rhizo","Rhizo.13C","Rhizo.13C","Normal",6.17,"4weeks",4
"2","H1","26","Rhizo","Rhizo.13C","Rhizo.13C","Normal",3.76,"4weeks",4
"3","H1","27","Rhizo","Rhizo.13C","Rhizo.13C","Normal",15.41,"4weeks",4
"4","H1","28","Rhizo","Rhizo.13C","Rhizo.13C","Normal",7.81,"4weeks",4
"5","H1","29","Rhizo","Rhizo.13C","Rhizo.13C","Normal",9.6,"4weeks",4
"6","H1","30","Rhizo","Rhizo.13C","Rhizo.13C","Normal",6.72,"4weeks",4
"7","H1","31","Detritus","Detritus.13C","Detritus.13C","Normal",78.2,"4weeks",4
"8","H1","32","Detritus","Detritus.13C","Detritus.13C","Normal",61.14,"4weeks",4
"9","H1","33","Detritus","Detritus.13C","Detritus.13C","Normal",75.43,"4weeks",4
"10","H1","34","Detritus","Detritus.13C","Detritus.13C","Normal",53.51,"4weeks",4
"11","H1","35","Detritus","Detritus.13C","Detritus.13C","Normal",50.9,"4weeks",4
"12","H1","36","Detritus","Detritus.13C","Detritus.13C","Normal",56.25,"4weeks",4
"13","H1","37","Rhizo.Detritus","Rhizo.13C","Rhizo.13C.Detritus.12C","Normal",1.73,"4weeks",4
"14","H1","38","Rhizo.Detritus","Rhizo.13C","Rhizo.13C.Detritus.12C","Normal",2,"4weeks",4
"15","H1","39","Rhizo.Detritus","Rhizo.13C","Rhizo.13C.Detritus.12C","Normal",6.91,"4weeks",4
"16","H1","40","Rhizo.Detritus","Rhizo.13C","Rhizo.13C.Detritus.12C","Normal",1.7,"4weeks",4
"17","H1","41","Rhizo.Detritus","Rhizo.13C","Rhizo.13C.Detritus.12C","Normal",8.75,"4weeks",4
"18","H1","42","Rhizo.Detritus","Rhizo.13C","Rhizo.13C.Detritus.12C","Normal",4.23,"4weeks",4
"19","H1","43","Rhizo.Detritus","Detritus.13C","Detritus.13C.Rhizo.12C","Normal",46.02,"4weeks",4
"20","H1","44","Rhizo.Detritus","Detritus.13C","Detritus.13C.Rhizo.12C","Normal",44.1,"4weeks",4
"21","H1","45","Rhizo.Detritus","Detritus.13C","Detritus.13C.Rhizo.12C","Normal",45.98,"4weeks",4
"22","H1","46","Rhizo.Detritus","Detritus.13C","Detritus.13C.Rhizo.12C","Normal",44.37,"4weeks",4
"23","H1","47","Rhizo.Detritus","Detritus.13C","Detritus.13C.Rhizo.12C","Normal",42.45,"4weeks",4
"24","H1","48","Rhizo.Detritus","Detritus.13C","Detritus.13C.Rhizo.12C","Normal",56.37,"4weeks",4
"25","H1","49","Rhizo","Rhizo.13C","Rhizo.13C","Drought",8.27,"4weeks",4
"26","H1","50","Rhizo","Rhizo.13C","Rhizo.13C","Drought",4.85,"4weeks",4
"27","H1","51","Rhizo","Rhizo.13C","Rhizo.13C","Drought",9.48,"4weeks",4
"28","H1","52","Rhizo","Rhizo.13C","Rhizo.13C","Drought",5.52,"4weeks",4
"29","H1","53","Rhizo","Rhizo.13C","Rhizo.13C","Drought",16.08,"4weeks",4
"30","H1","54","Rhizo","Rhizo.13C","Rhizo.13C","Drought",9.13,"4weeks",4
"31","H1","55","Detritus","Detritus.13C","Detritus.13C","Drought",52.24,"4weeks",4
"32","H1","56","Detritus","Detritus.13C","Detritus.13C","Drought",49.51,"4weeks",4
"33","H1","57","Detritus","Detritus.13C","Detritus.13C","Drought",49.64,"4weeks",4
"34","H1","58","Detritus","Detritus.13C","Detritus.13C","Drought",43.16,"4weeks",4
"35","H1","59","Detritus","Detritus.13C","Detritus.13C","Drought",42.63,"4weeks",4
"36","H1","60","Detritus","Detritus.13C","Detritus.13C","Drought",44.41,"4weeks",4
"37","H1","61","Rhizo.Detritus","Rhizo.13C","Rhizo.13C.Detritus.12C","Drought",1.92,"4weeks",4
"38","H1","62","Rhizo.Detritus","Rhizo.13C","Rhizo.13C.Detritus.12C","Drought",2.02,"4weeks",4
"39","H1","63","Rhizo.Detritus","Rhizo.13C","Rhizo.13C.Detritus.12C","Drought",24.88,"4weeks",4
"40","H1","64","Rhizo.Detritus","Rhizo.13C","Rhizo.13C.Detritus.12C","Drought",0.83,"4weeks",4
"41","H1","65","Rhizo.Detritus","Rhizo.13C","Rhizo.13C.Detritus.12C","Drought",2.51,"4weeks",4
"42","H1","66","Rhizo.Detritus","Rhizo.13C","Rhizo.13C.Detritus.12C","Drought",3.08,"4weeks",4
"43","H1","67","Rhizo.Detritus","Detritus.13C","Detritus.13C.Rhizo.12C","Drought",42.64,"4weeks",4
"44","H1","68","Rhizo.Detritus","Detritus.13C","Detritus.13C.Rhizo.12C","Drought",55.86,"4weeks",4
"45","H1","69","Rhizo.Detritus","Detritus.13C","Detritus.13C.Rhizo.12C","Drought",47.46,"4weeks",4
"46","H1","70","Rhizo.Detritus","Detritus.13C","Detritus.13C.Rhizo.12C","Drought",51.13,"4weeks",4
"47","H1","71","Rhizo.Detritus","Detritus.13C","Detritus.13C.Rhizo.12C","Drought",48.25,"4weeks",4
"48","H1","72","Rhizo.Detritus","Detritus.13C","Detritus.13C.Rhizo.12C","Drought",42.95,"4weeks",4
"49","H2","97","Rhizo","Rhizo.13C","Rhizo.13C","Normal",NA,"8weeks",8
"50","H2","98","Rhizo","Rhizo.13C","Rhizo.13C","Normal",NA,"8weeks",8
"51","H2","99","Rhizo","Rhizo.13C","Rhizo.13C","Normal",16.62,"8weeks",8
"52","H2","100","Rhizo","Rhizo.13C","Rhizo.13C","Normal",20.09,"8weeks",8
"53","H2","101","Rhizo","Rhizo.13C","Rhizo.13C","Normal",NA,"8weeks",8
"54","H2","102","Rhizo","Rhizo.13C","Rhizo.13C","Normal",8.18,"8weeks",8
"55","H2","103","Detritus","Detritus.13C","Detritus.13C","Normal",49.31,"8weeks",8
"56","H2","104","Detritus","Detritus.13C","Detritus.13C","Normal",55.13,"8weeks",8
"57","H2","105","Detritus","Detritus.13C","Detritus.13C","Normal",54.94,"8weeks",8
"58","H2","106","Detritus","Detritus.13C","Detritus.13C","Normal",69.04,"8weeks",8
"59","H2","107","Detritus","Detritus.13C","Detritus.13C","Normal",57.59,"8weeks",8
"60","H2","108","Detritus","Detritus.13C","Detritus.13C","Normal",61.17,"8weeks",8
"61","H2","109","Rhizo.Detritus","Rhizo.13C","Rhizo.13C.Detritus.12C","Normal",1.44,"8weeks",8
"62","H2","110","Rhizo.Detritus","Rhizo.13C","Rhizo.13C.Detritus.12C","Normal",1.16,"8weeks",8
"63","H2","111","Rhizo.Detritus","Rhizo.13C","Rhizo.13C.Detritus.12C","Normal",0.56,"8weeks",8
"64","H2","112","Rhizo.Detritus","Rhizo.13C","Rhizo.13C.Detritus.12C","Normal",0.72,"8weeks",8
"65","H2","113","Rhizo.Detritus","Rhizo.13C","Rhizo.13C.Detritus.12C","Normal",25.47,"8weeks",8
"66","H2","114","Rhizo.Detritus","Rhizo.13C","Rhizo.13C.Detritus.12C","Normal",68.16,"8weeks",8
"67","H2","115","Rhizo.Detritus","Detritus.13C","Detritus.13C.Rhizo.12C","Normal",47.45,"8weeks",8
"68","H2","116","Rhizo.Detritus","Detritus.13C","Detritus.13C.Rhizo.12C","Normal",52.68,"8weeks",8
"69","H2","117","Rhizo.Detritus","Detritus.13C","Detritus.13C.Rhizo.12C","Normal",55.67,"8weeks",8
"70","H2","118","Rhizo.Detritus","Detritus.13C","Detritus.13C.Rhizo.12C","Normal",55.03,"8weeks",8
"71","H2","119","Rhizo.Detritus","Detritus.13C","Detritus.13C.Rhizo.12C","Normal",6.08,"8weeks",8
"72","H2","120","Rhizo.Detritus","Detritus.13C","Detritus.13C.Rhizo.12C","Normal",59.05,"8weeks",8
"73","H2","121","Rhizo","Rhizo.13C","Rhizo.13C","Drought",NA,"8weeks",8
"74","H2","122","Rhizo","Rhizo.13C","Rhizo.13C","Drought",4.89,"8weeks",8
"75","H2","123","Rhizo","Rhizo.13C","Rhizo.13C","Drought",NA,"8weeks",8
"76","H2","124","Rhizo","Rhizo.13C","Rhizo.13C","Drought",NA,"8weeks",8
"77","H2","125","Rhizo","Rhizo.13C","Rhizo.13C","Drought",47.14,"8weeks",8
"78","H2","126","Rhizo","Rhizo.13C","Rhizo.13C","Drought",NA,"8weeks",8
"79","H2","127","Detritus","Detritus.13C","Detritus.13C","Drought",56.52,"8weeks",8
"80","H2","128","Detritus","Detritus.13C","Detritus.13C","Drought",47.88,"8weeks",8
"81","H2","129","Detritus","Detritus.13C","Detritus.13C","Drought",8.15,"8weeks",8
"82","H2","130","Detritus","Detritus.13C","Detritus.13C","Drought",57.34,"8weeks",8
"83","H2","131","Detritus","Detritus.13C","Detritus.13C","Drought",50.34,"8weeks",8
"84","H2","132","Detritus","Detritus.13C","Detritus.13C","Drought",48.08,"8weeks",8
"85","H2","133","Rhizo.Detritus","Rhizo.13C","Rhizo.13C.Detritus.12C","Drought",0.65,"8weeks",8
"86","H2","134","Rhizo.Detritus","Rhizo.13C","Rhizo.13C.Detritus.12C","Drought",1.95,"8weeks",8
"87","H2","135","Rhizo.Detritus","Rhizo.13C","Rhizo.13C.Detritus.12C","Drought",2.62,"8weeks",8
"88","H2","136","Rhizo.Detritus","Rhizo.13C","Rhizo.13C.Detritus.12C","Drought",0.65,"8weeks",8
"89","H2","137","Rhizo.Detritus","Rhizo.13C","Rhizo.13C.Detritus.12C","Drought",1.59,"8weeks",8
"90","H2","138","Rhizo.Detritus","Rhizo.13C","Rhizo.13C.Detritus.12C","Drought",0.69,"8weeks",8
"91","H2","139","Rhizo.Detritus","Detritus.13C","Detritus.13C.Rhizo.12C","Drought",54.81,"8weeks",8
"92","H2","140","Rhizo.Detritus","Detritus.13C","Detritus.13C.Rhizo.12C","Drought",50.41,"8weeks",8
"93","H2","141","Rhizo.Detritus","Detritus.13C","Detritus.13C.Rhizo.12C","Drought",54.6,"8weeks",8
"94","H2","142","Rhizo.Detritus","Detritus.13C","Detritus.13C.Rhizo.12C","Drought",46.93,"8weeks",8
"95","H2","143","Rhizo.Detritus","Detritus.13C","Detritus.13C.Rhizo.12C","Drought",57.85,"8weeks",8
"96","H2","144","Rhizo.Detritus","Detritus.13C","Detritus.13C.Rhizo.12C","Drought",55.05,"8weeks",8
"97","H3","169","Rhizo","Rhizo.13C","Rhizo.13C","Normal",45.4,"12weeks",12
"98","H3","170","Rhizo","Rhizo.13C","Rhizo.13C","Normal",43.31,"12weeks",12
"99","H3","171","Rhizo","Rhizo.13C","Rhizo.13C","Normal",13.98,"12weeks",12
"100","H3","172","Rhizo","Rhizo.13C","Rhizo.13C","Normal",26.72,"12weeks",12
"101","H3","173","Rhizo","Rhizo.13C","Rhizo.13C","Normal",41.06,"12weeks",12
"102","H3","174","Rhizo","Rhizo.13C","Rhizo.13C","Normal",41.95,"12weeks",12
"103","H3","175","Detritus","Detritus.13C","Detritus.13C","Normal",83.62,"12weeks",12
"104","H3","176","Detritus","Detritus.13C","Detritus.13C","Normal",95.11,"12weeks",12
"105","H3","177","Detritus","Detritus.13C","Detritus.13C","Normal",85.28,"12weeks",12
"106","H3","178","Detritus","Detritus.13C","Detritus.13C","Normal",87.51,"12weeks",12
"107","H3","179","Detritus","Detritus.13C","Detritus.13C","Normal",85.5,"12weeks",12
"108","H3","180","Detritus","Detritus.13C","Detritus.13C","Normal",97.35,"12weeks",12
"109","H3","181","Rhizo.Detritus","Rhizo.13C","Rhizo.13C.Detritus.12C","Normal",15.3,"12weeks",12
"110","H3","182","Rhizo.Detritus","Rhizo.13C","Rhizo.13C.Detritus.12C","Normal",6.26,"12weeks",12
"111","H3","183","Rhizo.Detritus","Rhizo.13C","Rhizo.13C.Detritus.12C","Normal",28.11,"12weeks",12
"112","H3","184","Rhizo.Detritus","Rhizo.13C","Rhizo.13C.Detritus.12C","Normal",27.81,"12weeks",12
"113","H3","185","Rhizo.Detritus","Rhizo.13C","Rhizo.13C.Detritus.12C","Normal",107.76,"12weeks",12
"114","H3","186","Rhizo.Detritus","Rhizo.13C","Rhizo.13C.Detritus.12C","Normal",7.4,"12weeks",12
"115","H3","187","Rhizo.Detritus","Detritus.13C","Detritus.13C.Rhizo.12C","Normal",76.16,"12weeks",12
"116","H3","188","Rhizo.Detritus","Detritus.13C","Detritus.13C.Rhizo.12C","Normal",73.88,"12weeks",12
"117","H3","189","Rhizo.Detritus","Detritus.13C","Detritus.13C.Rhizo.12C","Normal",5.68,"12weeks",12
"118","H3","190","Rhizo.Detritus","Detritus.13C","Detritus.13C.Rhizo.12C","Normal",73.99,"12weeks",12
"119","H3","191","Rhizo.Detritus","Detritus.13C","Detritus.13C.Rhizo.12C","Normal",77.42,"12weeks",12
"120","H3","192","Rhizo.Detritus","Detritus.13C","Detritus.13C.Rhizo.12C","Normal",85.35,"12weeks",12
"121","H3","193","Rhizo","Rhizo.13C","Rhizo.13C","Drought",5.56,"12weeks",12
"122","H3","194","Rhizo","Rhizo.13C","Rhizo.13C","Drought",9.2,"12weeks",12
"123","H3","195","Rhizo","Rhizo.13C","Rhizo.13C","Drought",9.47,"12weeks",12
"124","H3","196","Rhizo","Rhizo.13C","Rhizo.13C","Drought",8.42,"12weeks",12
"125","H3","197","Rhizo","Rhizo.13C","Rhizo.13C","Drought",13.9,"12weeks",12
"126","H3","198","Rhizo","Rhizo.13C","Rhizo.13C","Drought",10.63,"12weeks",12
"127","H3","199","Detritus","Detritus.13C","Detritus.13C","Drought",46.31,"12weeks",12
"128","H3","200","Detritus","Detritus.13C","Detritus.13C","Drought",58.27,"12weeks",12
"129","H3","201","Detritus","Detritus.13C","Detritus.13C","Drought",105.99,"12weeks",12
"130","H3","202","Detritus","Detritus.13C","Detritus.13C","Drought",83.39,"12weeks",12
"131","H3","203","Detritus","Detritus.13C","Detritus.13C","Drought",110.92,"12weeks",12
"132","H3","204","Detritus","Detritus.13C","Detritus.13C","Drought",98.01,"12weeks",12
"133","H3","205","Rhizo.Detritus","Rhizo.13C","Rhizo.13C.Detritus.12C","Drought",5.51,"12weeks",12
"134","H3","206","Rhizo.Detritus","Rhizo.13C","Rhizo.13C.Detritus.12C","Drought",3.03,"12weeks",12
"135","H3","207","Rhizo.Detritus","Rhizo.13C","Rhizo.13C.Detritus.12C","Drought",3.07,"12weeks",12
"136","H3","208","Rhizo.Detritus","Rhizo.13C","Rhizo.13C.Detritus.12C","Drought",1.1,"12weeks",12
"137","H3","209","Rhizo.Detritus","Rhizo.13C","Rhizo.13C.Detritus.12C","Drought",2.6,"12weeks",12
"138","H3","210","Rhizo.Detritus","Rhizo.13C","Rhizo.13C.Detritus.12C","Drought",1.03,"12weeks",12
"139","H3","211","Rhizo.Detritus","Detritus.13C","Detritus.13C.Rhizo.12C","Drought",52.21,"12weeks",12
"140","H3","212","Rhizo.Detritus","Detritus.13C","Detritus.13C.Rhizo.12C","Drought",53.3,"12weeks",12
"141","H3","213","Rhizo.Detritus","Detritus.13C","Detritus.13C.Rhizo.12C","Drought",56.01,"12weeks",12
"142","H3","214","Rhizo.Detritus","Detritus.13C","Detritus.13C.Rhizo.12C","Drought",48.55,"12weeks",12
"143","H3","215","Rhizo.Detritus","Detritus.13C","Detritus.13C.Rhizo.12C","Drought",49.92,"12weeks",12
"144","H3","216","Rhizo.Detritus","Detritus.13C","Detritus.13C.Rhizo.12C","Drought",45.66,"12weeks",12
"145","H1","38R","Rhizo","Rhizo.13C","Rhizo.13C.Detritus.12C","Normal",NA,"4weeks",4
"146","H1","39R","Rhizo","Rhizo.13C","Rhizo.13C.Detritus.12C","Normal",NA,"4weeks",4
"147","H1","40R","Rhizo","Rhizo.13C","Rhizo.13C.Detritus.12C","Normal",NA,"4weeks",4
"148","H1","41R","Rhizo","Rhizo.13C","Rhizo.13C.Detritus.12C","Normal",NA,"4weeks",4
"149","H1","42R","Rhizo","Rhizo.13C","Rhizo.13C","Normal",4.15,"4weeks",4
"150","H1","61R","Rhizo","Rhizo.13C","Rhizo.13C.Detritus.12C","Drought",NA,"4weeks",4
"151","H1","62R","Rhizo","Rhizo.13C","Rhizo.13C.Detritus.12C","Drought",NA,"4weeks",4
"152","H1","63R","Rhizo","Rhizo.13C","Rhizo.13C.Detritus.12C","Drought",NA,"4weeks",4
"153","H1","66R","Rhizo","Rhizo.13C","Rhizo.13C","Drought",10.4,"4weeks",4
"154","H2","109R","Rhizo","Rhizo.13C","Rhizo.13C","Normal",21.97,"8weeks",8
"155","H2","112R","Rhizo","Rhizo.13C","Rhizo.13C","Normal",1.01,"8weeks",8
"156","H2","114R","Rhizo","Rhizo.13C","Rhizo.13C","Normal",0.85,"8weeks",8
"157","H2","133R","Rhizo","Rhizo.13C","Rhizo.13C","Drought",11.02,"8weeks",8
"158","H2","134R","Rhizo","Rhizo.13C","Rhizo.13C","Drought",14.79,"8weeks",8
"159","H2","136R","Rhizo","Rhizo.13C","Rhizo.13C","Drought",7.7,"8weeks",8
"160","H2","137R","Rhizo","Rhizo.13C","Rhizo.13C","Drought",17.36,"8weeks",8
"161","H2","138R","Rhizo","Rhizo.13C","Rhizo.13C","Drought",21.4,"8weeks",8
"162","H3","206R","Rhizo","Rhizo.13C","Rhizo.13C","Drought",13.93,"12weeks",12
"163","H3","208R","Rhizo","Rhizo.13C","Rhizo.13C","Drought",12.66,"12weeks",12
"164","H3","209R","Rhizo","Rhizo.13C","Rhizo.13C","Drought",22.59,"12weeks",12
"165","","","","","",NA,NA,NA,NA
"166","","","","","",NA,NA,NA,NA
"167","","","","","",NA,NA,NA,NA
"168","","","","","",NA,NA,NA,NA
"169","","","","","",NA,NA,NA,NA
"170","","","","","",NA,NA,NA,NA
"171","","","","","",NA,NA,NA,NA
"172","","","","","",NA,NA,NA,NA
"173","","","","","",NA,NA,NA,NA
"174","","","","","",NA,NA,NA,NA
"175","","","","","",NA,NA,NA,NA
"176","","","","","",NA,NA,NA,NA
"177","","","","","",NA,NA,NA,NA
"178","","","","","",NA,NA,NA,NA
"179","","","","","",NA,NA,NA,NA
"180","","","","","",NA,NA,NA,NA
"181","","","","","",NA,NA,NA,NA
"182","","","","","",NA,NA,NA,NA
"183","","","","","",NA,NA,NA,NA
"184","","","","","",NA,NA,NA,NA
"185","","","","","",NA,NA,NA,NA
"186","H2","109R","Rhizo","Rhizo.13C","Rhizo.13C","Normal",NA,"8weeks",8
"187","H2","112R","Rhizo","Rhizo.13C","Rhizo.13C","Normal",NA,"8weeks",8
"188","H2","114R","Rhizo","Rhizo.13C","Rhizo.13C","Normal",NA,"8weeks",8
"189","H2","133R","Rhizo","Rhizo.13C","Rhizo.13C","Drought",NA,"8weeks",8
"190","H2","134R","Rhizo","Rhizo.13C","Rhizo.13C","Drought",NA,"8weeks",8
"191","H2","136R","Rhizo","Rhizo.13C","Rhizo.13C","Drought",NA,"8weeks",8
"192","H2","137R","Rhizo","Rhizo.13C","Rhizo.13C","Drought",NA,"8weeks",8
"193","H2","138R","Rhizo","Rhizo.13C","Rhizo.13C","Drought",NA,"8weeks",8
"194","H1","42R","Rhizo","Rhizo.13C","Rhizo.13C","Normal",NA,"4weeks",4
"195","H1","66R","Rhizo","Rhizo.13C","Rhizo.13C","Drought",NA,"4weeks",4
"196","H1","38R","Rhizo","Rhizo.13C","Rhizo.13C","Normal",NA,"4weeks",4
"197","H1","39R","Rhizo","Rhizo.13C","Rhizo.13C","Normal",NA,"4weeks",4
"198","H1","40R","Rhizo","Rhizo.13C","Rhizo.13C","Normal",NA,"4weeks",4
"199","H1","41R","Rhizo","Rhizo.13C","Rhizo.13C","Normal",NA,"4weeks",4
"200","H1","61R","Rhizo","Rhizo.13C","Rhizo.13C","Drought",NA,"4weeks",4
"201","H1","62R","Rhizo","Rhizo.13C","Rhizo.13C","Drought",NA,"4weeks",4
"202","H1","63R","Rhizo","Rhizo.13C","Rhizo.13C","Drought",NA,"4weeks",4
