KO,Enzyme,Root_Exudate_Class,Compound_Class,Role,Tier,Tier_Justification,Module_Color_Control,Module_Color_Drought,Source,KEGG_Level4
K00003,Homoserine dehydrogenase (hom/HSD),Homoserine,Amino acids,Amino acid catabolism,1,Homoserine confirmed dominant early-stage Avena barbata exudate (Zhalnina 2018),turquoise,turquoise,New_Addition,"K00003  hom, HSD; homoserine dehydrogenase"
K00033,6-phosphogluconate dehydrogenase (PGD/gnd/gntZ),Gluconate,Organic acids,Phosphate solubilization,2,Gluconate from periplasmic glucose oxidation; pentose phosphate pathway processing,blue,blue,Added,"K00033  PGD, gnd, gntZ; 6-phosphogluconate dehydrogenase"
K00130,Betaine-aldehyde dehydrogenase (betB),Betaine/Quaternary amines,Quaternary amines,Quaternary amine catabolism,1,Quaternary amines including betaine confirmed in Avena barbata exudates (Zhalnina 2018),blue,black,New_Addition,K00130  betB; betaine-aldehyde dehydrogenase
K00239,Succinate dehydrogenase flavoprotein subunit (sdhA/frdA),Succinate,Organic acids,Organic acid catabolism,2,Succinate documented in grass root exudates; TCA enzyme,turquoise,turquoise,Original,"K00239  sdhA, frdA; succinate dehydrogenase flavoprotein subunit"
K00240,Succinate dehydrogenase iron-sulfur subunit (sdhB/frdB),Succinate,Organic acids,Organic acid catabolism,2,Succinate oxidation; subunit pairs with sdhA,turquoise,turquoise,Added,"K00240  sdhB, frdB; succinate dehydrogenase iron-sulfur subunit"
K00241,Nicotinate dehydrogenase subunit (ndh),Nicotinate,Aromatics/Phenolics,Aromatic acid catabolism,1,Nicotinic acid specifically preferred substrate for Avena barbata rhizosphere bacteria (Zhalnina 2018),turquoise,turquoise,New_Addition,K00241  ndh; nicotinate dehydrogenase (hydroxylating) subunit
K00294,1-pyrroline-5-carboxylate dehydrogenase (E1.2.1.88),Proline,Amino acids,Proline catabolism (step 2),2,Proline abundant in root exudates; increases under drought (Gargallo-Garriga 2018),turquoise,turquoise,Added,K00294  E1.2.1.88; 1-pyrroline-5-carboxylate dehydrogenase
K00480,Salicylate hydroxylase (nahH/salA),Salicylate,Aromatics/Phenolics,Aromatic acid catabolism,1,Salicylic acid confirmed preferred substrate in Avena barbata rhizosphere (Zhalnina 2018),NA,NA,New_Addition,"K00480  nahH, salA; salicylate hydroxylase"
K00763,Nicotinate phosphoribosyltransferase (pncB),Nicotinate,Aromatics/Phenolics,Nicotinate salvage/catabolism,1,Nicotinic acid specifically consumed by Avena rhizosphere bacteria (Zhalnina 2018),blue,brown,New_Addition,K00763  pncB; nicotinate phosphoribosyltransferase
K00800,Shikimate kinase (aroK),Shikimate,Aromatics/Phenolics,Aromatic acid catabolism,1,Shikimic acid confirmed preferred substrate in Avena barbata rhizosphere (Zhalnina 2018),blue,blue,New_Addition,K00800  aroK; shikimate kinase
K00823,4-aminobutyrate aminotransferase (puuE),GABA,Amino acids,GABA catabolism,2,GABA among most abundant amino acids in root exudates across plant species including grasses,blue,blue,Added,K00823  puuE; 4-aminobutyrate aminotransferase
K00847,Fructokinase (scrK),Fructose,Simple sugars,Fructose catabolism,2,Fructose confirmed dominant early-stage Avena barbata exudate (Zhalnina 2018),turquoise,turquoise,Original,"K00847  E2.7.1.4, scrK; fructokinase"
K00882,1-phosphofructokinase (fruK),Fructose,Simple sugars,Fructose catabolism,2,Acts on fructose-1-phosphate from PTS; dedicated fructose catabolism,turquoise,turquoise,Original,K00882  fruK; 1-phosphofructokinase
K00928,Homoserine kinase (thrB),Homoserine,Amino acids,Amino acid catabolism,1,Homoserine confirmed as dominant early-stage Avena barbata exudate (Zhalnina 2018),turquoise,blue,New_Addition,K00928  thrB; homoserine kinase
K01488,Adenosine deaminase (add),Nucleosides/Adenosine,Nucleosides,Nucleoside catabolism,2,Nucleosides confirmed in Avena barbata exudates (Zhalnina 2018),blue,blue,New_Addition,K01488  add; adenosine deaminase
K01783,Ribulose-phosphate 3-epimerase (rpe/RPE),Arabinose,Mucilage sugars,Arabinose catabolism,2,Arabinose from root mucilage; pentose phosphate pathway processing,blue,blue,Added,"K01783  rpe, RPE; ribulose-phosphate 3-epimerase"
K01805,Xylose isomerase (xylA),Xylose,Mucilage sugars,Xylose catabolism,2,Xylose from root mucilage and cell wall turnover; pentose catabolism,blue,blue,Added,K01805  xylA; xylose isomerase
K01902,Succinyl-CoA synthetase alpha subunit (sucD),Succinate,Organic acids,Organic acid catabolism,2,Succinate in root exudates; TCA enzyme,turquoise,turquoise,Original,K01902  sucD; succinyl-CoA synthetase alpha subunit
K01904,4-coumarate-CoA ligase (4CL),Coumarins/Phenylpropanoids,Aromatics/Phenolics,Aromatic acid activation,1,Cinnamic acid confirmed in Avena barbata exudates (Zhalnina 2018); coumarins in Avena fatua exudates (Iannucci 2012),blue,blue,Added,K01904  4CL; 4-coumarate--CoA ligase
K01958,Pyruvate carboxylase (PC/pyc),Pyruvate/Anaplerosis,Organic acids,Anaplerosis/Central metabolism,2,Anaplerotic TCA replenishment when growing on exudate carbon sources,turquoise,turquoise,Original,"K01958  PC, pyc; pyruvate carboxylase"
K02768,Fructose PTS EIIA (fruB),Fructose,Simple sugars,Fructose uptake,1,Dedicated fructose PTS; strongly rhizosphere-enriched; fructose dominant in Avena exudates (Zhalnina 2018),turquoise,turquoise,Original,K02768  fruB; fructose PTS system EIIA component
K02770,Fructose PTS EIIBC/EIIC (fruA),Fructose,Simple sugars,Fructose uptake,1,Dedicated fructose PTS; strongly rhizosphere-enriched; fructose dominant in Avena exudates (Zhalnina 2018),turquoise,turquoise,Original,K02770  fruA; fructose PTS system EIIBC or EIIC component
K10546,ABC sugar transport substrate-binding protein (chvE),Fructose,Simple sugars,Fructose uptake,1,Dedicated fructose ABC transporter; rhizosphere-enriched,blue,blue,Original,K10546  chvE; putative multiple sugar transport system substrate-binding protein
K10548,ABC sugar transport ATP-binding protein (gguA),Fructose,Simple sugars,Fructose uptake,1,Dedicated fructose ABC transporter; rhizosphere-enriched,blue,blue,Original,K10548  gguA; putative multiple sugar transport system ATP-binding protein
K10552,Fructose ABC transport substrate-binding protein (frcB),Fructose,Simple sugars,Fructose uptake,1,Dedicated fructose ABC transporter; rhizosphere-enriched,turquoise,turquoise,Original,K10552  frcB; fructose transport system substrate-binding protein
K10553,Fructose ABC transport permease (frcC),Fructose,Simple sugars,Fructose uptake,1,Dedicated fructose ABC transporter; rhizosphere-enriched,turquoise,turquoise,Original,K10553  frcC; fructose transport system permease protein
K10554,Fructose ABC transport ATP-binding protein (frcA),Fructose,Simple sugars,Fructose uptake,1,Dedicated fructose ABC transporter; rhizosphere-enriched,turquoise,turquoise,Original,K10554  frcA; fructose transport system ATP-binding protein
K11103,C4-dicarboxylate transporter (dctA),Malate/Succinate/Fumarate,Organic acids,Organic acid uptake,1,Aerobic C4-dicarboxylate transport; takes up malate succinate fumarate from root exudates; Avena rhizosphere-enriched,turquoise,turquoise,New_Addition,K11103  dctA; aerobic C4-dicarboxylate transport protein
