"","Class","term","df","sumsq","meansq","statistic","p.value","p.fdr"
"1","Amino sugar","Zone",3,15.6406856745967,5.21356189153222,12.2222584381242,1.14992449971924e-05,1.47847435678188e-05
"2","Amino sugar","Timepoint",2,4.67433458105267,2.33716729052633,5.47906848182602,0.00836853749151189,0.0188292093559017
"3","Amino sugar","Zone:Timepoint",6,10.9852142457341,1.83086904095568,4.29214326989499,0.00231314988522625,0.00416366979340725
"4","Amino sugar","Residuals",36,15.3562640689804,0.426562890805011,NA,NA,NA
"5","Carbohydrate","Zone",3,4.89919102541966,1.63306367513989,24.8723068317803,6.81640647315362e-09,1.22695316516765e-08
"6","Carbohydrate","Timepoint",2,0.144330691902164,0.0721653459510818,1.09911123150977,0.344086986288257,0.516130479432385
"7","Carbohydrate","Zone:Timepoint",6,1.80524694668766,0.30087449111461,4.58245613736849,0.00149778415254223,0.00337001434322001
"8","Carbohydrate","Residuals",36,2.36368474796706,0.0656579096657516,NA,NA,NA
"9","Cond. HC","Zone",3,558.528599879536,186.176199959845,41.5078001322282,8.93005960065287e-12,2.0092634101469e-11
"10","Cond. HC","Timepoint",2,7.99270355166543,3.99635177583272,0.890982686321436,0.419105337741124,0.538849719952874
"11","Cond. HC","Zone:Timepoint",6,149.468251367411,24.9113752279019,5.55396653386261,0.000370871909645182,0.00111261572893555
"12","Cond. HC","Residuals",36,161.471896299088,4.48533045275245,NA,NA,NA
"13","Lignin","Zone",3,1179.79572227524,393.265240758414,110.664205087784,3.13469293793311e-18,2.8212236441398e-17
"14","Lignin","Timepoint",2,58.7383597386506,29.3691798693253,8.26443989316511,0.00111244489340398,0.00500600202031792
"15","Lignin","Zone:Timepoint",6,39.7986289883813,6.63310483139688,1.8665450117454,0.113696265345028,0.113696265345028
"16","Lignin","Residuals",36,127.932502258274,3.55368061828538,NA,NA,NA
"17","Lipid","Zone",3,7.8892697446733,2.62975658155777,42.9015574652446,5.64054320209423e-12,1.69216296062827e-11
"18","Lipid","Timepoint",2,4.56540220783752,2.28270110391876,37.2397328606502,1.71544515601822e-09,1.54390064041639e-08
"19","Lipid","Zone:Timepoint",6,8.24749753488889,1.37458292248148,22.424793478281,8.41798800058348e-11,7.57618920052514e-10
"20","Lipid","Residuals",36,2.20670862620255,0.0612974618389597,NA,NA,NA
"21","Other","Zone",3,1.05177149188825,0.350590497296084,105.173804981478,7.13057756684207e-18,3.20875990507893e-17
"22","Other","Timepoint",2,0.0499181020826743,0.0249590510413372,7.48747723338154,0.00190994902523882,0.00572984707571645
"23","Other","Zone:Timepoint",6,0.058603466300527,0.00976724438342117,2.93008014738295,0.0197112920010822,0.0295669380016232
"24","Other","Residuals",36,0.120003815635289,0.00333343932320246,NA,NA,NA
"25","Protein","Zone",3,24.4597633113013,8.15325443710045,1.10583150026061,0.359409825537404,0.359409825537404
"26","Protein","Timepoint",2,25.9316424833161,12.965821241658,1.75856324200188,0.186770631520168,0.336187136736302
"27","Protein","Zone:Timepoint",6,124.679483152285,20.7799138587141,2.8183939916194,0.023652931025185,0.030410911318095
"28","Protein","Residuals",36,265.426658280618,7.37296273001717,NA,NA,NA
"29","Tannin","Zone",3,34.7884265763265,11.5961421921088,20.5500658516971,6.23684819612225e-08,9.35527229418337e-08
"30","Tannin","Timepoint",2,0.793824273895771,0.396912136947885,0.703386558778782,0.501580442116053,0.56427799738056
"31","Tannin","Zone:Timepoint",6,9.2008818744124,1.53348031240207,2.71755217209981,0.0279025157293021,0.0313903301954649
"32","Tannin","Residuals",36,20.3143445830585,0.564287349529402,NA,NA,NA
"33","Unsat. HC","Zone",3,0.209277013820642,0.0697590046068805,3.37874772223231,0.0286212350123568,0.0321988893889014
"34","Unsat. HC","Timepoint",2,0.00408383893004211,0.00204191946502106,0.0988995009361304,0.906078987081385,0.906078987081385
"35","Unsat. HC","Zone:Timepoint",6,1.13983360465004,0.189972267441674,9.20122598541999,4.03028246663599e-06,1.81362710998619e-05
"36","Unsat. HC","Residuals",36,0.74327069444193,0.0206464081789425,NA,NA,NA
