"","Timepoint","term","contrast","null.value","estimate","std.error","df","statistic","adj.p.value","Class","p.fdr"
"1","4weeks","Zone","Bulk - Detritus",0,0.394860319188351,0.578357525524347,37,0.68272703606712,0.903009342610486,"Amino sugar",0.999999996584526
"2","4weeks","Zone","Bulk - RhizoDet",0,-0.439757243854213,0.578357525524347,37,-0.760355358833661,0.871638600426972,"Amino sugar",0.999999996584526
"3","4weeks","Zone","Bulk - Rhizosphere",0,-0.732708828921097,0.578357525524347,37,-1.26687869801091,0.589284619572975,"Amino sugar",0.90060479595115
"4","4weeks","Zone","Detritus - RhizoDet",0,-0.834617563042564,0.578357525524347,37,-1.44308239490078,0.481376272045279,"Amino sugar",0.829606820729922
"5","4weeks","Zone","Detritus - Rhizosphere",0,-1.12756914810945,0.578357525524347,37,-1.94960573407803,0.225552644812007,"Amino sugar",0.474539330643444
"6","4weeks","Zone","RhizoDet - Rhizosphere",0,-0.292951585066884,0.578357525524347,37,-0.506523339177251,0.957024527804764,"Amino sugar",0.999999996584526
"7","8weeks","Zone","Bulk - Detritus",0,-0.0631257032894947,0.578357525524347,37,-0.109146506276138,0.999525881997581,"Amino sugar",0.999999996584526
"8","8weeks","Zone","Bulk - RhizoDet",0,0.708823553019245,0.548678124766772,37,1.29187500106833,0.57378687415665,"Amino sugar",0.88527117727026
"9","8weeks","Zone","Bulk - Rhizosphere",0,-2.42065692246527,0.578357525524347,37,-4.18539885042676,0.000930974482524771,"Amino sugar",0.00396889121497403
"10","8weeks","Zone","Detritus - RhizoDet",0,0.77194925630874,0.548678124766772,37,1.40692552056249,0.503139144952076,"Amino sugar",0.829606820729922
"11","8weeks","Zone","Detritus - Rhizosphere",0,-2.35753121917578,0.578357525524347,37,-4.07625234415063,0.00127952069318382,"Amino sugar",0.00531493211014818
"12","8weeks","Zone","RhizoDet - Rhizosphere",0,-3.12948047548451,0.548678124766772,37,-5.70367276226799,9.18399375859913e-06,"Amino sugar",6.16196041473494e-05
"13","12weeks","Zone","Bulk - Detritus",0,-0.988470051454917,0.578357525524346,37,-1.70909862469371,0.33354780677207,"Amino sugar",0.643270770203277
"14","12weeks","Zone","Bulk - RhizoDet",0,-3.53712682744804,0.578357525524347,37,-6.1158136124212,2.55568396556605e-06,"Amino sugar",1.97152763057952e-05
"15","12weeks","Zone","Bulk - Rhizosphere",0,-3.6542300339314,0.578357525524347,37,-6.31828907321371,1.36425866226197e-06,"Amino sugar",1.16321001729705e-05
"16","12weeks","Zone","Detritus - RhizoDet",0,-2.54865677599312,0.578357525524347,37,-4.40671498772749,0.000484437226041745,"Amino sugar",0.00230820090055184
"17","12weeks","Zone","Detritus - Rhizosphere",0,-2.66575998247649,0.578357525524347,37,-4.60919044852001,0.000264252554701638,"Amino sugar",0.00133777855817704
"18","12weeks","Zone","RhizoDet - Rhizosphere",0,-0.117103206483364,0.578357525524347,37,-0.20247546079252,0.997008640167711,"Amino sugar",0.999999996584526
"19","4weeks","Zone","Bulk - Detritus",0,-0.375136008934474,0.265876120631943,37,-1.41094284075922,0.500707612435537,"Carbohydrate",0.829606820729922
"20","4weeks","Zone","Bulk - RhizoDet",0,-0.585591603678431,0.265876120631943,37,-2.20249792379465,0.14139600761874,"Carbohydrate",0.34692869020338
"21","4weeks","Zone","Bulk - Rhizosphere",0,-0.583592839272914,0.265876120631943,37,-2.19498027083369,0.143482853355719,"Carbohydrate",0.34692869020338
"22","4weeks","Zone","Detritus - RhizoDet",0,-0.210455594743957,0.265876120631943,37,-0.791555083035435,0.857813268661433,"Carbohydrate",0.999999996584526
"23","4weeks","Zone","Detritus - Rhizosphere",0,-0.20845683033844,0.265876120631943,37,-0.784037430074477,0.861205748379104,"Carbohydrate",0.999999996584526
"24","4weeks","Zone","RhizoDet - Rhizosphere",0,0.00199876440551683,0.265876120631943,37,0.00751765296095829,0.999999844335401,"Carbohydrate",0.999999996584526
"25","8weeks","Zone","Bulk - Detritus",0,-0.404562332719849,0.265876120631943,37,-1.5216196616615,0.435227227292589,"Carbohydrate",0.78340900912666
"26","8weeks","Zone","Bulk - RhizoDet",0,-0.192709744369964,0.252232234993988,37,-0.764017114523674,0.870050988226476,"Carbohydrate",0.999999996584526
"27","8weeks","Zone","Bulk - Rhizosphere",0,-1.42630445231011,0.265876120631943,37,-5.36454514576196,2.62535384012441e-05,"Carbohydrate",0.00016357973926929
"28","8weeks","Zone","Detritus - RhizoDet",0,0.211852588349885,0.252232234993988,37,0.839910839924699,0.835098908663947,"Carbohydrate",0.999999996584526
"29","8weeks","Zone","Detritus - Rhizosphere",0,-1.02174211959026,0.265876120631943,37,-3.84292548410047,0.00249823791015558,"Carbohydrate",0.00919805776011826
"30","8weeks","Zone","RhizoDet - Rhizosphere",0,-1.23359470794015,0.252232234993988,37,-4.89070997594559,0.0001125667001729,"Carbohydrate",0.000588251788000317
"31","12weeks","Zone","Bulk - Detritus",0,-0.35504978958114,0.265876120631943,37,-1.33539555465623,0.546882745647772,"Carbohydrate",0.87361097895715
"32","12weeks","Zone","Bulk - RhizoDet",0,-1.40914129894105,0.265876120631943,37,-5.29999194960329,3.20451673688771e-05,"Carbohydrate",0.000192271004213262
"33","12weeks","Zone","Bulk - Rhizosphere",0,-1.51348810609565,0.265876120631943,37,-5.69245595466921,9.50919817088725e-06,"Carbohydrate",6.16196041473494e-05
"34","12weeks","Zone","Detritus - RhizoDet",0,-1.05409150935991,0.265876120631943,37,-3.96459639494706,0.0017658012245596,"Carbohydrate",0.00697706825313795
"35","12weeks","Zone","Detritus - Rhizosphere",0,-1.15843831651451,0.265876120631943,37,-4.35706040001298,0.000561411622369667,"Carbohydrate",0.00259853379496818
"36","12weeks","Zone","RhizoDet - Rhizosphere",0,-0.104346807154603,0.265876120631943,37,-0.392464005065922,0.979180726312811,"Carbohydrate",0.999999996584526
"37","4weeks","Zone","Bulk - Detritus",0,0.385633821463697,1.65100759883025,37,0.233574831355665,0.995432750778362,"Cond. HC",0.999999996584526
"38","4weeks","Zone","Bulk - RhizoDet",0,0.743186557473497,1.65100759883025,37,0.450141209525654,0.969187661398137,"Cond. HC",0.999999996584526
"39","4weeks","Zone","Bulk - Rhizosphere",0,-1.4140112610391,1.65100759883025,37,-0.856453514835989,0.826987654772312,"Cond. HC",0.999999996584526
"40","4weeks","Zone","Detritus - RhizoDet",0,0.357552736009799,1.65100759883025,37,0.21656637816999,0.996348342369667,"Cond. HC",0.999999996584526
"41","4weeks","Zone","Detritus - Rhizosphere",0,-1.79964508250279,1.65100759883025,37,-1.09002834619165,0.697728621429746,"Cond. HC",0.999999996584526
"42","4weeks","Zone","RhizoDet - Rhizosphere",0,-2.15719781851259,1.65100759883025,37,-1.30659472436164,0.564672140606869,"Cond. HC",0.880785950278546
"43","8weeks","Zone","Bulk - Detritus",0,1.54297253245513,1.65100759883025,37,0.934564161635797,0.786556880572914,"Cond. HC",0.999999996584526
"44","8weeks","Zone","Bulk - RhizoDet",0,-2.33528430360752,1.56628333396474,37,-1.49097181395412,0.45303182669137,"Cond. HC",0.797729955695674
"45","8weeks","Zone","Bulk - Rhizosphere",0,-0.827595644164773,1.65100759883025,37,-0.501267010976284,0.958261560954721,"Cond. HC",0.999999996584526
"46","8weeks","Zone","Detritus - RhizoDet",0,-3.87825683606265,1.56628333396474,37,-2.47608893739908,0.0805370804773611,"Cond. HC",0.228894860304079
"47","8weeks","Zone","Detritus - Rhizosphere",0,-2.3705681766199,1.65100759883025,37,-1.43583117261208,0.48571788453816,"Cond. HC",0.829606820729922
"48","8weeks","Zone","RhizoDet - Rhizosphere",0,1.50768865944275,1.56628333396474,37,0.962589990424226,0.771273912583068,"Cond. HC",0.999999996584526
"49","12weeks","Zone","Bulk - Detritus",0,1.88074396781227,1.65100759883025,37,1.13914918934642,0.668063177192576,"Cond. HC",0.983874860956339
"50","12weeks","Zone","Bulk - RhizoDet",0,2.59795310372212,1.65100759883025,37,1.57355611540661,0.405739547736488,"Cond. HC",0.743103151397111
"51","12weeks","Zone","Bulk - Rhizosphere",0,3.01274408986438,1.65100759883025,37,1.82479117116052,0.278201123695243,"Cond. HC",0.577802333828582
"52","12weeks","Zone","Detritus - RhizoDet",0,0.717209135909856,1.65100759883025,37,0.434406926060185,0.972153797813407,"Cond. HC",0.999999996584526
"53","12weeks","Zone","Detritus - Rhizosphere",0,1.13200012205211,1.65100759883025,37,0.6856419818141,0.901912340612765,"Cond. HC",0.999999996584526
"54","12weeks","Zone","RhizoDet - Rhizosphere",0,0.414790986142257,1.65100759883025,37,0.251235055753916,0.994336045896786,"Cond. HC",0.999999996584526
"55","4weeks","Zone","Bulk - Detritus",0,-4.10300990023685,1.74801695176521,37,-2.34723690527914,0.105722881056668,"Lignin",0.276243656954521
"56","4weeks","Zone","Bulk - RhizoDet",0,0.533987101775492,1.74801695176521,37,0.305481649497879,0.989940798841384,"Lignin",0.999999996584526
"57","4weeks","Zone","Bulk - Rhizosphere",0,1.90896183277212,1.74801695176521,37,1.09207283764862,0.696505262048018,"Lignin",0.999999996584526
"58","4weeks","Zone","Detritus - RhizoDet",0,4.63699700201234,1.74801695176521,37,2.65271855477702,0.0544247730083202,"Lignin",0.160305695042688
"59","4weeks","Zone","Detritus - Rhizosphere",0,6.01197173300897,1.74801695176521,37,3.43930974292776,0.00762456181408067,"Lignin",0.0257328961225222
"60","4weeks","Zone","RhizoDet - Rhizosphere",0,1.37497473099663,1.74801695176521,37,0.78659118815074,0.860057624293712,"Lignin",0.999999996584526
"61","8weeks","Zone","Bulk - Detritus",0,-3.52814848483514,1.74801695176521,37,-2.01837200793293,0.199733102513243,"Lignin",0.431837217190858
"62","8weeks","Zone","Bulk - RhizoDet",0,-2.78123651346185,1.65831448684883,37,-1.67714660609812,0.34988943315291,"Lignin",0.666848096126722
"63","8weeks","Zone","Bulk - Rhizosphere",0,10.0753791088369,1.74801695176521,37,5.76389096150492,7.61875096011444e-06,"Lignin",5.36625067625452e-05
"64","8weeks","Zone","Detritus - RhizoDet",0,0.74691197137329,1.65831448684883,37,0.450404297433711,0.969136502538498,"Lignin",0.999999996584526
"65","8weeks","Zone","Detritus - Rhizosphere",0,13.603527593672,1.74801695176521,37,7.78226296943785,1.56265348438822e-08,"Lignin",2.51337685936386e-07
"66","8weeks","Zone","RhizoDet - Rhizosphere",0,12.8566156222987,1.65831448684883,37,7.75282114716927,1.70661391685201e-08,"Lignin",2.51337685936386e-07
"67","12weeks","Zone","Bulk - Detritus",0,1.93543071512432,1.74801695176521,37,1.10721507201052,0.687411707577284,"Lignin",0.999999996584526
"68","12weeks","Zone","Bulk - RhizoDet",0,12.5731278475349,1.74801695176521,37,7.19279514700249,9.26733433326277e-08,"Lignin",1.00087210799238e-06
"69","12weeks","Zone","Bulk - Rhizosphere",0,12.8150023439142,1.74801695176521,37,7.3311659426261,6.08493855303038e-08,"Lignin",7.61121338570365e-07
"70","12weeks","Zone","Detritus - RhizoDet",0,10.6376971324106,1.74801695176521,37,6.08558007499197,2.80702561816781e-06,"Lignin",2.06699159155994e-05
"71","12weeks","Zone","Detritus - Rhizosphere",0,10.8795716287899,1.74801695176521,37,6.22395087061558,1.82749683941275e-06,"Lignin",1.48027243992432e-05
"72","12weeks","Zone","RhizoDet - Rhizosphere",0,0.241874496379314,1.74801695176521,37,0.138370795623612,0.999036794663309,"Lignin",0.999999996584526
"73","4weeks","Zone","Bulk - Detritus",0,-0.353249709800388,0.251835170119191,37,-1.40270205163639,0.505698820050362,"Lipid",0.829606820729922
"74","4weeks","Zone","Bulk - RhizoDet",0,-0.567578542838547,0.251835170119191,37,-2.25376996616445,0.127796549005444,"Lipid",0.321871179787614
"75","4weeks","Zone","Bulk - Rhizosphere",0,-0.973329879663343,0.251835170119191,37,-3.86494816908486,0.00234693408531217,"Lipid",0.00884193771675747
"76","4weeks","Zone","Detritus - RhizoDet",0,-0.214328833038159,0.251835170119192,37,-0.851067914528059,0.829646713342349,"Lipid",0.999999996584526
"77","4weeks","Zone","Detritus - Rhizosphere",0,-0.620080169862955,0.251835170119191,37,-2.46224611744847,0.0829738484053798,"Lipid",0.231754542097785
"78","4weeks","Zone","RhizoDet - Rhizosphere",0,-0.405751336824796,0.251835170119191,37,-1.61117820292042,0.384972723815995,"Lipid",0.716845761588404
"79","8weeks","Zone","Bulk - Detritus",0,-0.0320724786365075,0.251835170119191,37,-0.127355041876509,0.999248120314896,"Lipid",0.999999996584526
"80","8weeks","Zone","Bulk - RhizoDet",0,0.047693936516526,0.238911819753787,37,0.199629874175658,0.997131673274896,"Lipid",0.999999996584526
"81","8weeks","Zone","Bulk - Rhizosphere",0,-1.82415620821053,0.251835170119191,37,-7.24345295912074,7.94305985429844e-08,"Lipid",9.19125497425962e-07
"82","8weeks","Zone","Detritus - RhizoDet",0,0.0797664151530335,0.238911819753787,37,0.33387387545429,0.986962457835352,"Lipid",0.999999996584526
"83","8weeks","Zone","Detritus - Rhizosphere",0,-1.79208372957402,0.251835170119191,37,-7.11609791724423,1.17088870599247e-07,"Lipid",1.18552481481737e-06
"84","8weeks","Zone","RhizoDet - Rhizosphere",0,-1.87185014472706,0.238911819753787,37,-7.83489969921167,1.33516082634344e-08,"Lipid",2.40328948741819e-07
"85","12weeks","Zone","Bulk - Detritus",0,-0.251030830715134,0.251835170119191,37,-0.996806087872173,0.752129894312466,"Lipid",0.999999996584526
"86","12weeks","Zone","Bulk - RhizoDet",0,-3.59589239363338,0.251835170119191,37,-14.2787538052428,0,"Lipid",0
"87","12weeks","Zone","Bulk - Rhizosphere",0,-3.02679241393982,0.251835170119191,37,-12.0189424396412,0,"Lipid",0
"88","12weeks","Zone","Detritus - RhizoDet",0,-3.34486156291825,0.251835170119191,37,-13.2819477173707,0,"Lipid",0
"89","12weeks","Zone","Detritus - Rhizosphere",0,-2.77576158322468,0.251835170119191,37,-11.022136351769,1.55830903736387e-12,"Lipid",6.31115160132367e-11
"90","12weeks","Zone","RhizoDet - Rhizosphere",0,0.569099979693566,0.251835170119191,37,2.25981136560162,0.126265551099139,"Lipid",0.321871179787614
"91","4weeks","Zone","Bulk - Detritus",0,-0.188993834921904,0.0372904558875162,37,-5.06815565602065,6.5410354995632e-05,"Other",0.000365395776182496
"92","4weeks","Zone","Bulk - RhizoDet",0,-0.145205195960805,0.0372904558875162,37,-3.8938970442948,0.0021614093179777,"Other",0.00833686451219971
"93","4weeks","Zone","Bulk - Rhizosphere",0,-0.296258202395923,0.0372904558875162,37,-7.94461197496655,9.62750679178725e-09,"Other",1.94957012533692e-07
"94","4weeks","Zone","Detritus - RhizoDet",0,0.0437886389610988,0.0372904558875163,37,1.17425861172585,0.646574168541654,"Other",0.969861252812481
"95","4weeks","Zone","Detritus - Rhizosphere",0,-0.107264367474019,0.0372904558875162,37,-2.8764563189459,0.0321914700972578,"Other",0.102255257955995
"96","4weeks","Zone","RhizoDet - Rhizosphere",0,-0.151053006435118,0.0372904558875162,37,-4.05071493067175,0.00137775436386567,"Other",0.00557990517365596
"97","8weeks","Zone","Bulk - Detritus",0,-0.0838473491966105,0.0372904558875162,37,-2.24849354080115,0.129145843741944,"Other",0.321871179787614
"98","8weeks","Zone","Bulk - RhizoDet",0,-0.159628230516609,0.0353768326771761,37,-4.51222504776681,0.000353564453088762,"Other",0.00173568004243574
"99","8weeks","Zone","Bulk - Rhizosphere",0,-0.394956956146738,0.0372904558875162,37,-10.5913684010218,5.33861843621253e-12,"Other",1.72971237333286e-10
"100","8weeks","Zone","Detritus - RhizoDet",0,-0.075780881319999,0.0353768326771761,37,-2.14210475006402,0.158851409713121,"Other",0.374260023027608
"101","8weeks","Zone","Detritus - Rhizosphere",0,-0.311109606950128,0.0372904558875162,37,-8.34287486022068,2.96975033453606e-09,"Other",6.87285077421202e-08
"102","8weeks","Zone","RhizoDet - Rhizosphere",0,-0.235328725630129,0.0353768326771761,37,-6.65205751395473,4.86278892042336e-07,"Other",4.37651002838102e-06
"103","12weeks","Zone","Bulk - Detritus",0,-0.0896317164923228,0.0372904558875162,37,-2.40361010234603,0.0939972147486816,"Other",0.258094047276041
"104","12weeks","Zone","Bulk - RhizoDet",0,-0.350175616386276,0.0372904558875162,37,-9.39048901527388,1.46977097159606e-10,"Other",3.96838162330937e-09
"105","12weeks","Zone","Bulk - Rhizosphere",0,-0.273336508465959,0.0372904558875162,37,-7.32993206868957,6.1077638280338e-08,"Other",7.61121338570365e-07
"106","12weeks","Zone","Detritus - RhizoDet",0,-0.260543899893953,0.0372904558875162,37,-6.98687891292786,1.73807652603664e-07,"Other",1.65628468951726e-06
"107","12weeks","Zone","Detritus - Rhizosphere",0,-0.183704791973636,0.0372904558875162,37,-4.92632196634354,0.000100974380836227,"Other",0.000545261656515628
"108","12weeks","Zone","RhizoDet - Rhizosphere",0,0.0768391079203173,0.0372904558875162,37,2.06055694658431,0.185001382211584,"Other",0.422115829834882
"109","4weeks","Zone","Bulk - Detritus",0,2.57469765115635,2.44509486661501,37,1.05300521722527,0.719678549693138,"Protein",0.999999996584526
"110","4weeks","Zone","Bulk - RhizoDet",0,-2.38261532599603,2.44509486661501,37,-0.974446987120184,0.764697713923454,"Protein",0.999999996584526
"111","4weeks","Zone","Bulk - Rhizosphere",0,1.90067358075186,2.44509486661501,37,0.777341446625812,0.864194958774235,"Protein",0.999999996584526
"112","4weeks","Zone","Detritus - RhizoDet",0,-4.95731297715238,2.44509486661502,37,-2.02745220434546,0.19649159348329,"Protein",0.431837217190858
"113","4weeks","Zone","Detritus - Rhizosphere",0,-0.674024070404486,2.44509486661501,37,-0.275663770599463,0.992556633298593,"Protein",0.999999996584526
"114","4weeks","Zone","RhizoDet - Rhizosphere",0,4.28328890674789,2.44509486661501,37,1.751788433746,0.312413731859195,"Protein",0.617207616599873
"115","8weeks","Zone","Bulk - Detritus",0,0.715783989467491,2.44509486661501,37,0.292742829425846,0.99112036135336,"Protein",0.999999996584526
"116","8weeks","Zone","Bulk - RhizoDet",0,3.74369926074763,2.31962066210671,37,1.61392736403182,0.383476068621696,"Protein",0.716845761588404
"117","8weeks","Zone","Bulk - Rhizosphere",0,-4.35377654145059,2.44509486661501,37,-1.78061661365227,0.298608158108852,"Protein",0.597216316217704
"118","8weeks","Zone","Detritus - RhizoDet",0,3.02791527128014,2.31962066210671,37,1.30534932747588,0.565442832277585,"Protein",0.880785950278546
"119","8weeks","Zone","Detritus - Rhizosphere",0,-5.06956053091808,2.44509486661501,37,-2.07335944307812,0.180694726218346,"Protein",0.418179223533887
"120","8weeks","Zone","RhizoDet - Rhizosphere",0,-8.09747580219822,2.31962066210671,37,-3.49086207692424,0.00663409705381313,"Protein",0.0228664621854835
"121","12weeks","Zone","Bulk - Detritus",0,-4.35784158571374,2.44509486661501,37,-1.78227914393634,0.297823647581315,"Protein",0.597216316217704
"122","12weeks","Zone","Bulk - RhizoDet",0,-7.78687475690012,2.44509486661501,37,-3.18469228463117,0.0149092566687796,"Protein",0.049291828170251
"123","12weeks","Zone","Bulk - Rhizosphere",0,-9.25598309160999,2.44509486661501,37,-3.78553127651196,0.0029378953742526,"Protein",0.0103465011006287
"124","12weeks","Zone","Detritus - RhizoDet",0,-3.42903317118638,2.44509486661501,37,-1.40241314069484,0.505874041369236,"Protein",0.829606820729922
"125","12weeks","Zone","Detritus - Rhizosphere",0,-4.89814150589625,2.44509486661501,37,-2.00325213257563,0.205217146200985,"Protein",0.437436548481047
"126","12weeks","Zone","RhizoDet - Rhizosphere",0,-1.46910833470987,2.44509486661501,37,-0.600838991880792,0.931145520946348,"Protein",0.999999996584526
"127","4weeks","Zone","Bulk - Detritus",0,1.78100309132751,0.710873259785378,37,2.50537359059647,0.0755817100136471,"Tannin",0.218647089682336
"128","4weeks","Zone","Bulk - RhizoDet",0,3.00863594508151,0.710873259785379,37,4.23230991413272,0.000811324309724859,"Tannin",0.00365095939376187
"129","4weeks","Zone","Bulk - Rhizosphere",0,0.826099519745925,0.710873259785379,37,1.16209114406038,0.654043050272875,"Tannin",0.972063982974364
"130","4weeks","Zone","Detritus - RhizoDet",0,1.227632853754,0.710873259785379,37,1.72693632353625,0.324618232419241,"Tannin",0.6335922126737
"131","4weeks","Zone","Detritus - Rhizosphere",0,-0.954903571581585,0.710873259785378,37,-1.34328244653609,0.542024924199931,"Tannin",0.87361097895715
"132","4weeks","Zone","RhizoDet - Rhizosphere",0,-2.18253642533558,0.710873259785378,37,-3.07021877007234,0.0199578932607638,"Tannin",0.0646635741648747
"133","8weeks","Zone","Bulk - Detritus",0,2.00272032574853,0.710873259785378,37,2.81726777337662,0.0370977268889987,"Tannin",0.115573687615727
"134","8weeks","Zone","Bulk - RhizoDet",0,1.05817344138658,0.674393588589112,37,1.56907399371984,0.4082480276194,"Tannin",0.743103151397111
"135","8weeks","Zone","Bulk - Rhizosphere",0,1.43763768617603,0.710873259785378,37,2.02235443011329,0.198306644273051,"Tannin",0.431837217190858
"136","8weeks","Zone","Detritus - RhizoDet",0,-0.944546884361959,0.674393588589112,37,-1.40058698710056,0.506981946001619,"Tannin",0.829606820729922
"137","8weeks","Zone","Detritus - Rhizosphere",0,-0.565082639572501,0.710873259785378,37,-0.794913343263335,0.856285434480647,"Tannin",0.999999996584526
"138","8weeks","Zone","RhizoDet - Rhizosphere",0,0.379464244789458,0.674393588589112,37,0.562674751376758,0.942461633882215,"Tannin",0.999999996584526
"139","12weeks","Zone","Bulk - Detritus",0,1.92995880809068,0.710873259785378,37,2.71491265359082,0.047178309158934,"Tannin",0.144205397806553
"140","12weeks","Zone","Bulk - RhizoDet",0,1.43442768946319,0.710873259785378,37,2.0178388618757,0.19992463758836,"Tannin",0.431837217190858
"141","12weeks","Zone","Bulk - Rhizosphere",0,1.89582257804675,0.710873259785379,37,2.66689251839227,0.0526924894056034,"Tannin",0.15807746821681
"142","12weeks","Zone","Detritus - RhizoDet",0,-0.495531118627485,0.710873259785378,37,-0.697073791715126,0.897548021979882,"Tannin",0.999999996584526
"143","12weeks","Zone","Detritus - Rhizosphere",0,-0.0341362300439316,0.710873259785378,37,-0.0480201351985554,0.999959466212475,"Tannin",0.999999996584526
"144","12weeks","Zone","RhizoDet - Rhizosphere",0,0.461394888583553,0.710873259785378,37,0.64905365651657,0.915210181810134,"Tannin",0.999999996584526
"145","4weeks","Zone","Bulk - Detritus",0,-0.115805429242286,0.124082569639546,37,-0.933293286709765,0.787240851352536,"Unsat. HC",0.999999996584526
"146","4weeks","Zone","Bulk - RhizoDet",0,-0.165061692002466,0.124082569639546,37,-1.33025688041408,0.550051357121169,"Unsat. HC",0.87361097895715
"147","4weeks","Zone","Bulk - Rhizosphere",0,-0.635833921977536,0.124082569639546,37,-5.12428074164325,5.5055109133284e-05,"Unsat. HC",0.000318533131414
"148","4weeks","Zone","Detritus - RhizoDet",0,-0.0492562627601799,0.124082569639547,37,-0.396963593704312,0.978486874447291,"Unsat. HC",0.999999996584526
"149","4weeks","Zone","Detritus - Rhizosphere",0,-0.52002849273525,0.124082569639546,37,-4.19098745493349,0.000915866502042673,"Unsat. HC",0.00396889121497403
"150","4weeks","Zone","RhizoDet - Rhizosphere",0,-0.47077222997507,0.124082569639546,37,-3.79402386122918,0.00286845212919906,"Unsat. HC",0.0103264276651166
"151","8weeks","Zone","Bulk - Detritus",0,-0.149720498993551,0.124082569639546,37,-1.20661990985907,0.626622739198905,"Unsat. HC",0.948718539721707
"152","8weeks","Zone","Bulk - RhizoDet",0,-0.0895313997140336,0.117715061396227,37,-0.760577267276547,0.871542657060311,"Unsat. HC",0.999999996584526
"153","8weeks","Zone","Bulk - Rhizosphere",0,-0.265570070264899,0.124082569639546,37,-2.14026894378772,0.159407046845092,"Unsat. HC",0.374260023027608
"154","8weeks","Zone","Detritus - RhizoDet",0,0.0601890992795177,0.117715061396227,37,0.51131179447736,0.955878924983569,"Unsat. HC",0.999999996584526
"155","8weeks","Zone","Detritus - Rhizosphere",0,-0.115849571271347,0.124082569639546,37,-0.933649033928654,0.787049473600607,"Unsat. HC",0.999999996584526
"156","8weeks","Zone","RhizoDet - Rhizosphere",0,-0.176038670550865,0.117715061396227,37,-1.49546428862082,0.450404596969248,"Unsat. HC",0.797729955695674
"157","12weeks","Zone","Bulk - Detritus",0,0.29589048292998,0.124082569639546,37,2.38462568747188,0.0978187616930317,"Unsat. HC",0.260926924554318
"158","12weeks","Zone","Bulk - RhizoDet",0,0.0737022525886634,0.124082569639546,37,0.593977484531185,0.933264833216756,"Unsat. HC",0.999999996584526
"159","12weeks","Zone","Bulk - Rhizosphere",0,0.000261142217487298,0.124082569639546,37,0.00210458421554214,0.999999996584526,"Unsat. HC",0.999999996584526
"160","12weeks","Zone","Detritus - RhizoDet",0,-0.222188230341317,0.124082569639546,37,-1.79064820294069,0.2938939420173,"Unsat. HC",0.597216316217704
"161","12weeks","Zone","Detritus - Rhizosphere",0,-0.295629340712493,0.124082569639546,37,-2.38252110325633,0.0982502617148977,"Unsat. HC",0.260926924554318
"162","12weeks","Zone","RhizoDet - Rhizosphere",0,-0.0734411103711761,0.124082569639546,37,-0.591872900315643,0.933907430930143,"Unsat. HC",0.999999996584526
