"Sample_ID","Habitat","Isotope","Moisture","dry_soil","total_DNA","efficiency","16S_copies_g_dry_soil","18S_copies_g_dry_soil"
145,"Rhizo","12C","Normal",36.2253373538461,33150,0.278279484364533,448343542.983529,113390840.46246
146,"Rhizo","12C","Normal",36.9743998333333,25800,0.259873429644709,321613192.437457,82453640.545599
147,"Rhizo","12C","Normal",38.9531630936819,25650,0.264529352954647,374818847.579983,93317697.6346329
148,"Rhizo","12C","Normal",38.3972369269521,15600,0.392188362829113,147311657.648931,14227898.3722634
149,"Detritus","12C","Normal",37.2577163710145,20700,0.22376900961843,259499741.57522,124786330.335659
150,"Detritus","12C","Normal",37.7239986984127,20550,0.327045669137563,267478303.153815,171728562.695519
151,"Detritus","12C","Normal",37.4546740795107,11685,0.546637747898372,163982103.654245,102950143.503889
152,"Detritus","12C","Normal",38.4625335727554,19500,0.0711228349126908,195163472.146119,121053614.322459
153,"Rhizo + Detritus","12C","Normal",36.9278809779005,33600,0.276687336731444,493637746.41732,254890967.818006
154,"Rhizo + Detritus","12C","Normal",37.7336834382716,27150,0.282421978865107,502308345.766093,221950251.684107
155,"Rhizo + Detritus","12C","Normal",39.6484794111675,33150,0.268391574295564,568456049.971549,199556291.226928
156,"Rhizo + Detritus","12C","Normal",36.2025377349398,36000,0.192923445742379,615041514.670556,188179756.627614
157,"Rhizo","12C","Drought",41.0864277939234,21750,0.234730946687722,249471706.208706,112472568.194507
158,"Rhizo","12C","Drought",40.7261866501854,21450,0.195909630765577,193012667.050287,42314394.8934678
159,"Rhizo","12C","Drought",41.1364276558603,24450,0.0826224082600853,293921417.838441,63122299.056162
160,"Rhizo","12C","Drought",40.6423784598698,16950,0.276643609560144,260554892.251359,41828422.6219177
161,"Detritus","12C","Drought",40.5353906363636,23850,0.203203669508637,362608742.447594,313478988.379959
162,"Detritus","12C","Drought",41.6521291851852,19950,0.282636520575023,251159420.165567,328863650.679269
163,"Detritus","12C","Drought",41.9872020066007,25650,0.26347573506819,332335351.033465,215035577.989469
164,"Detritus","12C","Drought",42.5966419488818,16650,0.227918229942994,250735391.867097,151920026.009207
165,"Rhizo + Detritus","12C","Drought",41.3873278624642,19350,0.092249356305079,256540154.064199,186155706.910847
167,"Rhizo + Detritus","12C","Drought",41.303862738292,14010,0.052163987360176,139518430.118567,161591599.503322
168,"Rhizo + Detritus","12C","Drought",41.6974728196721,15300,0.369599507672205,201064490.116716,42303982.823647
169,"Rhizo","13C","Normal",36.1288736736959,27600,0.255687184913714,569275367.034834,94510727.1117977
170,"Rhizo","13C","Normal",35.1333856936067,13020,0.217285043004085,291042653.170525,43686115.443366
171,"Rhizo","13C","Normal",37.4317800244499,31350,0.236623594092889,369903.377344707,178792.077764854
173,"Rhizo","13C","Normal",35.8523927236971,13500,0.374809693505323,257805982.576624,46322781.655601
178,"Detritus","13C","Normal",36.0595977738359,18150,0.221685774989139,428879003.344323,236514543.629541
179,"Detritus","13C","Normal",37.3610110280374,21300,0.206095409451651,410585644.63271,184900403.806259
180,"Detritus","13C","Normal",36.5708505736601,18150,0.244106210443465,315463502.351291,152696854.932454
181,"13C-Rhizo + 12C-Detritus","13C","Normal",35.143984,25050,0.309420787657251,491142429.885894,251452896.309218
183,"13C-Rhizo + 12C-Detritus","13C","Normal",34.3072224761905,20700,0.336195518217551,436745208.682628,262578109.219719
184,"13C-Rhizo + 12C-Detritus","13C","Normal",34.932273253012,23100,0.361232033866884,400099192.484521,128909761.734978
185,"13C-Rhizo + 12C-Detritus","13C","Normal",37.0785152293578,25950,0.297299142387306,397648676.99475,187608035.998264
187,"12C-Rhizo + 13C-Detritus","13C","Normal",36.9149831937173,20550,0.307202833728533,247873935.325899,72419623.8306368
188,"12C-Rhizo + 13C-Detritus","13C","Normal",36.4573545360825,21600,0.250853338762835,542045628.317626,172669197.483796
190,"12C-Rhizo + 13C-Detritus","13C","Normal",38.036933902439,12885,0.189151707258695,303031029.589191,71895434.4950607
191,"12C-Rhizo + 13C-Detritus","13C","Normal",37.6542685714286,21750,0.0703215159672005,506890326.114318,96341669.1947923
194,"Rhizo","13C","Drought",41.1670881761006,20400,0.263915513961625,171018540.809621,25587918.4763467
195,"Rhizo","13C","Drought",41.9511520720721,25950,0.179293980181612,439026069.040319,142760203.658193
196,"Rhizo","13C","Drought",41.4703587239583,21300,0.152139142565706,465981023.238214,100557368.848791
198,"Rhizo","13C","Drought",41.4162754223433,22350,0.295358604456715,392123740.867169,186383317.625809
200,"Detritus","13C","Drought",40.7484215598886,20850,0.213672710314272,426918621.742192,188415036.571569
201,"Detritus","13C","Drought",41.1465377410468,20250,0.221400483890712,375973463.10257,299055701.758885
202,"Detritus","13C","Drought",41.013857130621,20700,0.324889800516064,198357649.051645,86896147.2048007
203,"Detritus","13C","Drought",42.2239613592233,21600,0.241458245034152,317248501.936732,156744662.154376
205,"13C-Rhizo + 12C-Detritus","13C","Drought",41.5011589903846,13800,0.273087576851597,179748450.938323,138464867.340097
207,"13C-Rhizo + 12C-Detritus","13C","Drought",41.5782935706522,13095,0.314653980022921,180843391.928522,229915680.946319
209,"13C-Rhizo + 12C-Detritus","13C","Drought",41.2547568589743,21750,0.250090108426242,282219036.750993,168489597.907908
210,"13C-Rhizo + 12C-Detritus","13C","Drought",41.7126341587575,16650,0.274330673267396,242811674.498616,124987940.410649
211,"12C-Rhizo + 13C-Detritus","13C","Drought",42.2564569523809,19650,0.16723600715883,281523632.286314,153495158.571184
212,"12C-Rhizo + 13C-Detritus","13C","Drought",42.5987684848485,24900,0.301172388182248,258136614.178879,220235450.960542
213,"12C-Rhizo + 13C-Detritus","13C","Drought",41.939195407855,23400,0.194243186462037,93177405.6221355,43184280.6113204
214,"12C-Rhizo + 13C-Detritus","13C","Drought",41.6873083483483,23700,0.202425587004434,401385354.805315,147937052.338757
