SampleID,Amino sugar,Carbohydrate,Cond. HC,Lignin,Lipid,Other,Protein,Tannin,Unsat. HC
X100R_RN2_,6.77,2.83,23.34,26.53,6.52,0.58,20.62,11.43,1.39
X10RD_RDN1_,2.68,1.37,26.26,43.01,3.42,0.26,8.74,12.95,1.3
X11RD_RDN1_,4.29,1.81,24.57,37.27,3.74,0.31,15.98,11.57,0.46
X124R_RD2_,4.33,1.48,31.84,33.37,4.44,0.67,9.1,13.88,0.89
X125R_RD2_,3.36,1.23,36.28,33.17,3.77,0.69,7.49,13.48,0.53
X126R_RD2_,5.74,2.57,26.55,30.19,4.39,0.7,16.9,12.2,0.76
X12RD_RDN1_,4.41,1.88,24.4,36.87,3.96,0.27,15.9,11.67,0.66
X13B_BD1_,2.91,1.43,27.16,42.54,3.05,0.24,8.91,13.07,0.7
X145R_RN3_,6.91,2.9,23.84,26.83,6.09,0.45,20.43,11.77,0.77
X146R_RN3_,5.08,1.85,28.72,30.47,7.14,0.56,12.64,12.61,0.94
X147R_RN3_,7.26,3.13,21.36,27.61,6.77,0.48,21.44,11.02,0.93
X148R_RN3_,5.62,2.5,26.83,30.89,5.02,0.49,16.33,11.69,0.64
X149D_DN3_,2.35,1.05,30.29,41.41,3.2,0.33,7.9,12.93,0.54
X150D_DN3_,3.96,1.61,25.01,38.05,3.61,0.33,15.3,11.65,0.47
X151D_DN3_,3.99,1.76,25.18,38.71,3.45,0.3,14.6,11.54,0.47
X152D_DN3_,4.12,1.59,24.81,39.43,3.5,0.29,14.37,11.31,0.58
X153RD_RDN3_,5.52,2.07,27.05,29.95,6.92,0.6,13.07,13.92,0.89
X154RD_RDN3_,6.81,2.87,23.87,27.82,7.21,0.57,18.52,11.6,0.73
X155RD_RDN3_,6.12,2.6,25.85,29.65,6.73,0.57,15.84,11.91,0.73
X156RD_RDN3_,5.92,2.48,25.16,29.01,6.14,0.51,18.29,11.71,0.78
X158R_RD3_,5.09,2.03,32.01,31.18,5.31,0.54,10.01,12.88,0.96
X159R_RD3_,5.58,1.93,27.02,32.06,6.08,0.5,12.6,13.05,1.18
X15B_BD1_,2.24,0.54,28.51,41.28,3.68,0.18,7.8,15.26,0.51
X15R_RD1_,3.04,1.4,36.9,30.9,3.18,0.49,11.29,12.5,0.3
X160R_RD3_,5.53,1.88,31.01,30.18,6.07,0.69,10.8,12.91,0.92
X161D_DD3_,4.4,1.99,21.73,40.47,3.91,0.27,15.63,11.05,0.56
X162D_DD3_,4.55,2.42,21.02,41.05,3.67,0.34,15.45,11.07,0.44
X163D_DD3_,4.43,2.14,21.51,41.3,3.66,0.43,14.74,11.26,0.53
X164D_DD3_,4.77,2.37,21.19,40.91,3.47,0.4,15.04,11.46,0.39
X165RD_RDD3_,2.59,1.01,28.64,42.61,3.95,0.21,8.41,11.88,0.69
X166RD_RDD3_,2.32,0.92,30.85,40.32,3.79,0.4,7.57,13.49,0.34
X168RD_RDD3_,2.78,1.19,24.88,46.04,3.63,0.31,8.76,11.68,0.73
X169B_BN3_,2.2,1.03,32.2,39.64,3.3,0.25,7.59,12.88,0.9
X16B_BD1_,5.46,1.89,23.4,33.91,3.48,0.16,18.12,13.13,0.45
X17D_DD1_,2.71,1.34,24.45,45.26,3.56,0.29,9.26,12.38,0.75
X182B_BN3_,2.41,0.69,29.35,39.79,3.6,0.11,8.29,14.95,0.82
X187B_BN3_,4.54,2.07,24.61,35.11,3.55,0.31,17.47,11.84,0.5
X18D_DD1_,2.97,1.44,26.53,44.24,3.43,0.24,8.41,12.07,0.66
X191B_BN3_,2.85,1.26,23.87,45.18,3.14,0.24,8.98,12.99,1.49
X195R_RD3_,7.39,2.94,25.51,25.74,5.8,0.62,19.78,11.51,0.72
X197B_BD3_,1.92,0.56,30.32,40.03,3.67,0.19,7.9,14.56,0.85
X19B_BD1_,2.49,0.83,28.17,42.26,2.81,0.15,7.84,14.44,1.02
X19D_DD1_,3.22,1.86,24.21,44.68,3.38,0.26,9.41,12.15,0.83
X20D_DD1_,3.92,1.87,23.77,40.77,3.74,0.27,14.15,11.05,0.46
X211B_BD3_,5.23,1.85,23.81,33.83,3.57,0.22,18.52,12.76,0.22
X213B_BD3_,4.49,1.46,22.39,36.22,3.58,0.13,19.32,11.52,0.89
X214RD_RDD3_,4.87,2.06,26.46,34.76,4.74,0.55,14.03,12.02,0.5
X215B_BD3_,1.68,0.38,35.9,35.84,3.42,0.3,6.4,15.89,0.19
X21RD_RDD1_,2.95,1.58,22.59,46.58,3.52,0.22,9.49,11.87,1.2
X22RD_RDD1_,3.03,1.65,23.89,45.36,3.5,0.38,9.2,12.21,0.77
X23RD_RDD1_,4.3,1.96,22.22,40.49,3.91,0.3,14.99,11.25,0.58
X24RD_RDD1_,4.41,2.03,21.77,40.61,3.83,0.32,15.16,11.27,0.59
X25R_RN1_,4.14,2.53,22.1,39.99,4.35,0.4,11.26,13.7,1.54
X2R_RN1_,4.61,1.65,29.81,33.87,4.54,0.54,10.81,13.31,0.87
X30R_RN1_,4.39,1.72,30.35,32.7,5.23,0.61,10.22,13.76,1.03
X3B_BN1_,1.93,0.37,31.09,39.94,2.99,0.1,6.47,16.41,0.7
X44RD_RDN1_,4.32,1.99,30.22,31.4,4.58,0.27,16.72,9.62,0.88
X49R_RD1_,3.67,1.78,36.2,28.88,3.6,0.46,13.09,11.96,0.38
X4R_RN1_,3.93,1.64,27.98,37.85,3.88,0.25,9.22,13.19,2.05
X51R_RD1_,3.31,1.51,37.14,29.93,3.27,0.44,12.08,12.01,0.3
X53R_RD1_,5.46,2.49,28.09,28.6,4.75,0.63,16.79,12.55,0.63
X5B_BN1_,5.5,1.93,21.59,35.49,3.36,0.09,18.51,13.03,0.5
X5D_DN1_,3.14,1.52,26.17,42.58,3.29,0.3,9.29,12.99,0.73
X6D_DN1_,2.81,1.41,25.86,43.1,3.56,0.25,9.52,12.77,0.71
X74R_RN2_,6.51,3.29,25.02,26.27,6.38,0.55,19.61,11.57,0.8
X75R_RN2_,5.45,2.33,28.17,28.75,5.19,0.52,16.73,12.12,0.75
X77B_BN2_,2.09,0.44,26.53,43.5,3.49,0.13,7.56,15.45,0.83
X77D_DN2_,2.66,1.11,26.88,43.38,3.43,0.26,8.31,12.8,1.19
X78B_BN2_,2.11,0.4,27.59,41.95,3.79,0.09,8.41,14.99,0.66
X78D_DN2_,4.04,1.79,24.42,39.55,3.75,0.23,14.49,11.09,0.63
X79D_DN2_,4.69,2.03,21.72,39.57,3.69,0.22,16.01,11.37,0.7
X7B_BN1_,2.07,0.61,28.85,41.76,3.08,0.11,6.89,15.9,0.74
X7D_DN1_,4.84,2.22,23.61,36.57,3.95,0.32,16.55,11.46,0.47
X80D1_DN2_,2.64,1.17,26.52,43.21,3.99,0.26,8.3,13.32,0.58
X81RD_RDN2_,2.68,1.06,29.54,39.11,4.05,0.36,9.52,13.34,0.34
X82B_BN2_,4.57,1.5,27.11,33.1,3.46,0.23,16.08,13.59,0.36
X82RD_RDN2,2.52,1.16,27.42,42.81,3.61,0.28,8.6,12.88,0.72
X83RD_RDN2_,2.59,1.26,27.51,42.24,3.83,0.29,8.47,12.8,1.01
X84B_BN2_,4.4,1.54,25.91,33.72,3.83,0.15,16.93,13.11,0.4
X84RD_RDN2_,2.43,0.88,33.32,37.68,3.21,0.39,7.64,14.24,0.2
X85B_BD2_,2.34,0.61,29.29,41.05,3.77,0.26,8.24,13.75,0.69
X86B_BD2_,4.41,1.45,25.12,34.72,3.71,0.07,17.06,13.13,0.32
X88B_BD2_,2.06,0.47,28.19,42.14,3.59,0.13,7.74,14.85,0.82
X88R_RD2_,4.48,1.7,30.83,32.76,5.02,0.53,10.14,13.62,0.91
X89D2_DD2_,3.33,1.44,25.7,41.93,4.4,0.4,10.38,11.93,0.51
X8B_BN1_,4.98,1.67,24.21,34.81,3.37,0.12,17.36,13.17,0.31
X8D_DN1_,2.93,1.37,26.37,42.85,3.54,0.28,8.91,12.88,0.86
X90D_DD2_,3.25,1.61,25.46,42.36,3.36,0.51,9.8,13.47,0.2
X91D_DD2_,4.11,1.96,19.05,46.76,3.65,0.26,11.67,11.68,0.87
X92D_DD2_,4.3,2.02,21.07,41.74,3.94,0.33,15.0,11.12,0.49
X93B_BD2_,4.93,1.68,23.49,35.57,3.6,0.15,17.81,12.26,0.52
X93RD_RDD2_,2.84,1.23,25.9,44.54,3.35,0.32,8.89,12.28,0.65
X94RD_RDD2_,3.88,1.92,22.3,42.05,3.75,0.34,13.99,11.16,0.61
X95RD_RDD2_,2.81,1.23,24.8,45.07,3.91,0.39,9.43,11.59,0.77
X96RD_RDD2_,2.7,1.39,26.19,44.59,3.68,0.41,8.37,12.02,0.66
X97R_RN2_,4.12,1.43,32.87,31.19,4.39,0.71,9.31,15.42,0.56
X9RD_RDN1_,2.66,1.2,27.42,42.63,3.46,0.29,8.8,12.61,0.93
