SampleID,CHO,CHON,CHONP,CHONPS,CHONS,CHOP,CHOPS,CHOS
X100R_RN2_,55.92,34.17,1.85,1.01,1.14,1.94,0.47,3.5
X10RD_RDN1_,52.21,35.32,1.62,0.77,3.82,0.99,0.13,5.14
X11RD_RDN1_,52.75,35.13,1.25,0.8,3.03,1.03,0.09,5.91
X124R_RD2_,54.96,34.39,1.3,1.11,2.2,0.93,0.34,4.77
X125R_RD2_,52.3,34.03,1.16,1.38,5.18,0.8,0.37,4.78
X126R_RD2_,53.65,35.71,1.57,0.92,1.56,1.51,0.22,4.85
X12RD_RDN1_,52.18,36.01,1.51,0.79,3.04,1.18,0.14,5.16
X13B_BD1_,54.23,35.53,1.31,0.79,2.55,0.94,0.17,4.49
X145R_RN3_,54.68,34.02,1.57,0.84,1.06,1.63,0.17,6.02
X146R_RN3_,56.23,31.49,1.43,0.9,1.82,1.35,0.3,6.48
X147R_RN3_,56.09,32.03,1.63,0.77,1.21,1.89,0.2,6.18
X148R_RN3_,54.47,34.07,1.37,0.87,1.61,1.3,0.16,6.15
X149D_DN3_,51.06,35.77,1.06,1.24,4.19,0.51,0.14,6.03
X150D_DN3_,52.19,35.62,1.04,0.82,3.43,0.96,0.1,5.85
X151D_DN3_,51.71,35.88,1.1,0.92,3.7,1.04,0.11,5.54
X152D_DN3_,52.17,35.8,1.1,0.81,3.49,1.04,0.11,5.48
X153RD_RDN3_,56.55,30.75,0.79,0.81,2.09,1.18,0.29,7.53
X154RD_RDN3_,55.11,33.06,1.24,0.78,1.89,1.47,0.26,6.19
X155RD_RDN3_,55.08,32.3,1.09,0.74,2.25,1.62,0.3,6.61
X156RD_RDN3_,54.78,33.73,1.54,0.89,1.79,1.38,0.15,5.74
X158R_RD3_,56.55,33.28,1.8,0.98,1.36,1.56,0.19,4.28
X159R_RD3_,57.22,33.02,1.37,1.07,0.99,1.45,0.26,4.62
X15B_BD1_,63.86,31.04,0.62,0.19,0.9,0.56,0.12,2.71
X15R_RD1_,53.08,34.55,1.37,2.08,3.52,0.49,0.16,4.76
X160R_RD3_,56.14,32.74,1.41,0.98,1.87,1.25,0.22,5.4
X161D_DD3_,53.81,34.07,1.06,0.96,3.18,1.14,0.13,5.66
X162D_DD3_,54.05,31.68,0.93,1.28,3.14,1.93,0.09,6.88
X163D_DD3_,53.75,31.79,0.86,1.29,3.59,1.08,0.07,7.56
X164D_DD3_,53.43,31.46,0.84,1.34,3.75,0.94,0.12,8.11
X165RD_RDD3_,54.46,32.78,1.29,1.19,3.46,0.72,0.16,5.94
X166RD_RDD3_,54.52,31.27,0.6,1.11,4.08,0.65,0.16,7.61
X168RD_RDD3_,54.2,31.76,1.08,1.51,3.95,0.8,0.13,6.57
X169B_BN3_,53.34,35.65,1.6,1.05,2.44,0.53,0.16,5.24
X16B_BD1_,61.36,33.12,0.7,0.3,0.45,1.01,0.1,2.96
X17D_DD1_,52.55,33.08,1.12,1.1,4.31,0.86,0.21,6.76
X182B_BN3_,63.87,32.02,1.19,0.2,0.65,0.58,0.11,1.39
X187B_BN3_,53.73,36.04,1.35,0.98,1.71,1.15,0.17,4.87
X18D_DD1_,53.01,34.04,1.21,0.94,3.73,0.9,0.13,6.04
X191B_BN3_,53.91,35.92,1.69,0.67,1.92,0.88,0.21,4.81
X195R_RD3_,55.06,35.05,1.57,0.88,1.1,1.58,0.19,4.57
X197B_BD3_,63.04,31.73,1.05,0.32,0.98,0.7,0.28,1.9
X19B_BD1_,59.8,34.35,1.11,0.39,0.84,0.53,0.11,2.88
X19D_DD1_,53.57,32.5,1.17,0.81,3.8,1.56,0.15,6.44
X20D_DD1_,53.8,33.23,1.16,1.01,3.53,1.03,0.1,6.14
X211B_BD3_,61.76,32.31,0.75,0.1,0.41,1.01,0.13,3.52
X213B_BD3_,63.98,31.4,0.78,0.27,0.66,1.23,0.17,1.52
X214RD_RDD3_,55.15,32.62,0.94,0.99,2.58,1.02,0.3,6.39
X215B_BD3_,63.12,30.06,0.38,0.19,0.62,0.51,0.13,4.99
X21RD_RDD1_,54.47,32.66,1.07,1.09,3.57,1.15,0.11,5.88
X22RD_RDD1_,52.36,33.02,1.15,1.1,4.27,0.99,0.09,7.02
X23RD_RDD1_,53.5,32.97,0.96,1.05,3.49,1.13,0.09,6.81
X24RD_RDD1_,53.31,33.6,1.0,1.07,3.48,1.21,0.09,6.22
X25R_RN1_,52.41,34.91,1.06,0.76,2.88,1.23,0.48,6.27
X2R_RN1_,54.64,34.25,1.6,0.9,2.09,1.27,0.2,5.05
X30R_RN1_,55.52,33.41,1.41,1.19,1.87,1.03,0.34,5.22
X3B_BN1_,63.72,31.89,0.98,0.16,0.53,0.49,0.16,2.05
X44RD_RDN1_,55.94,34.73,1.59,1.11,2.07,1.2,0.11,3.26
X49R_RD1_,52.69,34.77,1.36,1.97,3.85,1.1,0.19,4.06
X4R_RN1_,54.67,35.33,1.87,1.1,1.81,1.18,0.18,3.85
X51R_RD1_,53.79,34.39,1.33,1.87,3.86,0.68,0.24,3.84
X53R_RD1_,54.16,35.01,1.39,0.96,1.77,1.27,0.17,5.28
X5B_BN1_,60.32,34.11,0.85,0.16,0.43,1.15,0.12,2.87
X5D_DN1_,51.05,35.56,1.53,0.98,4.02,1.17,0.16,5.53
X6D_DN1_,52.2,35.15,1.24,0.74,3.77,0.85,0.18,5.88
X74R_RN2_,53.38,33.5,1.59,0.76,1.59,2.38,0.19,6.61
X75R_RN2_,54.67,34.1,1.79,1.06,1.65,1.26,0.15,5.32
X77B_BN2_,59.6,33.17,0.62,0.26,0.9,0.53,0.17,4.75
X77D_DN2_,51.44,35.74,1.39,0.8,4.42,0.68,0.16,5.37
X78B_BN2_,64.35,30.15,0.71,0.24,0.88,0.66,0.17,2.84
X78D_DN2_,52.51,35.23,1.32,0.78,3.6,1.35,0.1,5.12
X79D_DN2_,52.57,34.89,1.12,0.75,3.81,1.16,0.15,5.54
X7B_BN1_,61.15,33.04,0.86,0.16,0.49,0.52,0.14,3.63
X7D_DN1_,52.29,34.55,1.21,0.86,3.14,1.27,0.11,6.57
X80D1_DN2_,53.35,33.24,0.64,0.62,4.34,0.73,0.17,6.9
X81RD_RDN2_,53.94,33.08,0.5,0.66,3.67,0.7,0.18,7.26
X82B_BN2_,59.43,33.35,0.76,0.14,0.6,0.86,0.18,4.68
X82RD_RDN2,51.98,35.03,1.34,1.0,3.97,0.84,0.12,5.73
X83RD_RDN2_,52.69,34.17,1.52,0.95,3.92,0.95,0.18,5.62
X84B_BN2_,61.37,32.01,0.91,0.27,0.69,0.85,0.18,3.71
X84RD_RDN2_,54.45,32.26,0.42,0.95,3.67,0.51,0.07,7.66
X85B_BD2_,60.8,32.77,0.97,0.35,1.1,0.71,0.34,2.97
X86B_BD2_,62.87,32.11,0.79,0.14,0.68,0.8,0.1,2.51
X88B_BD2_,63.24,31.97,1.05,0.15,0.71,0.54,0.13,2.21
X88R_RD2_,55.95,32.7,1.45,1.12,1.85,1.13,0.31,5.48
X89D2_DD2_,56.17,30.55,0.84,1.36,3.17,0.9,0.19,6.82
X8B_BN1_,60.31,32.84,0.77,0.13,0.64,0.83,0.12,4.36
X8D_DN1_,52.7,34.18,1.41,0.85,3.86,0.84,0.14,6.02
X90D_DD2_,54.45,29.1,0.48,0.89,4.13,0.68,0.08,10.19
X91D_DD2_,54.75,31.55,0.82,1.59,3.02,1.2,0.2,6.87
X92D_DD2_,54.3,31.7,0.9,1.29,3.43,1.06,0.09,7.22
X93B_BD2_,59.08,34.63,0.93,0.23,0.71,1.04,0.1,3.27
X93RD_RDD2_,53.55,32.94,0.86,1.24,3.79,0.69,0.16,6.76
X94RD_RDD2_,54.45,32.0,1.08,1.29,3.57,1.14,0.12,6.34
X95RD_RDD2_,53.06,32.41,1.1,1.21,4.07,0.96,0.27,6.93
X96RD_RDD2_,52.25,33.5,1.16,1.26,4.26,0.76,0.3,6.52
X97R_RN2_,55.39,33.97,0.86,0.69,2.18,0.64,0.15,6.11
X9RD_RDN1_,52.27,34.05,1.5,0.98,3.87,0.76,0.16,6.41
