SampleID,Zone,Treatment,Timepoint,notes
X100R_RN2_,Rhizosphere,Normal,8weeks,
X10RD_RDN1_,RhizoDet,Normal,4weeks,
X11RD_RDN1_,RhizoDet,Normal,4weeks,
X124R_RD2_,Rhizosphere,Drought,8weeks,
X125R_RD2_,Rhizosphere,Drought,8weeks,
X126R_RD2_,Rhizosphere,Drought,8weeks,
X12RD_RDN1_,RhizoDet,Normal,4weeks,
X13B_BD1_,Bulk,Drought,4weeks,
X145R_RN3_,Rhizosphere,Normal,12weeks,
X146R_RN3_,Rhizosphere,Normal,12weeks,
X147R_RN3_,Rhizosphere,Normal,12weeks,
X148R_RN3_,Rhizosphere,Normal,12weeks,
X149D_DN3_,Detritus,Normal,12weeks,
X150D_DN3_,Detritus,Normal,12weeks,
X151D_DN3_,Detritus,Normal,12weeks,
X152D_DN3_,Detritus,Normal,12weeks,
X153RD_RDN3_,RhizoDet,Normal,12weeks,
X154RD_RDN3_,RhizoDet,Normal,12weeks,
X155RD_RDN3_,RhizoDet,Normal,12weeks,
X156RD_RDN3_,RhizoDet,Normal,12weeks,
X158R_RD3_,Rhizosphere,Drought,12weeks,
X159R_RD3_,Rhizosphere,Drought,12weeks,
X15B_BD1_,Bulk,Drought,4weeks,
X15R_RD1_,Rhizosphere,Drought,4weeks,
X160R_RD3_,Rhizosphere,Drought,12weeks,
X161D_DD3_,Detritus,Drought,12weeks,
X162D_DD3_,Detritus,Drought,12weeks,
X163D_DD3_,Detritus,Drought,12weeks,
X164D_DD3_,Detritus,Drought,12weeks,
X165RD_RDD3_,RhizoDet,Drought,12weeks,
X166RD_RDD3_,RhizoDet,Drought,12weeks,
X168RD_RDD3_,RhizoDet,Drought,12weeks,
X169B_BN3_,Bulk,Normal,12weeks,
X16B_BD1_,Bulk,Drought,4weeks,
X17D_DD1_,Detritus,Drought,4weeks,
X182B_BN3_,Bulk,Normal,12weeks,
X187B_BN3_,Bulk,Normal,12weeks,
X18D_DD1_,Detritus,Drought,4weeks,
X191B_BN3_,Bulk,Normal,12weeks,
X195R_RD3_,Rhizosphere,Drought,12weeks,
X197B_BD3_,Bulk,Drought,12weeks,
X19B_BD1_,Bulk,Drought,4weeks,
X19D_DD1_,Detritus,Drought,4weeks,
X20D_DD1_,Detritus,Drought,4weeks,
X211B_BD3_,Bulk,Drought,12weeks,
X213B_BD3_,Bulk,Drought,12weeks,
X214RD_RDD3_,RhizoDet,Drought,12weeks,
X215B_BD3_,Bulk,Drought,12weeks,
X21RD_RDD1_,RhizoDet,Drought,4weeks,
X22RD_RDD1_,RhizoDet,Drought,4weeks,
X23RD_RDD1_,RhizoDet,Drought,4weeks,
X24RD_RDD1_,RhizoDet,Drought,4weeks,
X25R_RN1_,Rhizosphere,Normal,4weeks,
X2R_RN1_,Rhizosphere,Normal,4weeks,
X30R_RN1_,Rhizosphere,Normal,4weeks,
X3B_BN1_,Bulk,Normal,4weeks,
X44RD_RDN1_,RhizoDet,Normal,4weeks,
X49R_RD1_,Rhizosphere,Drought,4weeks,
X4R_RN1_,Rhizosphere,Normal,4weeks,
X51R_RD1_,Rhizosphere,Drought,4weeks,
X53R_RD1_,Rhizosphere,Drought,4weeks,
X5B_BN1_,Bulk,Normal,4weeks,
X5D_DN1_,Detritus,Normal,4weeks,
X6D_DN1_,Detritus,Normal,4weeks,
X74R_RN2_,Rhizosphere,Normal,8weeks,
X75R_RN2_,Rhizosphere,Normal,8weeks,
X77B_BN2_,Bulk,Normal,8weeks,
X77D_DN2_,Detritus,Normal,8weeks,
X78B_BN2_,Bulk,Normal,8weeks,
X78D_DN2_,Detritus,Normal,8weeks,
X79D_DN2_,Detritus,Normal,8weeks,
X7B_BN1_,Bulk,Normal,4weeks,
X7D_DN1_,Detritus,Normal,4weeks,
X80D1_DN2_,Detritus,Normal,8weeks,
X81RD_RDN2_,RhizoDet,Normal,8weeks,
X82B_BN2_,Bulk,Normal,8weeks,
X82RD_RDN2,RhizoDet,Normal,8weeks,"SampleID is incorrect, originally 82RD_RD2"
X83RD_RDN2_,RhizoDet,Normal,8weeks,
X84B_BN2_,Bulk,Normal,8weeks,
X84RD_RDN2_,RhizoDet,Normal,8weeks,
X85B_BD2_,Bulk,Drought,8weeks,
X86B_BD2_,Bulk,Drought,8weeks,
X88B_BD2_,Bulk,Drought,8weeks,
X88R_RD2_,Rhizosphere,Drought,8weeks,
X89D2_DD2_,Detritus,Drought,8weeks,
X8B_BN1_,Bulk,Normal,4weeks,
X8D_DN1_,Detritus,Normal,4weeks,
X90D_DD2_,Detritus,Drought,8weeks,
X91D_DD2_,Detritus,Drought,8weeks,
X92D_DD2_,Detritus,Drought,8weeks,
X93B_BD2_,Bulk,Drought,8weeks,
X93RD_RDD2_,RhizoDet,Drought,8weeks,
X94RD_RDD2_,RhizoDet,Drought,8weeks,
X95RD_RDD2_,RhizoDet,Drought,8weeks,
X96RD_RDD2_,RhizoDet,Drought,8weeks,
X97R_RN2_,Rhizosphere,Normal,8weeks,
X9RD_RDN1_,RhizoDet,Normal,8weeks,