Harvest,Sample,Treatment,Isotope.Loc,Isotope.Treatment,Moisture,Clay.ug.13C
H1,25,Rhizo,Rhizo.13C,Rhizo.13C,Normal,6.17
H1,26,Rhizo,Rhizo.13C,Rhizo.13C,Normal,3.76
H1,27,Rhizo,Rhizo.13C,Rhizo.13C,Normal,15.41
H1,28,Rhizo,Rhizo.13C,Rhizo.13C,Normal,7.81
H1,29,Rhizo,Rhizo.13C,Rhizo.13C,Normal,9.6
H1,30,Rhizo,Rhizo.13C,Rhizo.13C,Normal,6.72
H1,31,Detritus,Detritus.13C,Detritus.13C,Normal,78.2
H1,32,Detritus,Detritus.13C,Detritus.13C,Normal,61.14
H1,33,Detritus,Detritus.13C,Detritus.13C,Normal,75.43
H1,34,Detritus,Detritus.13C,Detritus.13C,Normal,53.51
H1,35,Detritus,Detritus.13C,Detritus.13C,Normal,50.9
H1,36,Detritus,Detritus.13C,Detritus.13C,Normal,56.25
H1,37,Rhizo.Detritus,Rhizo.13C,Rhizo.13C.Detritus.12C,Normal,1.73
H1,38,Rhizo.Detritus,Rhizo.13C,Rhizo.13C.Detritus.12C,Normal,2
H1,39,Rhizo.Detritus,Rhizo.13C,Rhizo.13C.Detritus.12C,Normal,6.91
H1,40,Rhizo.Detritus,Rhizo.13C,Rhizo.13C.Detritus.12C,Normal,1.7
H1,41,Rhizo.Detritus,Rhizo.13C,Rhizo.13C.Detritus.12C,Normal,8.75
H1,42,Rhizo.Detritus,Rhizo.13C,Rhizo.13C.Detritus.12C,Normal,4.23
H1,43,Rhizo.Detritus,Detritus.13C,Detritus.13C.Rhizo.12C,Normal,46.02
H1,44,Rhizo.Detritus,Detritus.13C,Detritus.13C.Rhizo.12C,Normal,44.1
H1,45,Rhizo.Detritus,Detritus.13C,Detritus.13C.Rhizo.12C,Normal,45.98
H1,46,Rhizo.Detritus,Detritus.13C,Detritus.13C.Rhizo.12C,Normal,44.37
H1,47,Rhizo.Detritus,Detritus.13C,Detritus.13C.Rhizo.12C,Normal,42.45
H1,48,Rhizo.Detritus,Detritus.13C,Detritus.13C.Rhizo.12C,Normal,56.37
H1,49,Rhizo,Rhizo.13C,Rhizo.13C,Drought,8.27
H1,50,Rhizo,Rhizo.13C,Rhizo.13C,Drought,4.85
H1,51,Rhizo,Rhizo.13C,Rhizo.13C,Drought,9.48
H1,52,Rhizo,Rhizo.13C,Rhizo.13C,Drought,5.52
H1,53,Rhizo,Rhizo.13C,Rhizo.13C,Drought,16.08
H1,54,Rhizo,Rhizo.13C,Rhizo.13C,Drought,9.13
H1,55,Detritus,Detritus.13C,Detritus.13C,Drought,52.24
H1,56,Detritus,Detritus.13C,Detritus.13C,Drought,49.51
H1,57,Detritus,Detritus.13C,Detritus.13C,Drought,49.64
H1,58,Detritus,Detritus.13C,Detritus.13C,Drought,43.16
H1,59,Detritus,Detritus.13C,Detritus.13C,Drought,42.63
H1,60,Detritus,Detritus.13C,Detritus.13C,Drought,44.41
H1,61,Rhizo.Detritus,Rhizo.13C,Rhizo.13C.Detritus.12C,Drought,1.92
H1,62,Rhizo.Detritus,Rhizo.13C,Rhizo.13C.Detritus.12C,Drought,2.02
H1,63,Rhizo.Detritus,Rhizo.13C,Rhizo.13C.Detritus.12C,Drought,24.88
H1,64,Rhizo.Detritus,Rhizo.13C,Rhizo.13C.Detritus.12C,Drought,0.83
H1,65,Rhizo.Detritus,Rhizo.13C,Rhizo.13C.Detritus.12C,Drought,2.51
H1,66,Rhizo.Detritus,Rhizo.13C,Rhizo.13C.Detritus.12C,Drought,3.08
H1,67,Rhizo.Detritus,Detritus.13C,Detritus.13C.Rhizo.12C,Drought,42.64
H1,68,Rhizo.Detritus,Detritus.13C,Detritus.13C.Rhizo.12C,Drought,55.86
H1,69,Rhizo.Detritus,Detritus.13C,Detritus.13C.Rhizo.12C,Drought,47.46
H1,70,Rhizo.Detritus,Detritus.13C,Detritus.13C.Rhizo.12C,Drought,51.13
H1,71,Rhizo.Detritus,Detritus.13C,Detritus.13C.Rhizo.12C,Drought,48.25
H1,72,Rhizo.Detritus,Detritus.13C,Detritus.13C.Rhizo.12C,Drought,42.95
H2,97,Rhizo,Rhizo.13C,Rhizo.13C,Normal,
H2,98,Rhizo,Rhizo.13C,Rhizo.13C,Normal,
H2,99,Rhizo,Rhizo.13C,Rhizo.13C,Normal,16.62
H2,100,Rhizo,Rhizo.13C,Rhizo.13C,Normal,20.09
H2,101,Rhizo,Rhizo.13C,Rhizo.13C,Normal,
H2,102,Rhizo,Rhizo.13C,Rhizo.13C,Normal,8.18
H2,103,Detritus,Detritus.13C,Detritus.13C,Normal,49.31
H2,104,Detritus,Detritus.13C,Detritus.13C,Normal,55.13
H2,105,Detritus,Detritus.13C,Detritus.13C,Normal,54.94
H2,106,Detritus,Detritus.13C,Detritus.13C,Normal,69.04
H2,107,Detritus,Detritus.13C,Detritus.13C,Normal,57.59
H2,108,Detritus,Detritus.13C,Detritus.13C,Normal,61.17
H2,109,Rhizo.Detritus,Rhizo.13C,Rhizo.13C.Detritus.12C,Normal,1.44
H2,110,Rhizo.Detritus,Rhizo.13C,Rhizo.13C.Detritus.12C,Normal,1.16
H2,111,Rhizo.Detritus,Rhizo.13C,Rhizo.13C.Detritus.12C,Normal,0.56
H2,112,Rhizo.Detritus,Rhizo.13C,Rhizo.13C.Detritus.12C,Normal,0.72
H2,113,Rhizo.Detritus,Rhizo.13C,Rhizo.13C.Detritus.12C,Normal,25.47
H2,114,Rhizo.Detritus,Rhizo.13C,Rhizo.13C.Detritus.12C,Normal,68.16
H2,115,Rhizo.Detritus,Detritus.13C,Detritus.13C.Rhizo.12C,Normal,47.45
H2,116,Rhizo.Detritus,Detritus.13C,Detritus.13C.Rhizo.12C,Normal,52.68
H2,117,Rhizo.Detritus,Detritus.13C,Detritus.13C.Rhizo.12C,Normal,55.67
H2,118,Rhizo.Detritus,Detritus.13C,Detritus.13C.Rhizo.12C,Normal,55.03
H2,119,Rhizo.Detritus,Detritus.13C,Detritus.13C.Rhizo.12C,Normal,6.08
H2,120,Rhizo.Detritus,Detritus.13C,Detritus.13C.Rhizo.12C,Normal,59.05
H2,121,Rhizo,Rhizo.13C,Rhizo.13C,Drought,
H2,122,Rhizo,Rhizo.13C,Rhizo.13C,Drought,4.89
H2,123,Rhizo,Rhizo.13C,Rhizo.13C,Drought,
H2,124,Rhizo,Rhizo.13C,Rhizo.13C,Drought,
H2,125,Rhizo,Rhizo.13C,Rhizo.13C,Drought,47.14
H2,126,Rhizo,Rhizo.13C,Rhizo.13C,Drought,
H2,127,Detritus,Detritus.13C,Detritus.13C,Drought,56.52
H2,128,Detritus,Detritus.13C,Detritus.13C,Drought,47.88
H2,129,Detritus,Detritus.13C,Detritus.13C,Drought,8.15
H2,130,Detritus,Detritus.13C,Detritus.13C,Drought,57.34
H2,131,Detritus,Detritus.13C,Detritus.13C,Drought,50.34
H2,132,Detritus,Detritus.13C,Detritus.13C,Drought,48.08
H2,133,Rhizo.Detritus,Rhizo.13C,Rhizo.13C.Detritus.12C,Drought,0.65
H2,134,Rhizo.Detritus,Rhizo.13C,Rhizo.13C.Detritus.12C,Drought,1.95
H2,135,Rhizo.Detritus,Rhizo.13C,Rhizo.13C.Detritus.12C,Drought,2.62
H2,136,Rhizo.Detritus,Rhizo.13C,Rhizo.13C.Detritus.12C,Drought,0.65
H2,137,Rhizo.Detritus,Rhizo.13C,Rhizo.13C.Detritus.12C,Drought,1.59
H2,138,Rhizo.Detritus,Rhizo.13C,Rhizo.13C.Detritus.12C,Drought,0.69
H2,139,Rhizo.Detritus,Detritus.13C,Detritus.13C.Rhizo.12C,Drought,54.81
H2,140,Rhizo.Detritus,Detritus.13C,Detritus.13C.Rhizo.12C,Drought,50.41
H2,141,Rhizo.Detritus,Detritus.13C,Detritus.13C.Rhizo.12C,Drought,54.6
H2,142,Rhizo.Detritus,Detritus.13C,Detritus.13C.Rhizo.12C,Drought,46.93
H2,143,Rhizo.Detritus,Detritus.13C,Detritus.13C.Rhizo.12C,Drought,57.85
H2,144,Rhizo.Detritus,Detritus.13C,Detritus.13C.Rhizo.12C,Drought,55.05
H3,169,Rhizo,Rhizo.13C,Rhizo.13C,Normal,45.4
H3,170,Rhizo,Rhizo.13C,Rhizo.13C,Normal,43.31
H3,171,Rhizo,Rhizo.13C,Rhizo.13C,Normal,13.98
H3,172,Rhizo,Rhizo.13C,Rhizo.13C,Normal,26.72
H3,173,Rhizo,Rhizo.13C,Rhizo.13C,Normal,41.06
H3,174,Rhizo,Rhizo.13C,Rhizo.13C,Normal,41.95
H3,175,Detritus,Detritus.13C,Detritus.13C,Normal,83.62
H3,176,Detritus,Detritus.13C,Detritus.13C,Normal,95.11
H3,177,Detritus,Detritus.13C,Detritus.13C,Normal,85.28
H3,178,Detritus,Detritus.13C,Detritus.13C,Normal,87.51
H3,179,Detritus,Detritus.13C,Detritus.13C,Normal,85.5
H3,180,Detritus,Detritus.13C,Detritus.13C,Normal,97.35
H3,181,Rhizo.Detritus,Rhizo.13C,Rhizo.13C.Detritus.12C,Normal,15.3
H3,182,Rhizo.Detritus,Rhizo.13C,Rhizo.13C.Detritus.12C,Normal,6.26
H3,183,Rhizo.Detritus,Rhizo.13C,Rhizo.13C.Detritus.12C,Normal,28.11
H3,184,Rhizo.Detritus,Rhizo.13C,Rhizo.13C.Detritus.12C,Normal,27.81
H3,185,Rhizo.Detritus,Rhizo.13C,Rhizo.13C.Detritus.12C,Normal,107.76
H3,186,Rhizo.Detritus,Rhizo.13C,Rhizo.13C.Detritus.12C,Normal,7.4
H3,187,Rhizo.Detritus,Detritus.13C,Detritus.13C.Rhizo.12C,Normal,76.16
H3,188,Rhizo.Detritus,Detritus.13C,Detritus.13C.Rhizo.12C,Normal,73.88
H3,189,Rhizo.Detritus,Detritus.13C,Detritus.13C.Rhizo.12C,Normal,5.68
H3,190,Rhizo.Detritus,Detritus.13C,Detritus.13C.Rhizo.12C,Normal,73.99
H3,191,Rhizo.Detritus,Detritus.13C,Detritus.13C.Rhizo.12C,Normal,77.42
H3,192,Rhizo.Detritus,Detritus.13C,Detritus.13C.Rhizo.12C,Normal,85.35
H3,193,Rhizo,Rhizo.13C,Rhizo.13C,Drought,5.56
H3,194,Rhizo,Rhizo.13C,Rhizo.13C,Drought,9.2
H3,195,Rhizo,Rhizo.13C,Rhizo.13C,Drought,9.47
H3,196,Rhizo,Rhizo.13C,Rhizo.13C,Drought,8.42
H3,197,Rhizo,Rhizo.13C,Rhizo.13C,Drought,13.9
H3,198,Rhizo,Rhizo.13C,Rhizo.13C,Drought,10.63
H3,199,Detritus,Detritus.13C,Detritus.13C,Drought,46.31
H3,200,Detritus,Detritus.13C,Detritus.13C,Drought,58.27
H3,201,Detritus,Detritus.13C,Detritus.13C,Drought,105.99
H3,202,Detritus,Detritus.13C,Detritus.13C,Drought,83.39
H3,203,Detritus,Detritus.13C,Detritus.13C,Drought,110.92
H3,204,Detritus,Detritus.13C,Detritus.13C,Drought,98.01
H3,205,Rhizo.Detritus,Rhizo.13C,Rhizo.13C.Detritus.12C,Drought,5.51
H3,206,Rhizo.Detritus,Rhizo.13C,Rhizo.13C.Detritus.12C,Drought,3.03
H3,207,Rhizo.Detritus,Rhizo.13C,Rhizo.13C.Detritus.12C,Drought,3.07
H3,208,Rhizo.Detritus,Rhizo.13C,Rhizo.13C.Detritus.12C,Drought,1.1
H3,209,Rhizo.Detritus,Rhizo.13C,Rhizo.13C.Detritus.12C,Drought,2.6
H3,210,Rhizo.Detritus,Rhizo.13C,Rhizo.13C.Detritus.12C,Drought,1.03
H3,211,Rhizo.Detritus,Detritus.13C,Detritus.13C.Rhizo.12C,Drought,52.21
H3,212,Rhizo.Detritus,Detritus.13C,Detritus.13C.Rhizo.12C,Drought,53.3
H3,213,Rhizo.Detritus,Detritus.13C,Detritus.13C.Rhizo.12C,Drought,56.01
H3,214,Rhizo.Detritus,Detritus.13C,Detritus.13C.Rhizo.12C,Drought,48.55
H3,215,Rhizo.Detritus,Detritus.13C,Detritus.13C.Rhizo.12C,Drought,49.92
H3,216,Rhizo.Detritus,Detritus.13C,Detritus.13C.Rhizo.12C,Drought,45.66
H1,38R,Rhizo,Rhizo.13C,Rhizo.13C.Detritus.12C,Normal,
H1,39R,Rhizo,Rhizo.13C,Rhizo.13C.Detritus.12C,Normal,
H1,40R,Rhizo,Rhizo.13C,Rhizo.13C.Detritus.12C,Normal,
H1,41R,Rhizo,Rhizo.13C,Rhizo.13C.Detritus.12C,Normal,
H1,42R,Rhizo,Rhizo.13C,Rhizo.13C,Normal,4.15
H1,61R,Rhizo,Rhizo.13C,Rhizo.13C.Detritus.12C,Drought,
H1,62R,Rhizo,Rhizo.13C,Rhizo.13C.Detritus.12C,Drought,
H1,63R,Rhizo,Rhizo.13C,Rhizo.13C.Detritus.12C,Drought,
H1,66R,Rhizo,Rhizo.13C,Rhizo.13C,Drought,10.4
H2,109R,Rhizo,Rhizo.13C,Rhizo.13C,Normal,21.97
H2,112R,Rhizo,Rhizo.13C,Rhizo.13C,Normal,1.01
H2,114R,Rhizo,Rhizo.13C,Rhizo.13C,Normal,0.85
H2,133R,Rhizo,Rhizo.13C,Rhizo.13C,Drought,11.02
H2,134R,Rhizo,Rhizo.13C,Rhizo.13C,Drought,14.79
H2,136R,Rhizo,Rhizo.13C,Rhizo.13C,Drought,7.7
H2,137R,Rhizo,Rhizo.13C,Rhizo.13C,Drought,17.36
H2,138R,Rhizo,Rhizo.13C,Rhizo.13C,Drought,21.4
H3,206R,Rhizo,Rhizo.13C,Rhizo.13C,Drought,13.93
H3,208R,Rhizo,Rhizo.13C,Rhizo.13C,Drought,12.66
H3,209R,Rhizo,Rhizo.13C,Rhizo.13C,Drought,22.59
,,,,,,
,,,,,,
,,,,,,
,,,,,,
,,,,,,
,,,,,,
,,,,,,
,,,,,,
,,,,,,
,,,,,,
,,,,,,
,,,,,,
,,,,,,
,,,,,,
,,,,,,
,,,,,,
,,,,,,
,,,,,,
,,,,,,
,,,,,,
,,,,,,
H2,109R,Rhizo,Rhizo.13C,Rhizo.13C,Normal,
H2,112R,Rhizo,Rhizo.13C,Rhizo.13C,Normal,
H2,114R,Rhizo,Rhizo.13C,Rhizo.13C,Normal,
H2,133R,Rhizo,Rhizo.13C,Rhizo.13C,Drought,
H2,134R,Rhizo,Rhizo.13C,Rhizo.13C,Drought,
H2,136R,Rhizo,Rhizo.13C,Rhizo.13C,Drought,
H2,137R,Rhizo,Rhizo.13C,Rhizo.13C,Drought,
H2,138R,Rhizo,Rhizo.13C,Rhizo.13C,Drought,
H1,42R,Rhizo,Rhizo.13C,Rhizo.13C,Normal,
H1,66R,Rhizo,Rhizo.13C,Rhizo.13C,Drought,
H1,38R,Rhizo,Rhizo.13C,Rhizo.13C,Normal,
H1,39R,Rhizo,Rhizo.13C,Rhizo.13C,Normal,
H1,40R,Rhizo,Rhizo.13C,Rhizo.13C,Normal,
H1,41R,Rhizo,Rhizo.13C,Rhizo.13C,Normal,
H1,61R,Rhizo,Rhizo.13C,Rhizo.13C,Drought,
H1,62R,Rhizo,Rhizo.13C,Rhizo.13C,Drought,
H1,63R,Rhizo,Rhizo.13C,Rhizo.13C,Drought,