KO,Enzyme,Root_Exudate,Root_Exudate_Class,Role,Tier,Tier_Justification,Fungal_Normal_Module,Fungal_Drought_Module,Bacteria_Normal_Module,Bacteria_Drought_Module,Notes
K02768,Fructose PTS EIIA (fruB),Fructose,Simple sugars,Fructose uptake,1,Dedicated fructose PTS; fructose dominant early-stage Avena barbata exudate (Zhalnina 2018),Not detected,Not detected,turquoise,turquoise,
K02769,Fructose PTS EIIB (fruA/fruAb),Fructose,Simple sugars,Fructose uptake,1,Dedicated fructose PTS; fructose dominant in Avena exudates,Not detected,Not detected,Not detected,turquoise,
K02770,Fructose PTS EIIBC/EIIC (fruA),Fructose,Simple sugars,Fructose uptake,1,Dedicated fructose PTS; fructose dominant early-stage Avena barbata exudate (Zhalnina 2018),Not detected,Not detected,turquoise,turquoise,
K10546,ABC sugar transport substrate-binding protein (chvE),Fructose,Simple sugars,Fructose uptake,1,Dedicated fructose ABC transporter; rhizosphere-enriched,Not detected,Not detected,brown,blue,
K10548,ABC sugar transport ATP-binding protein (gguA),Fructose,Simple sugars,Fructose uptake,1,Dedicated fructose ABC transporter; rhizosphere-enriched,Not detected,Not detected,blue,blue,
K10552,Fructose ABC transport substrate-binding protein (frcB),Fructose,Simple sugars,Fructose uptake,1,Dedicated fructose ABC transporter; rhizosphere-enriched,Not detected,Not detected,turquoise,turquoise,
K10553,Fructose ABC transport permease (frcC),Fructose,Simple sugars,Fructose uptake,1,Dedicated fructose ABC transporter; rhizosphere-enriched,Not detected,Not detected,turquoise,turquoise,
K10554,Fructose ABC transport ATP-binding protein (frcA),Fructose,Simple sugars,Fructose uptake,1,Dedicated fructose ABC transporter; rhizosphere-enriched,Not detected,Not detected,turquoise,turquoise,
K00117,Quinoprotein glucose dehydrogenase (gcd),Glucose/Gluconate,Simple sugars,Phosphate solubilization,1,Periplasmic glucose oxidation to gluconate; strongly rhizosphere-specific phosphate solubilization,Not detected,Not detected,grey,Not detected,
K00847,Fructokinase (scrK),Fructose,Simple sugars,Fructose catabolism,2,Phosphorylates fructose; pairs with PTS/ABC uptake; fructose dominant in Avena exudates,Not detected,Not detected,turquoise,turquoise,
K00882,1-phosphofructokinase (fruK),Fructose,Simple sugars,Fructose catabolism,2,Acts on fructose-1-phosphate from PTS; dedicated fructose catabolism,Not detected,Not detected,turquoise,turquoise,
K03332,Fructan beta-fructosidase / levanase (fruA),Fructose/Fructan,Simple sugars,Fructan catabolism,2,Hydrolyzes fructans released from grass roots; major C source in California grasslands,Not detected,Not detected,turquoise,turquoise,
K01623,Fructose-bisphosphate aldolase (ALDO),Fructose/Glycolysis,Simple sugars,Sugar catabolism,2,Glycolytic enzyme processing exudate-derived fructose and glucose,Not detected,Not detected,grey,black,
K00034,Glucose 1-dehydrogenase (gdh),Glucose,Simple sugars,Glucose catabolism,2,Glucose confirmed in Avena barbata exudates (Zhalnina 2018); oxidizes glucose to gluconolactone,blue,blue,Not detected,Not detected,
K01792,Glucose-6-phosphate 1-epimerase,Glucose,Simple sugars,Glucose catabolism,2,Interconverts glucose-6-phosphate anomers; supports glycolysis/PPP flux on exudate-derived glucose,Not detected,blue,Not detected,Not detected,
K01810,Glucose-6-phosphate isomerase (GPI/pgi),Glucose,Simple sugars,Glucose catabolism,2,Core glycolysis/gluconeogenesis step; less rhizosphere-distinctive than other markers but completes the glucose-processing pathway,Not detected,black,Not detected,Not detected,
K00118,Glucose-fructose oxidoreductase (gfo),Glucose/Fructose,Simple sugars,Sugar catabolism,2,Oxidoreduction of root exudate sugars; glucose and fructose in Avena exudates,Not detected,Not detected,brown,green,
K00036,Glucose-6-phosphate 1-dehydrogenase (G6PD/zwf),Glucose/Gluconate,Simple sugars,Glucose catabolism / pentose phosphate pathway,2,"Entry point to pentose phosphate pathway; complements existing gluconate-pathway genes (K00117 gcd, K00033 6-phosphogluconate dehydrogenase)",blue,black,Not detected,Not detected,
K01783,Ribulose-phosphate 3-epimerase (rpe/RPE),Arabinose,Mucilage sugars,Arabinose catabolism,2,Arabinose from root mucilage; pentose phosphate pathway,Not detected,Not detected,turquoise,blue,
K01805,Xylose isomerase (xylA),Xylose,Mucilage sugars,Xylose catabolism,2,Xylose from root mucilage and cell wall turnover,Not detected,Not detected,blue,blue,
K00854,Xylulokinase (xylB),Xylose,Mucilage sugars,Xylose catabolism,2,Xylose catabolism; pairs with xylose isomerase,yellow,Not detected,Not detected,Not detected,
K11103,C4-dicarboxylate transporter (dctA),Malate/Succinate/Fumarate,Organic acids,Organic acid uptake,1,Aerobic C4-dicarboxylate transporter; takes up malate succinate fumarate; rhizosphere-enriched,Not detected,Not detected,turquoise,turquoise,
K00925,Acetate kinase (ackA),Acetate,Organic acids,Acetate catabolism,2,Phosphorylates acetate for assimilation; acetate in grass rhizosphere,red,Not detected,blue,green,
K01895,Acetyl-CoA synthetase (ACSS/acs),Acetate,Organic acids,Acetate catabolism,2,High-affinity acetate activation; important at low exudate concentrations,Not detected,black,purple,purple,
K01647,Citrate synthase (CS/gltA),Citrate,Organic acids,Organic acid catabolism (TCA),2,Citrate abundant in grass root exudates; TCA entry point,Not detected,red,turquoise,tan,
K01681,Aconitate hydratase (ACO/acnA),Citrate/Isocitrate,Organic acids,Organic acid catabolism (TCA),2,TCA enzyme processing citrate from root exudates,Not detected,black,greenyellow,purple,
K00121,S-(hydroxymethyl)glutathione dehydrogenase / ADH (frmA/ADH5),Ethanol/Methanol,Organic acids,Small organic catabolism,2,Oxidizes alcohols and aldehydes; minor rhizosphere component,magenta,Not detected,brown,black,
K00656,Formate C-acetyltransferase (pflD),Formate/Pyruvate,Organic acids,Small organic catabolism,2,Pyruvate formate-lyase; processes formate under low oxygen in rhizosphere microaggregates,Not detected,Not detected,brown,green,
K00033,6-phosphogluconate dehydrogenase (PGD/gnd/gntZ),Gluconate,Organic acids,Phosphate solubilization,2,Pentose phosphate pathway; processes gluconate from periplasmic glucose oxidation,blue,black,brown,blue,
K01638,Malate synthase (aceB/glcB) / oxalate metabolism,Oxalate/Acetate,Organic acids,Glyoxylate cycle,2,Glyoxylate cycle enzyme; oxalate and acetate catabolism,Not detected,black,grey,green,
K01958,Pyruvate carboxylase (PC/pyc),Pyruvate/Anaplerosis,Organic acids,Central metabolism,2,Anaplerotic TCA replenishment when growing on exudate carbon,Not detected,black,grey,turquoise,
K01902,Succinyl-CoA synthetase alpha subunit (sucD),Succinate,Organic acids,Organic acid catabolism,2,Succinate documented in grass root exudates; TCA enzyme,Not detected,Not detected,turquoise,turquoise,
K00239,Succinate dehydrogenase flavoprotein subunit (sdhA/frdA),Succinate,Organic acids,Organic acid catabolism,2,Oxidizes succinate from root exudates; TCA/respiratory chain,Not detected,Not detected,turquoise,turquoise,
K00240,Succinate dehydrogenase iron-sulfur subunit (sdhB/frdB),Succinate,Organic acids,Organic acid catabolism,2,Succinate dehydrogenase iron-sulfur subunit; pairs with sdhA,Not detected,Not detected,turquoise,turquoise,
K00003,Homoserine dehydrogenase (hom/HSD),Homoserine,Amino acids,Amino acid catabolism,1,Homoserine confirmed dominant early-stage Avena barbata exudate (Zhalnina 2018),Not detected,Not detected,turquoise,turquoise,
K01488,Adenosine deaminase (add),Amino acids/Adenosine,Amino acids,Nucleoside catabolism,2,Amino acids confirmed in Avena barbata exudates (Zhalnina 2018),Not detected,Not detected,blue,blue,
K01478,Arginine deiminase (arcA),Arginine,Amino acids,Arginine catabolism,2,Arginine catabolism; arginine detected in Avena barbata exudates (Zhalnina 2018),Not detected,Not detected,brown,green,
K00826,Branched-chain amino acid aminotransferase (ilvE),BCAA (Leu/Ile/Val),Amino acids,Amino acid catabolism,2,BCAA catabolism; branched-chain AAs in Avena exudates (Zhalnina 2018),tan,Not detected,blue,brown,
K00822,Beta-alanine--pyruvate transaminase (E2.6.1.18),Beta-alanine,Amino acids,Amino acid catabolism,2,Beta-alanine catabolism; propanoate pathway; present in grass rhizosphere,Not detected,Not detected,grey,green,
K00823,4-aminobutyrate aminotransferase (puuE),GABA,Amino acids,GABA catabolism,2,GABA catabolism; GABA among most abundant amino acids in root exudates,Not detected,Not detected,black,blue,
K00262,Glutamate dehydrogenase NADP+ (gdhA),Glutamate,Amino acids,Amino acid catabolism,2,NADP-linked glutamate dehydrogenase; glutamate confirmed in Avena exudates,blue,grey,turquoise,blue,
K00260,Glutamate dehydrogenase (gudB/rocG),Glutamate/Aspartate,Amino acids,Amino acid catabolism,2,Glutamate and aspartate among most abundant amino acids in Avena exudates (Zhalnina 2018),Not detected,Not detected,brown,black,
K01580,Glutamate decarboxylase (gadA/gadB/GAD),Glutamate/GABA,Amino acids,GABA catabolism,2,Converts glutamate to GABA; GABA abundant in root exudates (Canarini 2019; Dietz 2020),Not detected,black,brown,brown,
K01999,BCAA transport substrate-binding protein (livK),Leu/Ile/Val,Amino acids,Amino acid uptake,2,BCAA uptake; branched-chain AAs in Avena exudates (Zhalnina 2018),Not detected,Not detected,brown,brown,
K00819,Ornithine--oxo-acid transaminase (rocD/OAT),Ornithine/Proline,Amino acids,Amino acid catabolism,2,Catabolizes ornithine; proline and arginine in Avena exudates,blue,Not detected,turquoise,turquoise,
K00294,1-pyrroline-5-carboxylate dehydrogenase (E1.2.1.88),Proline,Amino acids,Proline catabolism (step 2),2,Second step proline oxidation; proline in root exudates; increases under drought (Gargallo-Garriga 2018),blue,tan,turquoise,turquoise,
K01904,4-coumarate-CoA ligase (4CL),Coumarins/Phenylpropanoids,Aromatics/Phenolics,Aromatic acid activation,1,Cinnamic acid in Avena barbata; coumarins in Avena fatua exudates (Iannucci 2012; Zhalnina 2018),red,Not detected,blue,blue,
K00241,Nicotinate dehydrogenase subunit (ndh),Nicotinate,Aromatics/Phenolics,Aromatic acid catabolism,1,Nicotinic acid specifically preferred substrate for Avena barbata rhizosphere bacteria (Zhalnina 2018),Not detected,Not detected,turquoise,turquoise,
K00763,Nicotinate phosphoribosyltransferase (pncB),Nicotinate,Aromatics/Phenolics,Nicotinate salvage/catabolism,1,Nicotinic acid specifically consumed by Avena rhizosphere bacteria (Zhalnina 2018),Not detected,Not detected,blue,brown,
K00800,Shikimate kinase (aroK),Shikimate,Aromatics/Phenolics,Aromatic acid catabolism,1,Shikimic acid confirmed preferred substrate in Avena barbata rhizosphere (Zhalnina 2018),Not detected,Not detected,blue,blue,
K04103,Indolepyruvate decarboxylase (ipdC),Tryptophan/IAA,Aromatics/Phenolics,Auxin-related catabolism,1,IAA confirmed preferred substrate in Avena barbata rhizosphere bacteria (Zhalnina 2018),Not detected,Not detected,black,green,
K10216,2-hydroxymuconate-semialdehyde hydrolase (dmpD/xylF),Catechol/Aromatics,Aromatics/Phenolics,Aromatic catabolism,2,Meta-cleavage pathway; downstream of catechol from Avena-confirmed aromatic exudates,Not detected,Not detected,turquoise,brown,
K03381,"Catechol 1,2-dioxygenase (catA)",Catechol/Phenolics,Aromatics/Phenolics,Ring cleavage,2,Catechol from aromatic acid degradation; downstream of salicylate/cinnamate in Avena rhizosphere,blue,red,turquoise,brown,
K00448,"Protocatechuate 3,4-dioxygenase alpha (pcaG)",Phenylpropanoids,Aromatics/Phenolics,Ring cleavage,2,Phenolic ring cleavage; downstream of aromatic exudate catabolism,Not detected,Not detected,turquoise,Not detected,
K00449,"Protocatechuate 3,4-dioxygenase beta (pcaH)",Phenylpropanoids,Aromatics/Phenolics,Ring cleavage,2,Always paired with pcaG; phenolic ring cleavage,pink,pink,brown,brown,
K00130,Betaine-aldehyde dehydrogenase (betB),Betaine/Quaternary amines,Quaternary amines,Quaternary amine catabolism,1,Quaternary amines including betaine confirmed in Avena barbata exudates (Zhalnina 2018),black,Not detected,blue,black,
K09470,Gamma-glutamylputrescine synthase (puuA),Putrescine,Quaternary amines,Polyamine catabolism (step 1),1,First step putrescine catabolism; Quaternary amines actively exuded by roots; rhizosphere-enriched,Not detected,Not detected,grey,brown,
K14083,Rhizopine catabolism enzyme,Rhizopines,Quaternary amines,Rhizosphere signaling/catabolism,1,Rhizopines are plant-root-specific compounds; nearly exclusive to rhizosphere bacteria,Not detected,Not detected,brown,Not detected,
K08174,Glucose/mannose:H+ symporter (glcP),Glucose,Simple sugars,Glucose uptake (transporter),2,Dedicated MFS-type glucose/mannose transporter; fills a gap since prior glucose entries were all catabolic enzymes with no uptake step,Not detected,Not detected,turquoise,turquoise,"New addition; bacteria-only detection, same module in both moisture conditions"
K17315,Glucose/mannose ABC transport substrate-binding protein (gtsA/glcE),Glucose,Simple sugars,Glucose uptake (transporter),2,ABC-type glucose/mannose transport system component; complements K08174 (MFS-type) as an alternate high-affinity uptake route,Not detected,Not detected,black,black,"New addition; bacteria-only detection, same module in both moisture conditions"
K17317,Glucose/mannose ABC transport permease protein (gtsC/glcG),Glucose,Simple sugars,Glucose uptake (transporter),2,Permease subunit pairing with K17315 in the same ABC glucose/mannose transport system,Not detected,Not detected,blue,blue,"New addition; bacteria-only detection, same module in both moisture conditions"
K19813,Glucose dehydrogenase (gdh),Glucose,Simple sugars,Glucose catabolism,2,"Second, distinct glucose dehydrogenase KO (separate from K00034); broadens coverage of glucose oxidation routes",Not detected,Not detected,brown,brown,"New addition; bacteria-only detection, same module in both moisture conditions"
K25026,Glucokinase (glk),Glucose,Simple sugars,Glucose catabolism (phosphorylation),2,First committed step of glucose catabolism (glucose -> glucose-6-phosphate); distinct KO from the K00845 glk flagged earlier as an annotation conflict,Not detected,Not detected,blue,blue,"New addition; bacteria-only detection, same module in both moisture conditions"
K22969,Glucose 1-dehydrogenase (gdh),Glucose,Simple sugars,Glucose catabolism,2,Paralog/duplicate KO for the same reaction as K00034 (glucose 1-dehydrogenase); included for completeness though likely functionally redundant,Not detected,Not detected,brown,brown,New addition; likely redundant with K00034 (same gene symbol/function)
K00886,Polyphosphate glucokinase (ppgK),Glucose,Simple sugars,Glucose catabolism (ATP-independent phosphorylation),3,"Alternate, polyphosphate-driven glucokinase route; more marginal/context-specific (relevant mainly under energy-limited conditions) than the ATP-dependent glucokinases",Not detected,Not detected,blue,blue,"New addition; bacteria-only detection, same module in both moisture conditions"