"","MEsalmon","MEblack","MEbrown","MEblue","MEturquoise","MEtan","MEgreen","MEpurple","MEgrey"
"DRIP_134.Drought.RhizoDetritus.8weeks",0.196692992287729,-0.533586392162005,0.18119443948209,0.966783038854618,1.14018505313263,-0.911620792733254,-0.203604894195348,-0.885956350522445,-0.627305298718216
"DRIP_15.Drought.Rhizo.4weeks",0.941641809914657,-0.212416316148858,0.273180435377954,-0.0427816311246328,1.29523300170358,-0.613429169014662,0.0610512048683753,-0.681905062556885,-0.769866996323943
"DRIP_157.Drought.Rhizo.12weeks",1.95322021846738,-2.50578243236243,-1.79369889295572,-1.15573612273407,0.60362732244697,-0.212146978124961,-1.89952627897464,-0.996605990055765,-0.649380784951158
"DRIP_159.Drought.Rhizo.12weeks",0.923125800261639,-0.793620734215351,-0.0392733178721406,0.168401157406625,1.29892042822546,-0.596428374469817,-0.612630770682715,-0.66500881381774,-0.301614355351241
"DRIP_160.Drought.Rhizo.12weeks",1.58454367001973,-1.81890088852544,-1.0548193028288,-0.298811575126131,1.02882394138987,-0.443586315781845,-1.34575769725367,-1.30992759173126,-1.25935164103256
"DRIP_162B.Drought.Bulk.12weeks",-0.195129095989066,0.595834463515854,-0.636363636916585,-0.633026152403094,-0.97687115497567,0.445599511215057,0.722507650718222,1.47248564541303,1.70394788814132
"DRIP_163.Drought.Detritus.12weeks",-0.349426677363774,-0.0662142304921992,0.069779092876214,1.24501273883422,-0.390981622134884,0.0950735843775759,-0.479470288692168,0.374756016430232,1.11236572591678
"DRIP_163B.Drought.Bulk.12weeks",0.0785654909274454,1.39405461737872,-1.60291794796414,-1.40414531630192,-1.27182444998141,-1.01844479569686,2.56133252740476,2.10818274637231,-0.0928307468289535
"DRIP_164.Drought.Detritus.12weeks",-0.175611042913809,-0.406720819061346,-1.03089667441345,1.66574604021092,-0.325096792804946,-2.19763651160052,-0.24994921794827,1.05996014639549,1.64025735986636
"DRIP_164B.Drought.Bulk.12weeks",-0.321003692827383,1.36145399211381,-0.549617739848938,-0.765197258210171,-0.806350981908665,-0.620420457077147,2.19637846857998,1.95696339937284,0.525464856445846
"DRIP_17.Drought.Detritus.4weeks",-1.21385945958747,1.46862555899996,1.47629209103017,0.00805132442954336,-0.472307337288571,1.01321689455054,0.63437681193622,-0.430126850745743,0.402805144156143
"DRIP_17B.Drought.Bulk.4weeks",-1.36675134405139,1.53203129567471,1.4727729363567,0.0459244670565107,-0.535656131399927,0.713966307893171,0.667296342381867,-0.45006673840447,0.00762450050787561
"DRIP_18B.Drought.Bulk.4weeks",-1.99000928843126,1.74981996221201,1.75951900592914,0.797625188693028,-0.172246422229738,0.653221611914555,0.745726860193362,-0.556107571225185,1.15220325415412
"DRIP_19.Drought.Detritus.4weeks",-1.61973989429908,1.07118185263676,1.30667005482781,0.217478692949909,-0.318462972642704,0.395383924675077,0.444407208397729,-0.324709085520059,0.578168996354688
"DRIP_194.Drought.Rhizo.12weeks",-0.0513815493278846,0.0228138498024683,0.566487905714246,-0.0575990244038953,1.31301329335525,-0.658932876055205,0.00137793814111468,-0.372955261799685,0.192779088413928
"DRIP_19B.Drought.Bulk.4weeks",-2.02662413318115,1.42187754146952,1.44977041461068,0.442935641795171,-0.431320363827783,0.18521377373556,0.812985281981153,-0.0910431517951403,1.12057417401624
"DRIP_203B.Drought.Bulk.12weeks",-1.62037672785429,0.761719787665207,0.955500725448524,0.458204840997971,-0.315876641604474,0.540309521185469,-0.0840291633314331,0.135736091651805,1.49176046312551
"DRIP_215.Drought.RhizoDetritus.12weeks",-0.230231148960743,-0.320096436350658,0.360951678771816,0.739855187399955,1.31050793135471,-1.12193979898524,-0.276821002251758,-0.397298897097661,0.48407179157874
"DRIP_49.Drought.Rhizo.4weeks",0.0988014202251241,0.307695468646792,0.555698381960924,-0.411982593134588,0.475544032309879,0.246790835807563,0.118550794962772,-0.606615677447099,-1.50093863310895
"DRIP_51.Drought.Rhizo.4weeks",0.830583656416036,-0.388131088469151,0.295639056767837,-0.245563568505351,1.11166324715908,-0.715689351333103,-0.158786710034397,-0.784965197698492,-0.690980803082451
"DRIP_56.Drought.Detritus.4weeks",-1.54336697960472,0.677374927142107,0.996880188763916,1.33407955115616,0.166759383516918,-0.408142040659938,0.227049936444971,-0.424550317285997,0.617126142719867
"DRIP_67.Drought.RhizoDetritus.4weeks",0.465678444440622,-0.350274894499433,0.197232107323069,0.493721217417064,1.04915751522406,-0.519544470495675,-0.369431223925128,-0.806114957394501,-0.189348166787616
"DRIP_69.Drought.RhizoDetritus.4weeks",0.265214485860882,-0.090679785059222,0.415870298110975,0.0676448805005667,0.903405317779123,-0.11376412670632,-0.221638697092817,-0.709587296304887,-0.852946532972299
"DRIP_70.Drought.RhizoDetritus.4weeks",0.197319556258515,0.410512016918031,0.799999616818479,0.268421037964694,1.18272075367241,-0.963502486213995,0.337212744088885,-0.61524406909176,0.258102910533869
"DRIP_71.Drought.RhizoDetritus.4weeks",0.278116323700858,0.128629525894983,0.57125642521837,0.190815455921865,1.1480699749725,-1.0218203664476,0.127956962159252,-0.670305457413679,0.153554369869795
"DRIP_85.Drought.Rhizo.8weeks",1.0461310353163,-0.526866348479059,-0.11219064072932,-0.881476055237808,0.4784056448288,0.400063832222382,-0.519446785327373,-0.85687135202758,-1.20723437828845
"DRIP_88.Drought.Rhizo.8weeks",1.30693818518163,-0.557304961674777,0.0138703622192535,-0.978171668929637,0.647118875442452,-0.0266467287636442,-0.437623969774449,-0.885127321381855,-1.53075818168667
"DRIP_89B.Drought.Bulk.8weeks",0.533805628532082,-0.248830011845592,-1.62404790855701,-1.92220427842091,-1.4999372270344,-0.176666444308264,1.88895110455757,2.2590484927717,-2.21444125255422
"DRIP_90.Drought.Detritus.8weeks",0.329488817987078,-1.01113801685829,-1.14996141014015,0.977288732040204,-1.29641078693738,1.06749826389892,-1.51555102494317,0.279254394797825,-1.41196597530058
"DRIP_90B.Drought.Bulk.8weeks",1.23768800511498,-1.71647860161272,-1.9051798507218,-2.28727311444832,-1.73798059806888,1.11335439586756,1.32266724660926,2.03592504818445,1.07451128537368
"DRIP_91.Drought.Detritus.8weeks",0.246754998266685,-0.898085588988822,-1.08090657560207,0.99687026033281,-1.11844937545466,0.917166702087271,-1.46586485623098,0.377011594188061,0.192622056134769
"DRIP_91B.Drought.Bulk.8weeks",-0.589145774705437,0.747065085446968,0.454724215276136,-1.27460477723645,-1.30544191703351,2.6879896693102,-0.365990459653536,0.768925439998569,1.21373517321308
"DRIP_92.Drought.Detritus.8weeks",0.0760081817570153,-0.604203382024624,-0.670820521073546,1.20019077773083,-1.05630119855821,0.824556447094834,-1.36234552016085,0.0401354135972599,0.481076732322493
"DRIP_92B.Drought.Bulk.8weeks",0.419739326154398,-0.0147387719002467,-0.759528563095709,-1.48662921811377,-1.46670800617365,2.35663705025592,-0.922339711519267,1.28263890380363,-0.716736564769201
"DRIP_95.Drought.RhizoDetritus.8weeks",0.282598762006674,-0.586620244787684,-0.163066450164929,1.56015212263808,0.345068263545779,-1.31568024162361,-0.37902081143353,-0.629930321659322,-0.387051601088599
