"","KO","moduleColors","Enzyme","Root_Exudate","Root_Exudate_Class","Role","Tier","Tier_Justification","Fungal_Normal_Module","Fungal_Drought_Module","Bacteria_Normal_Module","Bacteria_Drought_Module","Notes"
"1","K00003","turquoise","Homoserine dehydrogenase (hom/HSD)","Homoserine","Amino acids","Amino acid catabolism",1,"Homoserine confirmed dominant early-stage Avena barbata exudate (Zhalnina 2018)","Not detected","Not detected","turquoise","turquoise",""
"2","K00033","blue","6-phosphogluconate dehydrogenase (PGD/gnd/gntZ)","Gluconate","Organic acids","Phosphate solubilization",2,"Pentose phosphate pathway; processes gluconate from periplasmic glucose oxidation","blue","black","brown","blue",""
"3","K00036","turquoise","Glucose-6-phosphate 1-dehydrogenase (G6PD/zwf)","Glucose/Gluconate","Simple sugars","Glucose catabolism / pentose phosphate pathway",2,"Entry point to pentose phosphate pathway; complements existing gluconate-pathway genes (K00117 gcd, K00033 6-phosphogluconate dehydrogenase)","blue","black","Not detected","Not detected",""
"4","K00130","blue","Betaine-aldehyde dehydrogenase (betB)","Betaine/Quaternary amines","Quaternary amines","Quaternary amine catabolism",1,"Quaternary amines including betaine confirmed in Avena barbata exudates (Zhalnina 2018)","black","Not detected","blue","black",""
"5","K00239","turquoise","Succinate dehydrogenase flavoprotein subunit (sdhA/frdA)","Succinate","Organic acids","Organic acid catabolism",2,"Oxidizes succinate from root exudates; TCA/respiratory chain","Not detected","Not detected","turquoise","turquoise",""
"6","K00240","turquoise","Succinate dehydrogenase iron-sulfur subunit (sdhB/frdB)","Succinate","Organic acids","Organic acid catabolism",2,"Succinate dehydrogenase iron-sulfur subunit; pairs with sdhA","Not detected","Not detected","turquoise","turquoise",""
"7","K00241","turquoise","Nicotinate dehydrogenase subunit (ndh)","Nicotinate","Aromatics/Phenolics","Aromatic acid catabolism",1,"Nicotinic acid specifically preferred substrate for Avena barbata rhizosphere bacteria (Zhalnina 2018)","Not detected","Not detected","turquoise","turquoise",""
"8","K00262","blue","Glutamate dehydrogenase NADP+ (gdhA)","Glutamate","Amino acids","Amino acid catabolism",2,"NADP-linked glutamate dehydrogenase; glutamate confirmed in Avena exudates","blue","grey","turquoise","blue",""
"9","K00294","turquoise","1-pyrroline-5-carboxylate dehydrogenase (E1.2.1.88)","Proline","Amino acids","Proline catabolism (step 2)",2,"Second step proline oxidation; proline in root exudates; increases under drought (Gargallo-Garriga 2018)","blue","tan","turquoise","turquoise",""
"10","K00800","blue","Shikimate kinase (aroK)","Shikimate","Aromatics/Phenolics","Aromatic acid catabolism",1,"Shikimic acid confirmed preferred substrate in Avena barbata rhizosphere (Zhalnina 2018)","Not detected","Not detected","blue","blue",""
"11","K00819","turquoise","Ornithine--oxo-acid transaminase (rocD/OAT)","Ornithine/Proline","Amino acids","Amino acid catabolism",2,"Catabolizes ornithine; proline and arginine in Avena exudates","blue","Not detected","turquoise","turquoise",""
"12","K00823","blue","4-aminobutyrate aminotransferase (puuE)","GABA","Amino acids","GABA catabolism",2,"GABA catabolism; GABA among most abundant amino acids in root exudates","Not detected","Not detected","black","blue",""
"13","K00847","turquoise","Fructokinase (scrK)","Fructose","Simple sugars","Fructose catabolism",2,"Phosphorylates fructose; pairs with PTS/ABC uptake; fructose dominant in Avena exudates","Not detected","Not detected","turquoise","turquoise",""
"14","K00882","turquoise","1-phosphofructokinase (fruK)","Fructose","Simple sugars","Fructose catabolism",2,"Acts on fructose-1-phosphate from PTS; dedicated fructose catabolism","Not detected","Not detected","turquoise","turquoise",""
"15","K00886","blue","Polyphosphate glucokinase (ppgK)","Glucose","Simple sugars","Glucose catabolism (ATP-independent phosphorylation)",3,"Alternate, polyphosphate-driven glucokinase route; more marginal/context-specific (relevant mainly under energy-limited conditions) than the ATP-dependent glucokinases","Not detected","Not detected","blue","blue","New addition; bacteria-only detection, same module in both moisture conditions"
"16","K01488","blue","Adenosine deaminase (add)","Amino acids/Adenosine","Amino acids","Nucleoside catabolism",2,"Amino acids confirmed in Avena barbata exudates (Zhalnina 2018)","Not detected","Not detected","blue","blue",""
"17","K01783","blue","Ribulose-phosphate 3-epimerase (rpe/RPE)","Arabinose","Mucilage sugars","Arabinose catabolism",2,"Arabinose from root mucilage; pentose phosphate pathway","Not detected","Not detected","turquoise","blue",""
"18","K01805","blue","Xylose isomerase (xylA)","Xylose","Mucilage sugars","Xylose catabolism",2,"Xylose from root mucilage and cell wall turnover","Not detected","Not detected","blue","blue",""
"19","K01902","turquoise","Succinyl-CoA synthetase alpha subunit (sucD)","Succinate","Organic acids","Organic acid catabolism",2,"Succinate documented in grass root exudates; TCA enzyme","Not detected","Not detected","turquoise","turquoise",""
"20","K01904","blue","4-coumarate-CoA ligase (4CL)","Coumarins/Phenylpropanoids","Aromatics/Phenolics","Aromatic acid activation",1,"Cinnamic acid in Avena barbata; coumarins in Avena fatua exudates (Iannucci 2012; Zhalnina 2018)","red","Not detected","blue","blue",""
"21","K01958","turquoise","Pyruvate carboxylase (PC/pyc)","Pyruvate/Anaplerosis","Organic acids","Central metabolism",2,"Anaplerotic TCA replenishment when growing on exudate carbon","Not detected","black","grey","turquoise",""
"22","K02768","turquoise","Fructose PTS EIIA (fruB)","Fructose","Simple sugars","Fructose uptake",1,"Dedicated fructose PTS; fructose dominant early-stage Avena barbata exudate (Zhalnina 2018)","Not detected","Not detected","turquoise","turquoise",""
"23","K02770","turquoise","Fructose PTS EIIBC/EIIC (fruA)","Fructose","Simple sugars","Fructose uptake",1,"Dedicated fructose PTS; fructose dominant early-stage Avena barbata exudate (Zhalnina 2018)","Not detected","Not detected","turquoise","turquoise",""
"24","K03332","turquoise","Fructan beta-fructosidase / levanase (fruA)","Fructose/Fructan","Simple sugars","Fructan catabolism",2,"Hydrolyzes fructans released from grass roots; major C source in California grasslands","Not detected","Not detected","turquoise","turquoise",""
"25","K08174","turquoise","Glucose/mannose:H+ symporter (glcP)","Glucose","Simple sugars","Glucose uptake (transporter)",2,"Dedicated MFS-type glucose/mannose transporter; fills a gap since prior glucose entries were all catabolic enzymes with no uptake step","Not detected","Not detected","turquoise","turquoise","New addition; bacteria-only detection, same module in both moisture conditions"
"26","K10546","blue","ABC sugar transport substrate-binding protein (chvE)","Fructose","Simple sugars","Fructose uptake",1,"Dedicated fructose ABC transporter; rhizosphere-enriched","Not detected","Not detected","brown","blue",""
"27","K10548","blue","ABC sugar transport ATP-binding protein (gguA)","Fructose","Simple sugars","Fructose uptake",1,"Dedicated fructose ABC transporter; rhizosphere-enriched","Not detected","Not detected","blue","blue",""
"28","K10552","turquoise","Fructose ABC transport substrate-binding protein (frcB)","Fructose","Simple sugars","Fructose uptake",1,"Dedicated fructose ABC transporter; rhizosphere-enriched","Not detected","Not detected","turquoise","turquoise",""
"29","K10553","turquoise","Fructose ABC transport permease (frcC)","Fructose","Simple sugars","Fructose uptake",1,"Dedicated fructose ABC transporter; rhizosphere-enriched","Not detected","Not detected","turquoise","turquoise",""
"30","K10554","turquoise","Fructose ABC transport ATP-binding protein (frcA)","Fructose","Simple sugars","Fructose uptake",1,"Dedicated fructose ABC transporter; rhizosphere-enriched","Not detected","Not detected","turquoise","turquoise",""
"31","K11103","turquoise","C4-dicarboxylate transporter (dctA)","Malate/Succinate/Fumarate","Organic acids","Organic acid uptake",1,"Aerobic C4-dicarboxylate transporter; takes up malate succinate fumarate; rhizosphere-enriched","Not detected","Not detected","turquoise","turquoise",""
"32","K17317","blue","Glucose/mannose ABC transport permease protein (gtsC/glcG)","Glucose","Simple sugars","Glucose uptake (transporter)",2,"Permease subunit pairing with K17315 in the same ABC glucose/mannose transport system","Not detected","Not detected","blue","blue","New addition; bacteria-only detection, same module in both moisture conditions"
"33","K25026","blue","Glucokinase (glk)","Glucose","Simple sugars","Glucose catabolism (phosphorylation)",2,"First committed step of glucose catabolism (glucose -> glucose-6-phosphate); distinct KO from the K00845 glk flagged earlier as an annotation conflict","Not detected","Not detected","blue","blue","New addition; bacteria-only detection, same module in both moisture conditions"
