"","MEblue","MEgreenyellow","MEmagenta","MEtan","MEpink","MEblack","MEred","MEgrey"
"DRIP_104B.Untrt.Bulk.8weeks",-0.276685495759384,0.0777061970585496,0.0683658594569965,0.0695283404925241,0.0285615205817381,0.0677461412614695,0.0430769597737387,0.0181670278407393
"DRIP_106.Untrt.Detritus.8weeks",0.00460057252603999,-0.0123414101792703,0.0826059836212244,-0.0141010860606934,0.0217975440511739,0.0387025340090502,0.0169791738175404,-0.165442662702128
"DRIP_109.Untrt.RhizoDetritus.8weeks",0.0482957962429489,-0.442866227409684,-0.466584760872513,0.282281580644995,-0.249675536263826,-0.230647092501967,-0.281490294290313,-0.445297684713751
"DRIP_145.Untrt.Rhizo.12weeks",-0.215028194915299,0.0538757241359862,0.0524224011397689,0.047468316708475,0.00949592618988281,0.0832357283662212,0.0259332701060002,-0.0251069537841032
"DRIP_146.Untrt.Rhizo.12weeks",0.0127733422592119,-0.00180102261114589,0.0674775194705471,-0.00431668428285063,-0.0169981237384137,0.0506498717977626,0.0197984596619895,0.00688895994871849
"DRIP_147.Untrt.Rhizo.12weeks",-0.139565083591132,0.0263954139075851,0.0285727263639148,0.0772434425483592,0.0186629568386539,0.0509269840552374,0.0328059591486042,0.0739721714898443
"DRIP_149B.Untrt.Bulk.12weeks",-0.23299833298135,0.0626927969872674,0.0559720638735803,0.0556303383954553,0.0324416291912126,0.0685442220699196,0.0362968582455998,0.0196808423918803
"DRIP_156.Untrt.RhizoDetritus.12weeks",0.349619507665055,-0.0501733902796101,-0.00917410083349563,-0.0824014364265771,0.0237704858954767,0.322562764418752,-0.0712299320734285,0.0178837410082692
"DRIP_171.Untrt.Rhizo.12weeks",0.00489302294979124,-0.342705199179945,-0.231883558566127,-0.280811182319463,-0.190922043072694,-0.218831368845497,-0.206808787412379,-0.0330023371884762
"DRIP_175.Untrt.Detritus.12weeks",-0.0161585314336687,0.0203504145453983,0.0801085789259226,0.0465566195327017,-0.0125000668243429,0.0316124758101283,0.0127924423335599,-0.0525141408353746
"DRIP_176.Untrt.Detritus.12weeks",0.204844977425962,-0.0531756152188666,0.0118713806282967,0.14944715033003,0.0680782034029138,0.134662574343539,0.0348780317673666,0.239807746755246
"DRIP_178.Untrt.Detritus.12weeks",0.200973029198227,-0.0686957203067285,-0.0840393315027759,0.0481878003960365,0.00920530914165499,0.218951684040273,0.0979164359921734,0.109850778236765
"DRIP_182.Untrt.RhizoDetritus.12weeks",0.0384277528643804,-0.273990794069681,-0.54203592332669,-0.465255105200782,-0.167472657612174,-0.180270879801297,-0.195509825128102,0.22204947657016
"DRIP_192.Untrt.RhizoDetritus.12weeks",0.0567493416845231,-0.328512545714431,-0.249001322454637,-0.345352535684361,-0.118513831343269,-0.162043945076817,-0.157220088819205,0.253051769793182
"DRIP_27.Untrt.Rhizo.4weeks",0.110019617172134,0.100039818514333,-0.0624252870633975,0.0151154263637626,0.0889602357658268,0.18665838440802,-0.014946782752244,0.198855606640379
"DRIP_28.Untrt.Rhizo.4weeks",-0.086603786884564,0.00220535989004679,0.0666978042057478,0.0384257236476079,0.0116735445002389,0.0626869435732224,0.000259154113949068,-0.143972739340483
"DRIP_30.Untrt.Rhizo.4weeks",-0.0629550730760522,-0.00076675483135107,0.00375091007428407,0.0828330063759708,0.00358512129317351,0.0676136782212223,0.0223955052360524,-0.07737919963899
"DRIP_31.Untrt.Detritus.4weeks",0.0821573476046369,0.11692657911997,0.11571654166118,-0.292271579899481,-0.231270431741749,-0.396347110161607,-0.202535427220114,-0.116977566489692
"DRIP_31B.Untrt.Bulk.4weeks",-0.207506979441823,0.0687143142503911,0.0569334219296538,0.0467497838596393,0.0235789797904517,0.0670874652284233,0.0241110403448199,-0.012398470392602
"DRIP_32.Untrt.Detritus.4weeks",0.349278059041138,-0.0459735426087548,-0.0449556335582766,-0.00400180199055925,0.815336202959632,-0.0295508749006375,0.0361819882031605,-0.000595250583466084
"DRIP_32B.Untrt.Bulk.4weeks",-0.165706330798818,0.07908414786933,0.0345856469693608,0.0564268781587478,0.0213824479819671,0.0513224236279098,0.103617400288531,0.0839321215872613
"DRIP_42.Untrt.RhizoDetritus.4weeks",-0.204729360955879,0.0567998387361823,0.045733572072838,0.0433536609798353,0.0133195220642647,0.0497944631838562,0.0329246505681929,-0.0147563412547761
"DRIP_44.Untrt.RhizoDetritus.4weeks",-0.0436765944017768,0.027689172499313,0.00711605869323321,0.00420927995956359,0.02448040684182,0.0742292349726962,0.018670576936043,-0.000672668185859465
"DRIP_5.Untrt.Detritus.4weeks",0.0818739058908367,0.348418461588319,0.114585975901729,-0.0857420804016595,-0.240611480496377,-0.44484595371312,-0.165716429348041,0.167176793781766
"DRIP_5B.Untrt.Bulk.4weeks",-0.114547306280323,0.0367654648351741,0.0456969006303854,0.0344544736869528,0.00673778667027565,0.0868811665031919,-0.00384384701785007,-0.0457667883994602
"DRIP_6.Untrt.Detritus.4weeks",0.0375145518010834,0.205052786285023,0.0634399628487629,-0.0737635969597642,-0.166779203294629,-0.282538558202954,-0.176865595427006,-0.287060776586026
"DRIP_6B.Untrt.Bulk.4weeks",-0.0952666396106871,0.0213752605498706,0.0255940387300204,0.0409572817806129,0.0197334287988867,0.0736308234285039,0.018740398237159,-0.345346714258847
"DRIP_76.Untrt.Rhizo.8weeks",0.0397582471199539,-0.00865531322442404,-0.0102300951720168,0.0408901658198322,0.00898505362613289,0.175098984963993,0.0316261710882242,0.14660799585125
"DRIP_77.Untrt.Detritus.8weeks",0.0550128316938278,-0.336345163454743,0.519862315902361,-0.193241408419581,-0.108105439382339,-0.301189190757339,-0.170937515678683,0.403015508121165
"DRIP_77B.Untrt.Bulk.8weeks",-0.202748402312767,0.0886354469431027,0.0555477267698104,0.0603723342287108,0.0204026984182739,0.053243922078605,0.0240475196098385,0.0526143310266382
"DRIP_78.Untrt.Detritus.8weeks",0.177808576638417,0.348404859576986,0.0538369867928323,-0.00616623716556233,-0.0174820394864514,0.025388952402312,0.0784523732790027,0.0459976411555336
"DRIP_78B.Untrt.Bulk.8weeks",-0.196174140740667,0.106930793959695,0.0608581099302203,0.0519126357542165,0.0174101391302775,0.0279659782264102,0.0422430480307437,0.0316258265924519
"DRIP_82.Untrt.RhizoDetritus.8weeks",0.27214310118299,0.10899028539204,-0.0599069711495443,0.540309696256822,0.107609214850326,0.090962905864973,0.0818756385415175,-0.161862542788975
"DRIP_83.Untrt.RhizoDetritus.8weeks",-0.151823750742542,0.0653549682566213,0.0485040157104813,0.0338218423414866,0.0170052031173333,0.06980829833001,0.015996733890915,0.0450380385368686
"DRIP_97.Untrt.Rhizo.8weeks",0.28543042296558,-0.0564054058125426,-0.00561951780366942,-0.0187510434509962,0.108117292154683,0.0162963687755406,0.795484735952649,-0.208063540185104
