"contrast","Timepoint","estimate","SE","df","t.ratio","p.value","Module"
"Bulk - Detritus","4weeks",0.151338572287561,0.109606387253319,24,1.3807459225692,0.540243477744052,"MEmagenta"
"Bulk - Rhizo","4weeks",-0.0765175578568349,0.118388429113007,24,-0.646326321162652,0.579050693277761,"MEmagenta"
"Bulk - RhizoDetritus","4weeks",0.0754982096179722,0.134239860660263,24,0.56241275316163,0.579050693277761,"MEmagenta"
"Detritus - Rhizo","4weeks",-0.227856130144396,0.118388429113007,24,-1.92464864895621,0.397242012565676,"MEmagenta"
"Detritus - RhizoDetritus","4weeks",-0.0758403626695887,0.134239860660263,24,-0.564961571746017,0.579050693277761,"MEmagenta"
"Rhizo - RhizoDetritus","4weeks",0.152015767474807,0.141501237490022,24,1.07430698254866,0.579050693277761,"MEmagenta"
"Bulk - Detritus","8weeks",0.157364071183606,0.118388429113007,24,1.32921833968584,0.392548476409037,"MEmagenta"
"Bulk - Rhizo","8weeks",-0.0618928759767687,0.141501237490022,24,-0.437401658633078,0.828552846998561,"MEmagenta"
"Bulk - RhizoDetritus","8weeks",-0.0510143153431557,0.126562554371213,24,-0.403075898685869,0.828552846998561,"MEmagenta"
"Detritus - Rhizo","8weeks",-0.219256947160374,0.134239860660263,24,-1.6333222195103,0.34635976174223,"MEmagenta"
"Detritus - RhizoDetritus","8weeks",-0.208378386526761,0.118388429113007,24,-1.76012460075685,0.34635976174223,"MEmagenta"
"Rhizo - RhizoDetritus","8weeks",0.010878560633613,0.141501237490022,24,0.0768796148117086,0.939356642013912,"MEmagenta"
"Bulk - Detritus","12weeks",0.0752137352663814,0.178986480880351,24,0.420220202645697,0.678063098843551,"MEmagenta"
"Bulk - Rhizo","12weeks",0.326487616774937,0.173302914911468,24,1.88391301405244,0.21524332719118,"MEmagenta"
"Bulk - RhizoDetritus","12weeks",0.217054819366048,0.178986480880351,24,1.21268834550217,0.410245480294592,"MEmagenta"
"Detritus - Rhizo","12weeks",0.251273881508556,0.118388429113007,24,2.12245304200045,0.21524332719118,"MEmagenta"
"Detritus - RhizoDetritus","12weeks",0.141841084099667,0.126562554371213,24,1.12071919537624,0.410245480294592,"MEmagenta"
"Rhizo - RhizoDetritus","12weeks",-0.109432797408889,0.118388429113007,24,-0.92435382603507,0.437403982783742,"MEmagenta"
"Bulk - Detritus","4weeks",0.0527145452476935,0.0887459460514008,24,0.593993839641551,0.669689009231468,"MEpink"
"Bulk - Rhizo","4weeks",-0.25657569300076,0.0958565773990036,24,-2.67666236332185,0.0203091809108388,"MEpink"
"Bulk - RhizoDetritus","4weeks",-0.289695606104303,0.108691142283248,24,-2.66531016252787,0.0203091809108388,"MEpink"
"Detritus - Rhizo","4weeks",-0.309290238248454,0.0958565773990036,24,-3.22659379920307,0.012991765435763,"MEpink"
"Detritus - RhizoDetritus","4weeks",-0.342410151351997,0.108691142283248,24,-3.15030410168733,0.012991765435763,"MEpink"
"Rhizo - RhizoDetritus","4weeks",-0.0331199131035427,0.114570523700166,24,-0.289078831394874,0.775003427657555,"MEpink"
"Bulk - Detritus","8weeks",0.0643884683191393,0.0958565773990036,24,0.671716746688356,0.969866821838592,"MEpink"
"Bulk - Rhizo","8weeks",0.0241321076254073,0.114570523700166,24,0.210631031839932,0.969866821838592,"MEpink"
"Bulk - RhizoDetritus","8weeks",0.06072949504961,0.102474991684529,24,0.592627469895943,0.969866821838592,"MEpink"
"Detritus - Rhizo","8weeks",-0.040256360693732,0.108691142283248,24,-0.370373885563043,0.969866821838592,"MEpink"
"Detritus - RhizoDetritus","8weeks",-0.00365897326952935,0.0958565773990036,24,-0.0381713323051255,0.969866821838592,"MEpink"
"Rhizo - RhizoDetritus","8weeks",0.0365973874242027,0.114570523700166,24,0.319431091368484,0.969866821838592,"MEpink"
"Bulk - Detritus","12weeks",0.0674162774053452,0.14492152304433,24,0.465191615359459,0.845041901039707,"MEpink"
"Bulk - Rhizo","12weeks",0.176970971249381,0.140319661314426,24,1.26119867730315,0.528705199700486,"MEpink"
"Bulk - RhizoDetritus","12weeks",0.0556811613262995,0.14492152304433,24,0.384215954653382,0.845041901039707,"MEpink"
"Detritus - Rhizo","12weeks",0.109554693844036,0.0958565773990036,24,1.14290220678351,0.528705199700486,"MEpink"
"Detritus - RhizoDetritus","12weeks",-0.0117351160790457,0.102474991684529,24,-0.114516877592657,0.909780743426705,"MEpink"
"Rhizo - RhizoDetritus","12weeks",-0.121289809923082,0.0958565773990036,24,-1.2653258984849,0.528705199700486,"MEpink"
"Bulk - Detritus","4weeks",-0.205300200756726,0.046016487642257,24,-4.46144873882549,0.000490114555873705,"MEred"
"Bulk - Rhizo","4weeks",-0.243587931709549,0.0497034873768262,24,-4.90082174441385,0.000320742311407358,"MEred"
"Bulk - RhizoDetritus","4weeks",-0.180294467943209,0.0563584572393087,24,-3.1990667732022,0.00769874571090222,"MEred"
"Detritus - Rhizo","4weeks",-0.038287730952823,0.0497034873768262,24,-0.770322827904311,0.538350373841441,"MEred"
"Detritus - RhizoDetritus","4weeks",0.025005732813517,0.0563584572393087,24,0.443690868033132,0.661240496076889,"MEred"
"Rhizo - RhizoDetritus","4weeks",0.06329346376634,0.0594070300964736,24,1.06542043363479,0.445931100902197,"MEred"
"Bulk - Detritus","8weeks",-0.527213454420455,0.0497034873768262,24,-10.6071722980602,9.21364718939565e-10,"MEred"
"Bulk - Rhizo","8weeks",-0.467144113832057,0.0594070300964736,24,-7.86344836753229,8.54902765582637e-08,"MEred"
"Bulk - RhizoDetritus","8weeks",-0.418201687942033,0.0531352630548364,24,-7.87051129323371,8.54902765582637e-08,"MEred"
"Detritus - Rhizo","8weeks",0.060069340588398,0.0563584572393087,24,1.06584430324862,0.356519528530404,"MEred"
"Detritus - RhizoDetritus","8weeks",0.109011766478422,0.0497034873768262,24,2.19324180719857,0.0573258846039508,"MEred"
"Rhizo - RhizoDetritus","8weeks",0.0489424258900236,0.0594070300964736,24,0.823849059792149,0.418137563119609,"MEred"
"Bulk - Detritus","12weeks",-0.261237543967421,0.0751446096524116,24,-3.47646418253817,0.00292909071300017,"MEred"
"Bulk - Rhizo","12weeks",-0.227053446105448,0.0727584554352617,24,-3.12064686842443,0.0055812818430976,"MEred"
"Bulk - RhizoDetritus","12weeks",-0.483078046198683,0.0751446096524116,24,-6.42864536036857,7.19497220780105e-06,"MEred"
"Detritus - Rhizo","12weeks",0.0341840978619723,0.0497034873768262,24,0.687760550940945,0.498197235417377,"MEred"
"Detritus - RhizoDetritus","12weeks",-0.221840502231262,0.0531352630548363,24,-4.17501466027033,0.000676566721982153,"MEred"
"Rhizo - RhizoDetritus","12weeks",-0.256024600093234,0.0497034873768262,24,-5.15103896336665,8.50912278507342e-05,"MEred"
"Bulk - Detritus","4weeks",-0.0732182953269877,0.038812417753461,24,-1.88646571290856,0.0856668608285857,"MEturquoise"
"Bulk - Rhizo","4weeks",-0.372514966142267,0.0419222025564104,24,-8.8858634190561,2.81016537772909e-08,"MEturquoise"
"Bulk - RhizoDetritus","4weeks",-0.388437753070436,0.0475353095898592,24,-8.1715624957937,6.4901980929426e-08,"MEturquoise"
"Detritus - Rhizo","4weeks",-0.29929667081528,0.0419222025564104,24,-7.1393355445136,4.4508506753928e-07,"MEturquoise"
"Detritus - RhizoDetritus","4weeks",-0.315219457743448,0.0475353095898592,24,-6.63126969116648,1.10587083631267e-06,"MEturquoise"
"Rhizo - RhizoDetritus","4weeks",-0.0159227869281688,0.0501066158617332,24,-0.317778134769807,0.753401660561312,"MEturquoise"
"Bulk - Detritus","8weeks",-0.150199408682807,0.0419222025564104,24,-3.58281291353189,0.00180044382854459,"MEturquoise"
"Bulk - Rhizo","8weeks",-0.396782082372193,0.0501066158617331,24,-7.91875634680845,2.26748846397127e-07,"MEturquoise"
"Bulk - RhizoDetritus","8weeks",-0.331964908697068,0.0448167196757218,24,-7.40716659092969,3.59775663198038e-07,"MEturquoise"
"Detritus - Rhizo","8weeks",-0.246582673689386,0.0475353095898592,24,-5.1873581095176,5.17550061904714e-05,"MEturquoise"
"Detritus - RhizoDetritus","8weeks",-0.181765500014261,0.0419222025564104,24,-4.33578125504447,0.000337336056901205,"MEturquoise"
"Rhizo - RhizoDetritus","8weeks",0.0648171736751245,0.0501066158617332,24,1.29358513961479,0.208120773087347,"MEturquoise"
"Bulk - Detritus","12weeks",-0.0640925186803015,0.0633804127864789,24,-1.01123542530752,0.386389005054805,"MEturquoise"
"Bulk - Rhizo","12weeks",-0.331638774211946,0.0613678207994461,24,-5.40411521692717,2.99848681101098e-05,"MEturquoise"
"Bulk - RhizoDetritus","12weeks",-0.327271224689421,0.0633804127864789,24,-5.16360197577064,4.12163853811734e-05,"MEturquoise"
"Detritus - Rhizo","12weeks",-0.267546255531645,0.0419222025564104,24,-6.38197039317376,8.05355837139921e-06,"MEturquoise"
"Detritus - RhizoDetritus","12weeks",-0.26317870600912,0.0448167196757218,24,-5.87233309160932,1.40030329926399e-05,"MEturquoise"
"Rhizo - RhizoDetritus","12weeks",0.00436754952252507,0.0419222025564104,24,0.104182253226035,0.917890469088654,"MEturquoise"
"Bulk - Detritus","4weeks",0.0133564209208013,0.125325389415101,24,0.106573943102322,0.916012834772638,"MEgreenyellow"
"Bulk - Rhizo","4weeks",0.0935875484021382,0.135366891954376,24,0.69136217173163,0.916012834772638,"MEgreenyellow"
"Bulk - RhizoDetritus","4weeks",0.0542175873708257,0.153491627941298,24,0.353228303706316,0.916012834772638,"MEgreenyellow"
"Detritus - Rhizo","4weeks",0.0802311274813369,0.135366891954376,24,0.592693873095483,0.916012834772638,"MEgreenyellow"
"Detritus - RhizoDetritus","4weeks",0.0408611664500243,0.153491627941298,24,0.266211043547283,0.916012834772638,"MEgreenyellow"
"Rhizo - RhizoDetritus","4weeks",-0.0393699610313126,0.161794382020548,24,-0.243333300820745,0.916012834772638,"MEgreenyellow"
"Bulk - Detritus","8weeks",-0.258309120107522,0.135366891954376,24,-1.90821489936093,0.173499898863497,"MEgreenyellow"
"Bulk - Rhizo","8weeks",0.015819232086123,0.161794382020548,24,0.0977736797073334,0.978347474083754,"MEgreenyellow"
"Bulk - RhizoDetritus","8weeks",0.0113820092038218,0.144713294630206,24,0.0786521323621779,0.978347474083754,"MEgreenyellow"
"Detritus - Rhizo","8weeks",0.274128352193645,0.153491627941298,24,1.78594986495604,0.173499898863497,"MEgreenyellow"
"Detritus - RhizoDetritus","8weeks",0.269691129311343,0.135366891954376,24,1.99229756565763,0.173499898863497,"MEgreenyellow"
"Rhizo - RhizoDetritus","8weeks",-0.00443722288230117,0.161794382020548,24,-0.027425073892477,0.978347474083754,"MEgreenyellow"
"Bulk - Detritus","12weeks",-0.0155487184462986,0.204655503921731,24,-0.0759750807984382,0.977015674741472,"MEgreenyellow"
"Bulk - Rhizo","12weeks",0.0308022346886785,0.198156839599637,24,0.155443711914826,0.977015674741472,"MEgreenyellow"
"Bulk - RhizoDetritus","12weeks",0.00595801536593475,0.204655503921731,24,0.0291124120864756,0.977015674741472,"MEgreenyellow"
"Detritus - Rhizo","12weeks",0.0463509531349771,0.135366891954376,24,0.342409820198865,0.977015674741472,"MEgreenyellow"
"Detritus - RhizoDetritus","12weeks",0.0215067338122333,0.144713294630206,24,0.148616157673631,0.977015674741472,"MEgreenyellow"
"Rhizo - RhizoDetritus","12weeks",-0.0248442193227437,0.135366891954376,24,-0.183532464726436,0.977015674741472,"MEgreenyellow"
"Bulk - Detritus","4weeks",-0.158245664298063,0.0607859727106242,24,-2.60332536013535,0.0187041427965552,"MEblack"
"Bulk - Rhizo","4weeks",0.248877815015371,0.0656563545396753,24,3.79061275576879,0.00178566549997131,"MEblack"
"Bulk - RhizoDetritus","4weeks",0.251504453149651,0.074447308329886,24,3.37828806429375,0.0037300932915274,"MEblack"
"Detritus - Rhizo","4weeks",0.407123479313435,0.0656563545396753,24,6.20082370042971,1.25026876929711e-05,"MEblack"
"Detritus - RhizoDetritus","4weeks",0.409750117447714,0.074447308329886,24,5.50389431988671,3.50222656858467e-05,"MEblack"
"Rhizo - RhizoDetritus","4weeks",0.00262663813427971,0.078474353330422,24,0.0334712937769625,0.973575577574971,"MEblack"
"Bulk - Detritus","8weeks",-0.201784972158647,0.0656563545396753,24,-3.07335022745911,0.0104196918376892,"MEblack"
"Bulk - Rhizo","8weeks",0.146976890328527,0.078474353330422,24,1.87292897731403,0.106640692515624,"MEblack"
"Bulk - RhizoDetritus","8weeks",0.0078164337978856,0.0701895954148643,24,0.111361716101733,0.912255625209949,"MEblack"
"Detritus - Rhizo","8weeks",0.348761862487174,0.0744473083298861,24,4.68468061923425,0.000555496135483638,"MEblack"
"Detritus - RhizoDetritus","8weeks",0.209601405956532,0.0656563545396753,24,3.1924009096465,0.0104196918376892,"MEblack"
"Rhizo - RhizoDetritus","8weeks",-0.139160456530642,0.078474353330422,24,-1.77332403039623,0.106640692515624,"MEblack"
"Bulk - Detritus","12weeks",-0.0378616413546404,0.0992630777731814,24,-0.381427235624864,0.706242257515244,"MEblack"
"Bulk - Rhizo","12weeks",0.227628865697575,0.0961110617772057,24,2.36839403798534,0.0688530593577469,"MEblack"
"Bulk - RhizoDetritus","12weeks",0.119545476135801,0.0992630777731814,24,1.20432973485837,0.288246350047878,"MEblack"
"Detritus - Rhizo","12weeks",0.265490507052215,0.0656563545396753,24,4.04363764807842,0.00283120816567012,"MEblack"
"Detritus - RhizoDetritus","12weeks",0.157407117490442,0.0701895954148642,24,2.24259901428506,0.0688530593577469,"MEblack"
"Rhizo - RhizoDetritus","12weeks",-0.108083389561773,0.0656563545396753,24,-1.6461984574008,0.169135731923411,"MEblack"
"Bulk - Detritus","4weeks",-0.18643090537187,0.051878741241059,24,-3.59358960745796,0.00292141519331555,"MEblue"
"Bulk - Rhizo","4weeks",0.0219436441284564,0.0560354449571835,24,0.391602924634997,0.698807064366184,"MEblue"
"Bulk - RhizoDetritus","4weeks",0.0935978075678147,0.0635382222692383,24,1.47309452838012,0.23058100146294,"MEblue"
"Detritus - Rhizo","4weeks",0.208374549500327,0.0560354449571835,24,3.71862041355333,0.00292141519331555,"MEblue"
"Detritus - RhizoDetritus","4weeks",0.280028712939685,0.0635382222692383,24,4.40724815612696,0.00112513220932903,"MEblue"
"Rhizo - RhizoDetritus","4weeks",0.0716541634393583,0.0669751669496085,24,1.06986166220788,0.354388706969861,"MEblue"
"Bulk - Detritus","8weeks",-0.554301246639067,0.0560354449571835,24,-9.89197546414785,3.64469445411359e-09,"MEblue"
"Bulk - Rhizo","8weeks",-0.18533707166567,0.0669751669496084,24,-2.76725061103792,0.0128546884192099,"MEblue"
"Bulk - RhizoDetritus","8weeks",-0.277199654476203,0.0599044104414887,24,-4.62736637308126,0.000160670779949718,"MEblue"
"Detritus - Rhizo","8weeks",0.368964174973396,0.0635382222692383,24,5.80696408863848,1.64617218705891e-05,"MEblue"
"Detritus - RhizoDetritus","8weeks",0.277101592162864,0.0560354449571835,24,4.9451127295339,9.55499342668418e-05,"MEblue"
"Rhizo - RhizoDetritus","8weeks",-0.0918625828105323,0.0669751669496085,24,-1.37159169576462,0.182878370122897,"MEblue"
"Bulk - Detritus","12weeks",-0.193446048136395,0.0847176296923177,24,-2.28342139456644,0.0473293116295931,"MEblue"
"Bulk - Rhizo","12weeks",0.031694790632861,0.0820274922321283,24,0.386392290808652,0.702610599308834,"MEblue"
"Bulk - RhizoDetritus","12weeks",-0.231698421789895,0.0847176296923177,24,-2.73494929722882,0.0230829479729621,"MEblue"
"Detritus - Rhizo","12weeks",0.225140838769256,0.0560354449571836,24,4.01782905340157,0.00151107569121838,"MEblue"
"Detritus - RhizoDetritus","12weeks",-0.0382523736534998,0.0599044104414887,24,-0.638556883735007,0.634990002451437,"MEblue"
"Rhizo - RhizoDetritus","12weeks",-0.263393212422756,0.0560354449571836,24,-4.70047507651655,0.000533624731747161,"MEblue"
"Bulk - Detritus","4weeks",0.252210034652787,0.120851023534409,24,2.08694992625344,0.268027779834765,"MEpurple"
"Bulk - Rhizo","4weeks",0.202445006038952,0.130534024443948,24,1.55089837229284,0.268027779834765,"MEpurple"
"Bulk - RhizoDetritus","4weeks",0.249052729388029,0.148011671276191,24,1.68265601787101,0.268027779834765,"MEpurple"
"Detritus - Rhizo","4weeks",-0.0497650286138341,0.130534024443948,24,-0.381241816651439,0.92125815028033,"MEpurple"
"Detritus - RhizoDetritus","4weeks",-0.00315730526475752,0.148011671276191,24,-0.0213314614822905,0.983157608011275,"MEpurple"
"Rhizo - RhizoDetritus","4weeks",0.0466077233490766,0.156018000506962,24,0.298732987204235,0.92125815028033,"MEpurple"
"Bulk - Detritus","8weeks",-0.0823731406839525,0.130534024443948,24,-0.631047277021048,0.996080253894498,"MEpurple"
"Bulk - Rhizo","8weeks",-0.083107888478022,0.156018000506962,24,-0.532681409888428,0.996080253894498,"MEpurple"
"Bulk - RhizoDetritus","8weeks",-0.0770422009658325,0.139546741938866,24,-0.552088854927076,0.996080253894498,"MEpurple"
"Detritus - Rhizo","8weeks",-0.000734747794069568,0.148011671276191,24,-0.00496412065166483,0.996080253894498,"MEpurple"
"Detritus - RhizoDetritus","8weeks",0.00533093971811999,0.130534024443948,24,0.0408394649657731,0.996080253894498,"MEpurple"
"Rhizo - RhizoDetritus","8weeks",0.00606568751218955,0.156018000506962,24,0.0388781261936432,0.996080253894498,"MEpurple"
"Bulk - Detritus","12weeks",-0.0672819647355267,0.197348895034922,24,-0.340929016722495,0.894987695639293,"MEpurple"
"Bulk - Rhizo","12weeks",-0.0254907669147945,0.191082245965672,24,-0.133402068758256,0.894987695639293,"MEpurple"
"Bulk - RhizoDetritus","12weeks",-0.0898151606818152,0.197348895034922,24,-0.455108505502004,0.894987695639293,"MEpurple"
"Detritus - Rhizo","12weeks",0.0417911978207322,0.130534024443948,24,0.320155591607286,0.894987695639293,"MEpurple"
"Detritus - RhizoDetritus","12weeks",-0.0225331959462885,0.139546741938865,24,-0.161474181576809,0.894987695639293,"MEpurple"
"Rhizo - RhizoDetritus","12weeks",-0.0643243937670206,0.130534024443948,24,-0.492778752827327,0.894987695639293,"MEpurple"
"Bulk - Detritus","4weeks",0.166039587229492,0.0753494029435947,24,2.2035952607851,0.0448705617416203,"MEbrown"
"Bulk - Rhizo","4weeks",0.486585191864235,0.0813866570428812,24,5.97868507620189,2.15444439367809e-05,"MEbrown"
"Bulk - RhizoDetritus","4weeks",0.425210727477672,0.0922837948175859,24,4.60764241780663,0.000337877679276451,"MEbrown"
"Detritus - Rhizo","4weeks",0.320545604634743,0.0813866570428812,24,3.93855229200351,0.0012306610211589,"MEbrown"
"Detritus - RhizoDetritus","4weeks",0.25917114024818,0.0922837948175859,24,2.80841442162706,0.0146053704789584,"MEbrown"
"Rhizo - RhizoDetritus","4weeks",-0.0613744643865627,0.0972756609157382,24,-0.630933409331716,0.534047020020058,"MEbrown"
"Bulk - Detritus","8weeks",0.206084836761818,0.0813866570428812,24,2.53216982057925,0.0548777139994483,"MEbrown"
"Bulk - Rhizo","8weeks",0.21974675923616,0.0972756609157381,24,2.25901070388521,0.0664875859673933,"MEbrown"
"Bulk - RhizoDetritus","8weeks",0.274247731365298,0.087005996145524,24,3.1520555308234,0.0258740560192405,"MEbrown"
"Detritus - Rhizo","8weeks",0.0136619224743426,0.0922837948175859,24,0.148042486780563,0.88354602194489,"MEbrown"
"Detritus - RhizoDetritus","8weeks",0.0681628946034804,0.0813866570428812,24,0.837519282399897,0.615845714776896,"MEbrown"
"Rhizo - RhizoDetritus","8weeks",0.0545009721291378,0.0972756609157382,24,0.560273470424914,0.696582919597866,"MEbrown"
"Bulk - Detritus","12weeks",0.0749097857847107,0.123045059756781,24,0.608799621315819,0.549882580468633,"MEbrown"
"Bulk - Rhizo","12weeks",0.124270135368275,0.119137866817777,24,1.04307839889686,0.460958302252135,"MEbrown"
"Bulk - RhizoDetritus","12weeks",0.260109993285779,0.123045059756781,24,2.11394097251795,0.135306365475905,"MEbrown"
"Detritus - Rhizo","12weeks",0.049360349583564,0.0813866570428812,24,0.606491916206325,0.549882580468633,"MEbrown"
"Detritus - RhizoDetritus","12weeks",0.185200207501069,0.087005996145524,24,2.12859131215862,0.135306365475905,"MEbrown"
"Rhizo - RhizoDetritus","12weeks",0.135839857917505,0.0813866570428812,24,1.66906791423971,0.216197455412724,"MEbrown"
"Bulk - Detritus","4weeks",0.25260722433686,0.0448670695146641,24,5.63012532508502,3.27132119077626e-05,"MEgreen"
"Bulk - Rhizo","4weeks",0.268050419972987,0.048461973903663,24,5.53114944318697,3.27132119077626e-05,"MEgreen"
"Bulk - RhizoDetritus","4weeks",0.15843268654827,0.0549507132824547,24,2.8831779804914,0.0163537384489359,"MEgreen"
"Detritus - Rhizo","4weeks",0.0154431956361268,0.048461973903663,24,0.318666252984786,0.752736340381424,"MEgreen"
"Detritus - RhizoDetritus","4weeks",-0.0941745377885904,0.0549507132824547,24,-1.71380009763512,0.119345443276263,"MEgreen"
"Rhizo - RhizoDetritus","4weeks",-0.109617733424717,0.0579231376744748,24,-1.89246884450154,0.105827395790948,"MEgreen"
"Bulk - Detritus","8weeks",0.521824225774596,0.048461973903663,24,10.767704733033,6.82374803854012e-10,"MEgreen"
"Bulk - Rhizo","8weeks",0.427637224634407,0.0579231376744748,24,7.38283942830768,2.53607220261844e-07,"MEgreen"
"Bulk - RhizoDetritus","8weeks",0.46479212580776,0.051808029324082,24,8.9714303337091,1.17504662773307e-08,"MEgreen"
"Detritus - Rhizo","8weeks",-0.0941870011401889,0.0549507132824547,24,-1.71402690727696,0.149118366783697,"MEgreen"
"Detritus - RhizoDetritus","8weeks",-0.057032099966836,0.048461973903663,24,-1.17684228216146,0.300958563767032,"MEgreen"
"Rhizo - RhizoDetritus","8weeks",0.0371549011733529,0.0579231376744749,24,0.641451804323197,0.527308278679446,"MEgreen"
"Bulk - Detritus","12weeks",0.302090092985881,0.0732676177099397,24,4.12310516471043,0.000771733896416016,"MEgreen"
"Bulk - Rhizo","12weeks",0.321237380535925,0.0709410658017219,24,4.5282288460928,0.000413532630727373,"MEgreen"
"Bulk - RhizoDetritus","12weeks",0.491595439949322,0.0732676177099396,24,6.70958679038135,3.67007492113806e-06,"MEgreen"
"Detritus - Rhizo","12weeks",0.0191472875500435,0.048461973903663,24,0.395099208878825,0.696259422951613,"MEgreen"
"Detritus - RhizoDetritus","12weeks",0.18950534696344,0.0518080293240819,24,3.65783739385263,0.0018670456072687,"MEgreen"
"Rhizo - RhizoDetritus","12weeks",0.170358059413397,0.048461973903663,24,3.51529344950021,0.0021287265857773,"MEgreen"
"Bulk - Detritus","4weeks",0.201352647721222,0.0949703513687017,24,2.12016323851972,0.0890483316948418,"MEgrey"
"Bulk - Rhizo","4weeks",0.253982233573071,0.102579703542873,24,2.47595016168982,0.0621987466079743,"MEgrey"
"Bulk - RhizoDetritus","4weeks",0.325217711919179,0.116314450773075,24,2.79602155843617,0.0601280037382887,"MEgrey"
"Detritus - Rhizo","4weeks",0.0526295858518483,0.102579703542873,24,0.513060420669394,0.612599613766598,"MEgrey"
"Detritus - RhizoDetritus","4weeks",0.123865064197957,0.116314450773075,24,1.06491552317616,0.446266813469089,"MEgrey"
"Rhizo - RhizoDetritus","4weeks",0.0712354783461085,0.122606196411483,24,0.581010425501111,0.612599613766598,"MEgrey"
"Bulk - Detritus","8weeks",0.0258098173283119,0.102579703542873,24,0.251607447057251,0.952894773370867,"MEgrey"
"Bulk - Rhizo","8weeks",-0.0523729668013797,0.122606196411483,24,-0.427164110251075,0.952894773370867,"MEgrey"
"Bulk - RhizoDetritus","8weeks",0.0319330625374987,0.109662315855507,24,0.29119449364515,0.952894773370867,"MEgrey"
"Detritus - Rhizo","8weeks",-0.0781827841296916,0.116314450773075,24,-0.672167418666004,0.952894773370867,"MEgrey"
"Detritus - RhizoDetritus","8weeks",0.00612324520918678,0.102579703542873,24,0.0596925609813988,0.952894773370867,"MEgrey"
"Rhizo - RhizoDetritus","8weeks",0.0843060293388784,0.122606196411483,24,0.68761638323675,0.952894773370867,"MEgrey"
"Bulk - Detritus","12weeks",0.114040867718933,0.155085934364099,24,0.735339850042083,0.469258142739742,"MEgrey"
"Bulk - Rhizo","12weeks",0.356624650055976,0.150161310255793,24,2.37494364859018,0.0793958256703263,"MEgrey"
"Bulk - RhizoDetritus","12weeks",0.206977612335141,0.155085934364099,24,1.33459951209511,0.291797645446584,"MEgrey"
"Detritus - Rhizo","12weeks",0.242583782337043,0.102579703542873,24,2.36483216424636,0.0793958256703263,"MEgrey"
"Detritus - RhizoDetritus","12weeks",0.0929367446162073,0.109662315855507,24,0.8474811414585,0.469258142739742,"MEgrey"
"Rhizo - RhizoDetritus","12weeks",-0.149647037720835,0.102579703542873,24,-1.45883671479213,0.291797645446584,"MEgrey"
