"KO","moduleColors"
"K00003","blue"
"K00004","blue"
"K00008","turquoise"
"K00010","brown"
"K00012","red"
"K00013","blue"
"K00015","grey"
"K00019","blue"
"K00020","grey"
"K00021","pink"
"K00023","green"
"K00024","grey"
"K00025","blue"
"K00027","turquoise"
"K00029","turquoise"
"K00030","brown"
"K00031","red"
"K00033","brown"
"K00034","blue"
"K00036","pink"
"K00038","blue"
"K00042","blue"
"K00045","turquoise"
"K00052","blue"
"K00053","blue"
"K00054","grey"
"K00057","blue"
"K00058","blue"
"K00059","turquoise"
"K00060","grey"
"K00064","blue"
"K00065","blue"
"K00066","blue"
"K00074","turquoise"
"K00076","blue"
"K00077","grey"
"K00087","red"
"K00088","blue"
"K00091","blue"
"K00099","turquoise"
"K00104","grey"
"K00108","blue"
"K00111","blue"
"K00113","turquoise"
"K00114","green"
"K00117","grey"
"K00118","brown"
"K00119","green"
"K00121","brown"
"K00123","green"
"K00124","green"
"K00127","brown"
"K00128","grey"
"K00130","blue"
"K00131","turquoise"
"K00133","blue"
"K00134","black"
"K00135","blue"
"K00137","grey"
"K00138","turquoise"
"K00139","grey"
"K00140","black"
"K00141","red"
"K00145","blue"
"K00146","turquoise"
"K00147","blue"
"K00148","pink"
"K00151","grey"
"K00153","grey"
"K00156","pink"
"K00161","blue"
"K00162","black"
"K00163","blue"
"K00164","blue"
"K00166","greenyellow"
"K00167","black"
"K00170","brown"
"K00174","turquoise"
"K00175","green"
"K00176","magenta"
"K00184","black"
"K00185","black"
"K00201","blue"
"K00208","grey"
"K00215","blue"
"K00231","turquoise"
"K00232","turquoise"
"K00234","blue"
"K00235","grey"
"K00239","turquoise"
"K00240","turquoise"
"K00241","turquoise"
"K00242","blue"
"K00244","turquoise"
"K00245","grey"
"K00248","purple"
"K00249","turquoise"
"K00252","blue"
"K00255","turquoise"
"K00259","turquoise"
"K00260","brown"
"K00261","black"
"K00262","turquoise"
"K00264","turquoise"
"K00265","blue"
"K00266","blue"
"K00271","blue"
"K00274","blue"
"K00275","blue"
"K00276","blue"
"K00278","blue"
"K00281","blue"
"K00282","grey"
"K00283","grey"
"K00284","grey"
"K00285","turquoise"
"K00294","turquoise"
"K00297","blue"
"K00299","turquoise"
"K00301","turquoise"
"K00309","grey"
"K00310","blue"
"K00311","blue"
"K00318","turquoise"
"K00320","purple"
"K00322","grey"
"K00324","blue"
"K00325","grey"
"K00330","grey"
"K00331","green"
"K00332","blue"
"K00333","brown"
"K00334","blue"
"K00335","blue"
"K00336","blue"
"K00337","black"
"K00338","magenta"
"K00339","blue"
"K00340","blue"
"K00341","blue"
"K00342","blue"
"K00343","blue"
"K00344","blue"
"K00359","turquoise"
"K00362","red"
"K00365","blue"
"K00366","red"
"K00367","pink"
"K00368","magenta"
"K00370","green"
"K00371","grey"
"K00372","blue"
"K00375","red"
"K00380","red"
"K00381","blue"
"K00382","turquoise"
"K00384","turquoise"
"K00385","black"
"K00387","blue"
"K00390","turquoise"
"K00392","turquoise"
"K00404","green"
"K00405","grey"
"K00406","brown"
"K00410","turquoise"
"K00411","red"
"K00412","grey"
"K00413","turquoise"
"K00423","blue"
"K00425","turquoise"
"K00426","turquoise"
"K00428","green"
"K00432","turquoise"
"K00433","green"
"K00435","turquoise"
"K00446","green"
"K00448","turquoise"
"K00449","brown"
"K00450","turquoise"
"K00451","green"
"K00453","blue"
"K00457","blue"
"K00459","blue"
"K00468","turquoise"
"K00469","brown"
"K00477","brown"
"K00479","turquoise"
"K00481","purple"
"K00483","grey"
"K00485","turquoise"
"K00494","blue"
"K00496","red"
"K00500","grey"
"K00505","blue"
"K00507","turquoise"
"K00508","blue"
"K00518","green"
"K00520","blue"
"K00525","turquoise"
"K00526","turquoise"
"K00528","blue"
"K00529","blue"
"K00540","turquoise"
"K00548","turquoise"
"K00549","blue"
"K00553","blue"
"K00554","blue"
"K00558","blue"
"K00560","grey"
"K00566","blue"
"K00567","red"
"K00568","turquoise"
"K00570","blue"
"K00573","blue"
"K00574","blue"
"K00575","turquoise"
"K00577","magenta"
"K00598","black"
"K00600","grey"
"K00602","blue"
"K00605","blue"
"K00606","purple"
"K00609","turquoise"
"K00611","brown"
"K00612","blue"
"K00615","turquoise"
"K00616","magenta"
"K00617","pink"
"K00620","blue"
"K00626","turquoise"
"K00627","pink"
"K00632","blue"
"K00634","brown"
"K00635","turquoise"
"K00638","blue"
"K00639","red"
"K00640","blue"
"K00641","black"
"K00643","grey"
"K00645","turquoise"
"K00647","pink"
"K00648","turquoise"
"K00652","blue"
"K00655","turquoise"
"K00656","brown"
"K00658","grey"
"K00661","turquoise"
"K00666","turquoise"
"K00677","turquoise"
"K00681","blue"
"K00688","purple"
"K00692","grey"
"K00694","turquoise"
"K00697","pink"
"K00700","pink"
"K00702","brown"
"K00703","blue"
"K00705","blue"
"K00710","black"
"K00721","turquoise"
"K00728","blue"
"K00754","red"
"K00759","brown"
"K00761","grey"
"K00762","blue"
"K00763","blue"
"K00764","turquoise"
"K00765","turquoise"
"K00766","blue"
"K00767","blue"
"K00772","blue"
"K00773","turquoise"
"K00784","turquoise"
"K00789","blue"
"K00790","turquoise"
"K00793","turquoise"
"K00794","blue"
"K00795","turquoise"
"K00799","blue"
"K00800","blue"
"K00801","grey"
"K00803","turquoise"
"K00806","blue"
"K00809","red"
"K00812","red"
"K00816","purple"
"K00817","brown"
"K00819","turquoise"
"K00820","turquoise"
"K00821","red"
"K00822","grey"
"K00823","black"
"K00824","blue"
"K00826","blue"
"K00830","grey"
"K00831","blue"
"K00832","grey"
"K00836","red"
"K00847","turquoise"
"K00850","blue"
"K00852","blue"
"K00853","blue"
"K00855","green"
"K00857","red"
"K00858","blue"
"K00860","blue"
"K00864","green"
"K00867","grey"
"K00868","turquoise"
"K00872","blue"
"K00873","blue"
"K00882","turquoise"
"K00886","blue"
"K00903","turquoise"
"K00917","purple"
"K00919","blue"
"K00925","blue"
"K00927","blue"
"K00928","blue"
"K00930","blue"
"K00931","blue"
"K00936","turquoise"
"K00937","blue"
"K00939","blue"
"K00940","red"
"K00942","blue"
"K00943","blue"
"K00944","turquoise"
"K00945","greenyellow"
"K00948","red"
"K00951","grey"
"K00954","purple"
"K00955","turquoise"
"K00956","turquoise"
"K00957","turquoise"
"K00958","grey"
"K00962","turquoise"
"K00965","blue"
"K00969","blue"
"K00970","blue"
"K00971","blue"
"K00973","blue"
"K00975","green"
"K00978","brown"
"K00986","black"
"K00989","blue"
"K00990","turquoise"
"K00991","blue"
"K01000","blue"
"K01005","blue"
"K01006","blue"
"K01007","blue"
"K01008","grey"
"K01009","blue"
"K01011","red"
"K01012","blue"
"K01027","grey"
"K01028","grey"
"K01029","blue"
"K01032","grey"
"K01041","grey"
"K01046","blue"
"K01051","turquoise"
"K01052","black"
"K01053","brown"
"K01055","turquoise"
"K01056","blue"
"K01057","blue"
"K01061","brown"
"K01069","grey"
"K01087","grey"
"K01091","blue"
"K01092","red"
"K01113","grey"
"K01114","brown"
"K01118","turquoise"
"K01126","turquoise"
"K01129","blue"
"K01133","brown"
"K01134","brown"
"K01135","grey"
"K01137","grey"
"K01138","brown"
"K01139","grey"
"K01142","red"
"K01151","turquoise"
"K01153","blue"
"K01167","grey"
"K01176","blue"
"K01178","black"
"K01179","black"
"K01180","turquoise"
"K01181","black"
"K01182","turquoise"
"K01183","black"
"K01184","green"
"K01186","green"
"K01190","blue"
"K01195","turquoise"
"K01196","grey"
"K01198","black"
"K01201","blue"
"K01202","black"
"K01204","black"
"K01206","black"
"K01207","blue"
"K01208","grey"
"K01209","blue"
"K01213","green"
"K01214","turquoise"
"K01218","black"
"K01224","blue"
"K01225","blue"
"K01227","blue"
"K01228","turquoise"
"K01236","pink"
"K01241","grey"
"K01243","blue"
"K01251","turquoise"
"K01255","grey"
"K01256","blue"
"K01259","black"
"K01264","purple"
"K01265","turquoise"
"K01271","blue"
"K01273","blue"
"K01278","brown"
"K01280","blue"
"K01281","grey"
"K01283","grey"
"K01284","grey"
"K01286","grey"
"K01296","blue"
"K01299","magenta"
"K01302","grey"
"K01303","blue"
"K01312","blue"
"K01318","brown"
"K01322","grey"
"K01336","blue"
"K01338","greenyellow"
"K01342","grey"
"K01354","turquoise"
"K01356","blue"
"K01358","green"
"K01363","blue"
"K01365","brown"
"K01400","black"
"K01406","brown"
"K01416","blue"
"K01417","brown"
"K01419","grey"
"K01420","grey"
"K01421","turquoise"
"K01423","pink"
"K01424","blue"
"K01426","brown"
"K01427","magenta"
"K01428","brown"
"K01429","magenta"
"K01430","magenta"
"K01431","black"
"K01432","brown"
"K01433","blue"
"K01434","blue"
"K01439","blue"
"K01447","blue"
"K01448","turquoise"
"K01449","red"
"K01451","blue"
"K01452","turquoise"
"K01453","brown"
"K01455","green"
"K01458","grey"
"K01462","red"
"K01463","grey"
"K01464","brown"
"K01465","red"
"K01466","blue"
"K01468","blue"
"K01470","grey"
"K01471","blue"
"K01473","blue"
"K01474","blue"
"K01475","turquoise"
"K01478","brown"
"K01482","turquoise"
"K01488","blue"
"K01491","blue"
"K01494","magenta"
"K01495","red"
"K01496","blue"
"K01497","turquoise"
"K01507","turquoise"
"K01523","red"
"K01533","turquoise"
"K01535","turquoise"
"K01537","brown"
"K01546","turquoise"
"K01547","turquoise"
"K01551","blue"
"K01560","green"
"K01561","blue"
"K01563","magenta"
"K01565","grey"
"K01566","green"
"K01569","grey"
"K01574","brown"
"K01576","blue"
"K01577","turquoise"
"K01578","turquoise"
"K01579","blue"
"K01580","brown"
"K01581","turquoise"
"K01583","brown"
"K01584","brown"
"K01585","blue"
"K01586","grey"
"K01588","red"
"K01589","blue"
"K01593","blue"
"K01595","blue"
"K01596","grey"
"K01599","blue"
"K01601","green"
"K01602","green"
"K01604","grey"
"K01607","brown"
"K01608","turquoise"
"K01609","red"
"K01610","grey"
"K01611","grey"
"K01613","blue"
"K01616","black"
"K01619","blue"
"K01620","blue"
"K01621","brown"
"K01622","magenta"
"K01623","grey"
"K01624","black"
"K01625","red"
"K01626","turquoise"
"K01628","brown"
"K01635","grey"
"K01637","green"
"K01638","grey"
"K01640","blue"
"K01644","turquoise"
"K01647","turquoise"
"K01649","blue"
"K01652","red"
"K01653","blue"
"K01654","blue"
"K01657","blue"
"K01658","grey"
"K01659","grey"
"K01661","grey"
"K01662","turquoise"
"K01664","blue"
"K01673","turquoise"
"K01676","blue"
"K01679","blue"
"K01681","greenyellow"
"K01684","grey"
"K01687","purple"
"K01689","blue"
"K01690","turquoise"
"K01692","turquoise"
"K01693","blue"
"K01696","blue"
"K01697","red"
"K01698","blue"
"K01702","turquoise"
"K01703","turquoise"
"K01704","red"
"K01710","blue"
"K01711","grey"
"K01712","blue"
"K01714","brown"
"K01715","turquoise"
"K01719","turquoise"
"K01721","grey"
"K01724","green"
"K01725","turquoise"
"K01726","red"
"K01728","brown"
"K01729","green"
"K01733","red"
"K01736","greenyellow"
"K01737","blue"
"K01738","turquoise"
"K01740","blue"
"K01744","turquoise"
"K01745","turquoise"
"K01749","blue"
"K01752","brown"
"K01754","blue"
"K01755","blue"
"K01756","red"
"K01758","blue"
"K01759","black"
"K01760","turquoise"
"K01768","grey"
"K01772","blue"
"K01775","blue"
"K01776","turquoise"
"K01778","blue"
"K01782","red"
"K01783","turquoise"
"K01784","blue"
"K01785","brown"
"K01791","brown"
"K01795","grey"
"K01799","red"
"K01803","blue"
"K01804","blue"
"K01805","blue"
"K01808","grey"
"K01810","blue"
"K01811","blue"
"K01812","turquoise"
"K01814","brown"
"K01816","turquoise"
"K01820","turquoise"
"K01821","turquoise"
"K01822","brown"
"K01823","red"
"K01825","red"
"K01834","blue"
"K01835","pink"
"K01838","blue"
"K01839","brown"
"K01840","blue"
"K01841","blue"
"K01843","turquoise"
"K01844","grey"
"K01845","grey"
"K01847","turquoise"
"K01848","green"
"K01849","grey"
"K01854","pink"
"K01858","turquoise"
"K01866","blue"
"K01867","blue"
"K01868","grey"
"K01869","blue"
"K01870","red"
"K01872","blue"
"K01873","blue"
"K01874","blue"
"K01875","blue"
"K01876","blue"
"K01880","purple"
"K01881","red"
"K01883","blue"
"K01884","blue"
"K01885","blue"
"K01886","grey"
"K01887","blue"
"K01889","blue"
"K01890","blue"
"K01892","blue"
"K01893","blue"
"K01895","purple"
"K01897","blue"
"K01899","grey"
"K01900","grey"
"K01902","turquoise"
"K01903","grey"
"K01904","blue"
"K01905","turquoise"
"K01907","blue"
"K01908","pink"
"K01912","blue"
"K01915","grey"
"K01918","blue"
"K01919","blue"
"K01921","turquoise"
"K01923","blue"
"K01926","grey"
"K01928","turquoise"
"K01933","grey"
"K01937","grey"
"K01938","blue"
"K01939","blue"
"K01940","turquoise"
"K01945","red"
"K01949","blue"
"K01950","blue"
"K01951","blue"
"K01953","blue"
"K01955","turquoise"
"K01956","red"
"K01958","grey"
"K01961","grey"
"K01962","blue"
"K01963","black"
"K01965","turquoise"
"K01966","blue"
"K01968","grey"
"K01969","turquoise"
"K01971","blue"
"K01972","blue"
"K01989","brown"
"K01990","brown"
"K01991","turquoise"
"K01994","blue"
"K01995","grey"
"K01996","grey"
"K01997","brown"
"K01998","brown"
"K01999","brown"
"K02000","turquoise"
"K02001","blue"
"K02002","brown"
"K02003","brown"
"K02005","purple"
"K02012","grey"
"K02014","brown"
"K02017","brown"
"K02024","brown"
"K02025","green"
"K02026","pink"
"K02027","green"
"K02028","red"
"K02029","blue"
"K02030","blue"
"K02031","greenyellow"
"K02032","greenyellow"
"K02033","turquoise"
"K02034","brown"
"K02035","green"
"K02036","turquoise"
"K02037","turquoise"
"K02038","red"
"K02039","red"
"K02040","turquoise"
"K02044","turquoise"
"K02045","turquoise"
"K02046","turquoise"
"K02047","turquoise"
"K02049","blue"
"K02050","red"
"K02051","brown"
"K02052","turquoise"
"K02054","brown"
"K02055","brown"
"K02056","greenyellow"
"K02057","brown"
"K02058","brown"
"K02065","green"
"K02066","green"
"K02067","turquoise"
"K02073","blue"
"K02074","turquoise"
"K02078","pink"
"K02081","blue"
"K02099","red"
"K02100","turquoise"
"K02108","turquoise"
"K02109","turquoise"
"K02110","turquoise"
"K02111","turquoise"
"K02112","green"
"K02113","turquoise"
"K02114","turquoise"
"K02115","turquoise"
"K02116","turquoise"
"K02117","magenta"
"K02118","magenta"
"K02126","turquoise"
"K02128","turquoise"
"K02132","turquoise"
"K02133","turquoise"
"K02137","blue"
"K02160","turquoise"
"K02167","blue"
"K02170","turquoise"
"K02171","black"
"K02172","grey"
"K02182","blue"
"K02192","red"
"K02195","green"
"K02197","grey"
"K02198","pink"
"K02199","turquoise"
"K02221","grey"
"K02234","black"
"K02237","turquoise"
"K02256","turquoise"
"K02257","blue"
"K02258","blue"
"K02259","turquoise"
"K02261","turquoise"
"K02262","turquoise"
"K02274","grey"
"K02275","green"
"K02276","green"
"K02277","brown"
"K02279","brown"
"K02282","brown"
"K02283","brown"
"K02291","blue"
"K02292","grey"
"K02294","blue"
"K02297","turquoise"
"K02298","turquoise"
"K02299","turquoise"
"K02303","blue"
"K02313","green"
"K02314","brown"
"K02315","blue"
"K02316","grey"
"K02335","blue"
"K02337","blue"
"K02338","blue"
"K02342","blue"
"K02343","blue"
"K02347","blue"
"K02355","turquoise"
"K02356","green"
"K02357","turquoise"
"K02358","brown"
"K02364","grey"
"K02372","green"
"K02377","blue"
"K02379","blue"
"K02381","blue"
"K02387","turquoise"
"K02388","turquoise"
"K02389","green"
"K02390","green"
"K02391","turquoise"
"K02395","red"
"K02396","blue"
"K02397","green"
"K02400","turquoise"
"K02401","turquoise"
"K02405","turquoise"
"K02406","green"
"K02407","grey"
"K02408","turquoise"
"K02409","turquoise"
"K02419","turquoise"
"K02420","turquoise"
"K02424","red"
"K02426","turquoise"
"K02429","green"
"K02433","blue"
"K02434","blue"
"K02435","blue"
"K02437","blue"
"K02440","brown"
"K02446","blue"
"K02450","blue"
"K02453","grey"
"K02454","brown"
"K02455","blue"
"K02456","brown"
"K02457","grey"
"K02469","red"
"K02470","turquoise"
"K02471","turquoise"
"K02472","magenta"
"K02473","grey"
"K02474","grey"
"K02475","blue"
"K02477","grey"
"K02478","blue"
"K02479","blue"
"K02480","black"
"K02481","grey"
"K02482","blue"
"K02483","turquoise"
"K02484","blue"
"K02485","turquoise"
"K02488","turquoise"
"K02490","turquoise"
"K02491","grey"
"K02492","turquoise"
"K02493","red"
"K02495","black"
"K02500","blue"
"K02501","turquoise"
"K02503","grey"
"K02510","brown"
"K02518","green"
"K02519","green"
"K02520","green"
"K02523","blue"
"K02529","blue"
"K02535","brown"
"K02536","turquoise"
"K02557","turquoise"
"K02564","brown"
"K02565","turquoise"
"K02566","blue"
"K02573","grey"
"K02574","green"
"K02575","red"
"K02584","grey"
"K02600","turquoise"
"K02601","turquoise"
"K02609","blue"
"K02610","blue"
"K02612","turquoise"
"K02613","blue"
"K02619","turquoise"
"K02622","blue"
"K02626","blue"
"K02635","green"
"K02636","green"
"K02638","blue"
"K02650","brown"
"K02651","brown"
"K02652","green"
"K02653","brown"
"K02655","brown"
"K02656","brown"
"K02657","brown"
"K02658","black"
"K02660","grey"
"K02662","green"
"K02666","brown"
"K02669","green"
"K02670","blue"
"K02682","brown"
"K02686","turquoise"
"K02689","turquoise"
"K02690","turquoise"
"K02691","grey"
"K02703","turquoise"
"K02706","turquoise"
"K02770","turquoise"
"K02781","turquoise"
"K02782","pink"
"K02783","green"
"K02784","turquoise"
"K02793","grey"
"K02795","black"
"K02798","grey"
"K02800","grey"
"K02804","grey"
"K02805","grey"
"K02806","blue"
"K02825","blue"
"K02834","turquoise"
"K02835","turquoise"
"K02836","blue"
"K02837","turquoise"
"K02838","blue"
"K02851","blue"
"K02858","turquoise"
"K02860","pink"
"K02863","turquoise"
"K02864","turquoise"
"K02867","turquoise"
"K02871","turquoise"
"K02874","turquoise"
"K02876","turquoise"
"K02878","turquoise"
"K02879","turquoise"
"K02881","grey"
"K02884","turquoise"
"K02886","turquoise"
"K02887","turquoise"
"K02888","turquoise"
"K02890","turquoise"
"K02892","turquoise"
"K02894","magenta"
"K02895","turquoise"
"K02897","turquoise"
"K02899","turquoise"
"K02902","turquoise"
"K02904","turquoise"
"K02906","turquoise"
"K02907","turquoise"
"K02909","turquoise"
"K02911","turquoise"
"K02913","green"
"K02914","blue"
"K02916","turquoise"
"K02919","turquoise"
"K02926","turquoise"
"K02931","turquoise"
"K02933","turquoise"
"K02935","blue"
"K02939","red"
"K02941","grey"
"K02945","turquoise"
"K02946","turquoise"
"K02948","turquoise"
"K02950","turquoise"
"K02952","turquoise"
"K02954","grey"
"K02955","magenta"
"K02956","green"
"K02959","turquoise"
"K02961","turquoise"
"K02963","turquoise"
"K02965","turquoise"
"K02967","grey"
"K02968","turquoise"
"K02970","grey"
"K02982","turquoise"
"K02986","turquoise"
"K02988","turquoise"
"K02990","turquoise"
"K02992","turquoise"
"K02994","grey"
"K02996","turquoise"
"K03034","turquoise"
"K03040","turquoise"
"K03041","magenta"
"K03042","grey"
"K03043","green"
"K03046","green"
"K03060","grey"
"K03070","green"
"K03071","turquoise"
"K03072","blue"
"K03073","greenyellow"
"K03074","blue"
"K03075","black"
"K03076","green"
"K03077","blue"
"K03079","grey"
"K03086","turquoise"
"K03087","turquoise"
"K03088","turquoise"
"K03089","green"
"K03090","pink"
"K03092","green"
"K03100","purple"
"K03101","blue"
"K03106","grey"
"K03110","turquoise"
"K03111","red"
"K03116","black"
"K03117","blue"
"K03118","black"
"K03119","blue"
"K03120","magenta"
"K03124","magenta"
"K03130","brown"
"K03147","grey"
"K03149","grey"
"K03153","blue"
"K03168","turquoise"
"K03169","red"
"K03177","brown"
"K03182","blue"
"K03183","blue"
"K03206","turquoise"
"K03208","greenyellow"
"K03210","blue"
"K03217","turquoise"
"K03218","blue"
"K03231","magenta"
"K03234","magenta"
"K03235","turquoise"
"K03243","greenyellow"
"K03271","grey"
"K03281","grey"
"K03282","blue"
"K03283","pink"
"K03284","turquoise"
"K03285","blue"
"K03286","black"
"K03294","green"
"K03296","blue"
"K03298","red"
"K03300","turquoise"
"K03303","pink"
"K03304","blue"
"K03305","red"
"K03306","blue"
"K03307","pink"
"K03309","turquoise"
"K03310","turquoise"
"K03313","turquoise"
"K03320","grey"
"K03321","turquoise"
"K03322","turquoise"
"K03332","turquoise"
"K03333","black"
"K03334","blue"
"K03335","blue"
"K03336","pink"
"K03338","grey"
"K03350","red"
"K03366","pink"
"K03367","blue"
"K03379","grey"
"K03381","turquoise"
"K03386","turquoise"
"K03387","turquoise"
"K03389","grey"
"K03392","grey"
"K03393","pink"
"K03396","brown"
"K03405","green"
"K03406","grey"
"K03407","grey"
"K03408","turquoise"
"K03412","red"
"K03413","blue"
"K03418","brown"
"K03426","turquoise"
"K03427","blue"
"K03431","turquoise"
"K03432","blue"
"K03433","blue"
"K03436","turquoise"
"K03437","turquoise"
"K03438","brown"
"K03441","green"
"K03442","turquoise"
"K03445","blue"
"K03446","turquoise"
"K03449","red"
"K03457","blue"
"K03464","blue"
"K03465","blue"
"K03466","blue"
"K03470","blue"
"K03472","turquoise"
"K03495","turquoise"
"K03496","black"
"K03497","blue"
"K03499","blue"
"K03500","turquoise"
"K03517","turquoise"
"K03518","brown"
"K03519","brown"
"K03520","brown"
"K03521","purple"
"K03522","turquoise"
"K03526","blue"
"K03527","turquoise"
"K03529","blue"
"K03530","brown"
"K03531","brown"
"K03535","turquoise"
"K03536","red"
"K03543","turquoise"
"K03544","green"
"K03545","blue"
"K03548","turquoise"
"K03549","red"
"K03551","black"
"K03553","black"
"K03555","blue"
"K03556","blue"
"K03558","blue"
"K03559","black"
"K03560","green"
"K03561","brown"
"K03562","green"
"K03563","green"
"K03564","brown"
"K03568","blue"
"K03569","blue"
"K03570","blue"
"K03572","red"
"K03574","blue"
"K03578","turquoise"
"K03581","blue"
"K03584","blue"
"K03585","blue"
"K03587","blue"
"K03588","blue"
"K03590","grey"
"K03592","red"
"K03593","grey"
"K03594","pink"
"K03595","blue"
"K03596","turquoise"
"K03598","black"
"K03599","blue"
"K03601","grey"
"K03605","grey"
"K03606","blue"
"K03609","blue"
"K03611","purple"
"K03616","grey"
"K03620","turquoise"
"K03621","turquoise"
"K03623","turquoise"
"K03624","blue"
"K03625","blue"
"K03628","red"
"K03631","grey"
"K03634","red"
"K03636","turquoise"
"K03637","blue"
"K03639","red"
"K03640","green"
"K03641","brown"
"K03642","turquoise"
"K03644","blue"
"K03648","blue"
"K03651","grey"
"K03654","grey"
"K03655","blue"
"K03656","turquoise"
"K03657","blue"
"K03664","blue"
"K03665","turquoise"
"K03666","green"
"K03667","pink"
"K03669","grey"
"K03670","turquoise"
"K03671","turquoise"
"K03672","turquoise"
"K03673","blue"
"K03676","turquoise"
"K03679","magenta"
"K03684","blue"
"K03685","red"
"K03686","red"
"K03687","turquoise"
"K03688","blue"
"K03694","black"
"K03695","turquoise"
"K03696","green"
"K03698","brown"
"K03699","turquoise"
"K03701","turquoise"
"K03702","turquoise"
"K03703","blue"
"K03704","green"
"K03705","blue"
"K03709","turquoise"
"K03710","blue"
"K03711","blue"
"K03712","turquoise"
"K03713","grey"
"K03716","turquoise"
"K03718","blue"
"K03719","blue"
"K03722","blue"
"K03723","red"
"K03724","blue"
"K03726","turquoise"
"K03727","red"
"K03731","pink"
"K03732","turquoise"
"K03733","blue"
"K03737","brown"
"K03738","brown"
"K03742","grey"
"K03744","grey"
"K03750","blue"
"K03759","brown"
"K03760","blue"
"K03761","grey"
"K03762","brown"
"K03767","grey"
"K03768","brown"
"K03769","turquoise"
"K03770","red"
"K03771","grey"
"K03772","blue"
"K03773","blue"
"K03775","greenyellow"
"K03781","turquoise"
"K03782","turquoise"
"K03786","red"
"K03787","grey"
"K03789","blue"
"K03790","blue"
"K03795","turquoise"
"K03797","green"
"K03798","green"
"K03799","red"
"K03801","blue"
"K03802","turquoise"
"K03809","turquoise"
"K03811","red"
"K03817","red"
"K03820","blue"
"K03821","turquoise"
"K03824","black"
"K03832","brown"
"K03833","grey"
"K03851","grey"
"K03856","grey"
"K03862","pink"
"K03867","turquoise"
"K03878","turquoise"
"K03883","magenta"
"K03885","turquoise"
"K03886","grey"
"K03887","turquoise"
"K03888","green"
"K03889","blue"
"K03890","black"
"K03891","green"
"K03892","blue"
"K03921","turquoise"
"K03922","turquoise"
"K03924","green"
"K03925","green"
"K03928","blue"
"K03929","green"
"K03930","grey"
"K03931","grey"
"K03932","black"
"K03933","black"
"K03934","magenta"
"K03935","turquoise"
"K03936","red"
"K03937","blue"
"K03940","red"
"K03942","red"
"K03969","black"
"K03972","turquoise"
"K03973","turquoise"
"K03975","blue"
"K03977","grey"
"K03979","turquoise"
"K03980","blue"
"K03981","grey"
"K04034","blue"
"K04042","blue"
"K04043","turquoise"
"K04047","turquoise"
"K04062","turquoise"
"K04063","turquoise"
"K04065","pink"
"K04066","blue"
"K04069","grey"
"K04074","black"
"K04077","turquoise"
"K04078","turquoise"
"K04079","red"
"K04080","grey"
"K04083","red"
"K04084","grey"
"K04087","grey"
"K04088","grey"
"K04090","grey"
"K04091","blue"
"K04098","grey"
"K04099","purple"
"K04101","grey"
"K04103","black"
"K04118","purple"
"K04334","brown"
"K04437","brown"
"K04483","turquoise"
"K04485","purple"
"K04487","pink"
"K04488","turquoise"
"K04518","blue"
"K04564","black"
"K04565","greenyellow"
"K04566","blue"
"K04567","blue"
"K04618","brown"
"K04646","purple"
"K04649","green"
"K04652","grey"
"K04653","grey"
"K04654","green"
"K04655","brown"
"K04656","brown"
"K04657","magenta"
"K04659","brown"
"K04719","blue"
"K04744","red"
"K04748","black"
"K04749","blue"
"K04750","blue"
"K04751","turquoise"
"K04752","grey"
"K04754","turquoise"
"K04755","turquoise"
"K04756","turquoise"
"K04757","blue"
"K04759","blue"
"K04763","blue"
"K04764","grey"
"K04765","turquoise"
"K04767","pink"
"K04771","turquoise"
"K04772","turquoise"
"K04773","grey"
"K04780","pink"
"K04788","grey"
"K04985","brown"
"K05275","turquoise"
"K05296","grey"
"K05299","green"
"K05301","blue"
"K05337","blue"
"K05342","blue"
"K05343","pink"
"K05346","blue"
"K05349","pink"
"K05350","blue"
"K05358","green"
"K05364","blue"
"K05366","turquoise"
"K05375","black"
"K05499","blue"
"K05515","blue"
"K05516","turquoise"
"K05520","pink"
"K05523","blue"
"K05524","magenta"
"K05525","blue"
"K05527","turquoise"
"K05540","red"
"K05549","green"
"K05550","green"
"K05551","blue"
"K05555","grey"
"K05557","turquoise"
"K05558","red"
"K05588","grey"
"K05592","turquoise"
"K05594","pink"
"K05606","red"
"K05685","black"
"K05708","turquoise"
"K05710","turquoise"
"K05712","turquoise"
"K05713","grey"
"K05714","turquoise"
"K05783","grey"
"K05784","green"
"K05786","turquoise"
"K05788","turquoise"
"K05791","blue"
"K05792","blue"
"K05794","turquoise"
"K05795","blue"
"K05799","turquoise"
"K05803","blue"
"K05807","red"
"K05808","brown"
"K05813","green"
"K05814","grey"
"K05816","blue"
"K05825","grey"
"K05837","purple"
"K05838","blue"
"K05844","blue"
"K05845","blue"
"K05846","blue"
"K05847","blue"
"K05849","purple"
"K05874","grey"
"K05878","grey"
"K05879","grey"
"K05882","red"
"K05889","grey"
"K05896","blue"
"K05898","brown"
"K05913","grey"
"K05916","blue"
"K05921","turquoise"
"K05947","magenta"
"K05972","black"
"K05973","turquoise"
"K05989","grey"
"K05991","black"
"K05994","brown"
"K05996","brown"
"K05998","green"
"K05999","blue"
"K06001","brown"
"K06006","magenta"
"K06015","green"
"K06020","turquoise"
"K06024","blue"
"K06035","turquoise"
"K06041","blue"
"K06044","pink"
"K06045","blue"
"K06048","blue"
"K06075","turquoise"
"K06076","grey"
"K06077","turquoise"
"K06078","black"
"K06113","blue"
"K06118","green"
"K06123","red"
"K06131","red"
"K06136","green"
"K06137","green"
"K06138","grey"
"K06139","grey"
"K06142","red"
"K06147","turquoise"
"K06148","blue"
"K06149","blue"
"K06151","green"
"K06152","grey"
"K06153","blue"
"K06158","turquoise"
"K06167","blue"
"K06168","blue"
"K06178","blue"
"K06180","purple"
"K06185","red"
"K06186","grey"
"K06187","blue"
"K06188","turquoise"
"K06189","greenyellow"
"K06195","grey"
"K06197","blue"
"K06200","grey"
"K06204","purple"
"K06207","turquoise"
"K06215","green"
"K06217","grey"
"K06221","turquoise"
"K06237","grey"
"K06281","green"
"K06282","green"
"K06320","grey"
"K06324","brown"
"K06330","grey"
"K06336","turquoise"
"K06345","blue"
"K06378","green"
"K06390","blue"
"K06400","blue"
"K06402","blue"
"K06412","blue"
"K06413","green"
"K06415","green"
"K06416","grey"
"K06419","magenta"
"K06422","blue"
"K06428","blue"
"K06439","blue"
"K06446","turquoise"
"K06530","brown"
"K06596","greenyellow"
"K06605","turquoise"
"K06606","red"
"K06607","blue"
"K06609","turquoise"
"K06720","turquoise"
"K06726","grey"
"K06766","grey"
"K06820","blue"
"K06823","grey"
"K06861","grey"
"K06864","brown"
"K06865","grey"
"K06867","brown"
"K06871","blue"
"K06877","blue"
"K06880","pink"
"K06881","green"
"K06882","turquoise"
"K06884","pink"
"K06886","blue"
"K06888","pink"
"K06889","blue"
"K06890","green"
"K06891","grey"
"K06893","blue"
"K06894","brown"
"K06901","brown"
"K06904","blue"
"K06905","red"
"K06907","brown"
"K06910","blue"
"K06911","turquoise"
"K06912","grey"
"K06921","blue"
"K06929","red"
"K06930","blue"
"K06937","green"
"K06941","turquoise"
"K06945","black"
"K06946","grey"
"K06949","brown"
"K06956","turquoise"
"K06958","blue"
"K06959","brown"
"K06960","blue"
"K06972","blue"
"K06973","turquoise"
"K06975","blue"
"K06978","pink"
"K06980","red"
"K06988","turquoise"
"K06994","blue"
"K06996","blue"
"K06998","blue"
"K06999","turquoise"
"K07001","turquoise"
"K07003","turquoise"
"K07004","blue"
"K07006","blue"
"K07010","brown"
"K07018","green"
"K07029","red"
"K07032","blue"
"K07034","pink"
"K07037","green"
"K07039","grey"
"K07040","turquoise"
"K07041","magenta"
"K07042","blue"
"K07044","turquoise"
"K07045","greenyellow"
"K07046","blue"
"K07047","turquoise"
"K07048","red"
"K07051","green"
"K07053","grey"
"K07054","pink"
"K07058","pink"
"K07059","grey"
"K07063","blue"
"K07067","brown"
"K07068","blue"
"K07073","grey"
"K07079","grey"
"K07080","blue"
"K07082","blue"
"K07086","green"
"K07089","red"
"K07090","blue"
"K07091","turquoise"
"K07092","blue"
"K07096","blue"
"K07098","blue"
"K07100","blue"
"K07104","turquoise"
"K07107","turquoise"
"K07113","turquoise"
"K07114","brown"
"K07116","brown"
"K07118","turquoise"
"K07124","pink"
"K07126","greenyellow"
"K07127","grey"
"K07130","blue"
"K07131","blue"
"K07140","grey"
"K07147","blue"
"K07149","turquoise"
"K07152","blue"
"K07155","blue"
"K07157","pink"
"K07159","blue"
"K07160","blue"
"K07161","blue"
"K07164","blue"
"K07165","blue"
"K07167","grey"
"K07168","purple"
"K07171","blue"
"K07175","blue"
"K07177","blue"
"K07180","green"
"K07182","blue"
"K07183","pink"
"K07192","black"
"K07213","turquoise"
"K07214","blue"
"K07217","pink"
"K07218","grey"
"K07220","grey"
"K07221","brown"
"K07222","blue"
"K07224","turquoise"
"K07239","grey"
"K07241","blue"
"K07243","blue"
"K07246","grey"
"K07249","brown"
"K07250","turquoise"
"K07258","blue"
"K07262","blue"
"K07263","blue"
"K07273","black"
"K07275","blue"
"K07277","red"
"K07279","grey"
"K07284","blue"
"K07289","grey"
"K07290","pink"
"K07300","blue"
"K07302","brown"
"K07303","brown"
"K07304","turquoise"
"K07305","turquoise"
"K07306","blue"
"K07313","red"
"K07315","blue"
"K07319","red"
"K07322","turquoise"
"K07323","turquoise"
"K07335","brown"
"K07340","blue"
"K07346","turquoise"
"K07369","blue"
"K07386","grey"
"K07390","magenta"
"K07393","turquoise"
"K07395","blue"
"K07396","turquoise"
"K07397","brown"
"K07399","blue"
"K07402","blue"
"K07403","brown"
"K07404","blue"
"K07406","grey"
"K07407","black"
"K07442","blue"
"K07450","brown"
"K07451","black"
"K07465","blue"
"K07478","blue"
"K07480","green"
"K07481","grey"
"K07482","grey"
"K07483","grey"
"K07485","turquoise"
"K07486","purple"
"K07487","grey"
"K07488","grey"
"K07489","blue"
"K07491","grey"
"K07492","red"
"K07493","turquoise"
"K07494","turquoise"
"K07495","turquoise"
"K07496","grey"
"K07497","grey"
"K07498","grey"
"K07499","turquoise"
"K07503","red"
"K07506","blue"
"K07508","grey"
"K07513","purple"
"K07514","turquoise"
"K07516","turquoise"
"K07533","turquoise"
"K07535","blue"
"K07550","magenta"
"K07552","turquoise"
"K07566","purple"
"K07568","blue"
"K07571","greenyellow"
"K07576","green"
"K07579","grey"
"K07588","turquoise"
"K07636","grey"
"K07645","blue"
"K07646","blue"
"K07648","brown"
"K07652","turquoise"
"K07654","blue"
"K07657","blue"
"K07658","green"
"K07659","blue"
"K07660","red"
"K07662","black"
"K07665","turquoise"
"K07666","grey"
"K07667","pink"
"K07668","turquoise"
"K07669","turquoise"
"K07670","blue"
"K07672","blue"
"K07675","blue"
"K07677","brown"
"K07678","brown"
"K07679","grey"
"K07682","blue"
"K07684","brown"
"K07689","grey"
"K07690","purple"
"K07692","grey"
"K07693","brown"
"K07695","grey"
"K07696","red"
"K07709","grey"
"K07712","turquoise"
"K07713","grey"
"K07714","pink"
"K07716","pink"
"K07733","grey"
"K07735","magenta"
"K07736","green"
"K07738","blue"
"K07742","turquoise"
"K07749","blue"
"K07752","brown"
"K07755","blue"
"K07762","greenyellow"
"K07768","blue"
"K07774","grey"
"K07776","blue"
"K07778","blue"
"K07788","pink"
"K07789","turquoise"
"K07793","turquoise"
"K07794","turquoise"
"K07795","turquoise"
"K07798","turquoise"
"K07799","red"
"K07814","pink"
"K07823","grey"
"K08057","magenta"
"K08076","brown"
"K08095","grey"
"K08100","grey"
"K08137","pink"
"K08138","blue"
"K08139","blue"
"K08151","turquoise"
"K08153","turquoise"
"K08154","red"
"K08161","turquoise"
"K08166","red"
"K08167","turquoise"
"K08168","red"
"K08169","turquoise"
"K08172","turquoise"
"K08173","turquoise"
"K08174","red"
"K08177","brown"
"K08178","turquoise"
"K08191","blue"
"K08194","turquoise"
"K08217","turquoise"
"K08221","turquoise"
"K08223","greenyellow"
"K08234","blue"
"K08256","greenyellow"
"K08264","red"
"K08282","turquoise"
"K08286","magenta"
"K08300","purple"
"K08301","greenyellow"
"K08302","grey"
"K08305","pink"
"K08307","red"
"K08309","turquoise"
"K08313","grey"
"K08324","red"
"K08326","blue"
"K08348","green"
"K08349","brown"
"K08352","grey"
"K08364","turquoise"
"K08368","pink"
"K08369","pink"
"K08372","turquoise"
"K08384","blue"
"K08482","grey"
"K08483","turquoise"
"K08602","brown"
"K08604","greenyellow"
"K08640","blue"
"K08641","blue"
"K08651","turquoise"
"K08675","pink"
"K08676","blue"
"K08677","black"
"K08678","greenyellow"
"K08679","black"
"K08681","pink"
"K08691","grey"
"K08693","blue"
"K08717","grey"
"K08720","brown"
"K08738","blue"
"K08744","grey"
"K08757","turquoise"
"K08764","green"
"K08884","grey"
"K08955","blue"
"K08956","red"
"K08968","brown"
"K08969","grey"
"K08972","grey"
"K08973","pink"
"K08981","brown"
"K08992","pink"
"K08995","pink"
"K08997","turquoise"
"K08998","blue"
"K08999","green"
"K09001","grey"
"K09003","grey"
"K09012","turquoise"
"K09013","turquoise"
"K09014","turquoise"
"K09015","turquoise"
"K09016","grey"
"K09017","red"
"K09019","turquoise"
"K09020","black"
"K09022","blue"
"K09023","turquoise"
"K09024","blue"
"K09118","turquoise"
"K09164","blue"
"K09165","grey"
"K09167","grey"
"K09181","blue"
"K09251","blue"
"K09252","brown"
"K09386","purple"
"K09457","green"
"K09458","blue"
"K09461","turquoise"
"K09464","grey"
"K09470","grey"
"K09471","pink"
"K09478","green"
"K09479","grey"
"K09487","blue"
"K09490","grey"
"K09565","blue"
"K09607","grey"
"K09667","grey"
"K09681","red"
"K09684","red"
"K09690","turquoise"
"K09691","blue"
"K09692","blue"
"K09693","blue"
"K09694","red"
"K09695","turquoise"
"K09697","red"
"K09698","grey"
"K09699","blue"
"K09710","magenta"
"K09729","blue"
"K09747","blue"
"K09748","turquoise"
"K09758","brown"
"K09764","red"
"K09767","blue"
"K09772","blue"
"K09776","blue"
"K09779","grey"
"K09780","blue"
"K09786","green"
"K09794","blue"
"K09799","blue"
"K09804","grey"
"K09807","blue"
"K09808","blue"
"K09809","red"
"K09810","grey"
"K09811","pink"
"K09812","green"
"K09815","turquoise"
"K09825","blue"
"K09826","turquoise"
"K09828","grey"
"K09877","green"
"K09878","green"
"K09882","grey"
"K09883","red"
"K09903","turquoise"
"K09930","black"
"K09932","turquoise"
"K09933","blue"
"K09935","grey"
"K09940","turquoise"
"K09942","brown"
"K09945","blue"
"K09948","grey"
"K09955","black"
"K09958","turquoise"
"K09959","blue"
"K09969","brown"
"K09981","blue"
"K09983","blue"
"K09985","grey"
"K09987","grey"
"K09992","black"
"K10001","blue"
"K10005","brown"
"K10006","grey"
"K10008","grey"
"K10009","turquoise"
"K10011","grey"
"K10012","green"
"K10022","black"
"K10027","blue"
"K10036","blue"
"K10039","blue"
"K10046","green"
"K10060","turquoise"
"K10108","brown"
"K10112","green"
"K10117","brown"
"K10118","blue"
"K10119","blue"
"K10120","blue"
"K10126","grey"
"K10187","blue"
"K10188","blue"
"K10200","black"
"K10201","black"
"K10202","blue"
"K10215","turquoise"
"K10216","turquoise"
"K10218","red"
"K10220","brown"
"K10227","brown"
"K10228","brown"
"K10229","green"
"K10231","grey"
"K10232","brown"
"K10233","brown"
"K10234","brown"
"K10236","green"
"K10237","green"
"K10238","green"
"K10240","black"
"K10241","black"
"K10242","black"
"K10253","grey"
"K10255","turquoise"
"K10256","purple"
"K10277","blue"
"K10301","turquoise"
"K10356","greenyellow"
"K10439","turquoise"
"K10440","red"
"K10441","turquoise"
"K10447","black"
"K10450","brown"
"K10456","brown"
"K10457","brown"
"K10463","brown"
"K10529","pink"
"K10543","brown"
"K10544","blue"
"K10545","brown"
"K10546","brown"
"K10547","black"
"K10548","blue"
"K10552","turquoise"
"K10553","turquoise"
"K10554","turquoise"
"K10559","brown"
"K10563","blue"
"K10618","brown"
"K10621","grey"
"K10667","blue"
"K10679","turquoise"
"K10680","turquoise"
"K10697","grey"
"K10713","brown"
"K10716","blue"
"K10773","blue"
"K10778","grey"
"K10780","purple"
"K10788","green"
"K10789","brown"
"K10804","black"
"K10805","blue"
"K10807","blue"
"K10820","black"
"K10823","brown"
"K10843","turquoise"
"K10907","blue"
"K10914","blue"
"K10924","blue"
"K10944","magenta"
"K10945","grey"
"K10946","magenta"
"K10947","blue"
"K10955","turquoise"
"K10956","magenta"
"K10974","blue"
"K10978","grey"
"K10979","magenta"
"K11004","purple"
"K11005","brown"
"K11009","blue"
"K11021","blue"
"K11065","brown"
"K11068","red"
"K11069","brown"
"K11070","brown"
"K11071","grey"
"K11072","grey"
"K11073","red"
"K11085","turquoise"
"K11089","brown"
"K11102","turquoise"
"K11103","turquoise"
"K11150","turquoise"
"K11153","red"
"K11166","pink"
"K11173","grey"
"K11177","brown"
"K11178","brown"
"K11188","grey"
"K11206","blue"
"K11208","turquoise"
"K11209","blue"
"K11259","turquoise"
"K11262","turquoise"
"K11263","blue"
"K11265","blue"
"K11354","blue"
"K11355","green"
"K11381","green"
"K11383","blue"
"K11407","grey"
"K11410","turquoise"
"K11443","turquoise"
"K11473","green"
"K11475","turquoise"
"K11477","grey"
"K11527","grey"
"K11530","pink"
"K11533","turquoise"
"K11594","turquoise"
"K11600","magenta"
"K11608","turquoise"
"K11609","turquoise"
"K11610","blue"
"K11611","red"
"K11618","turquoise"
"K11621","blue"
"K11622","turquoise"
"K11624","black"
"K11645","green"
"K11654","turquoise"
"K11688","green"
"K11689","blue"
"K11690","blue"
"K11717","turquoise"
"K11730","purple"
"K11735","turquoise"
"K11738","turquoise"
"K11744","green"
"K11749","blue"
"K11751","blue"
"K11752","blue"
"K11753","red"
"K11754","blue"
"K11779","blue"
"K11784","blue"
"K11785","red"
"K11844","grey"
"K11894","grey"
"K11900","brown"
"K11901","brown"
"K11903","brown"
"K11904","blue"
"K11907","greenyellow"
"K11912","green"
"K11913","green"
"K11927","turquoise"
"K11931","grey"
"K11934","turquoise"
"K11936","turquoise"
"K11940","grey"
"K11942","blue"
"K11945","grey"
"K11954","turquoise"
"K11959","turquoise"
"K11991","grey"
"K11996","turquoise"
"K11997","brown"
"K12035","green"
"K12063","blue"
"K12111","black"
"K12132","brown"
"K12143","magenta"
"K12208","brown"
"K12243","turquoise"
"K12251","grey"
"K12256","turquoise"
"K12257","green"
"K12261","brown"
"K12262","turquoise"
"K12263","blue"
"K12267","turquoise"
"K12284","turquoise"
"K12308","blue"
"K12309","blue"
"K12339","blue"
"K12340","blue"
"K12361","turquoise"
"K12368","green"
"K12373","blue"
"K12405","red"
"K12421","turquoise"
"K12434","black"
"K12443","blue"
"K12445","brown"
"K12448","purple"
"K12454","pink"
"K12466","blue"
"K12503","blue"
"K12510","blue"
"K12511","blue"
"K12536","grey"
"K12544","blue"
"K12548","purple"
"K12549","brown"
"K12573","red"
"K12574","blue"
"K12599","turquoise"
"K12632","brown"
"K12661","grey"
"K12685","brown"
"K12686","pink"
"K12706","turquoise"
"K12710","grey"
"K12736","grey"
"K12823","turquoise"
"K12855","black"
"K12949","turquoise"
"K12953","brown"
"K12960","brown"
"K12962","turquoise"
"K12984","turquoise"
"K13010","blue"
"K13015","turquoise"
"K13017","grey"
"K13020","grey"
"K13021","turquoise"
"K13038","turquoise"
"K13049","blue"
"K13057","grey"
"K13063","blue"
"K13075","blue"
"K13126","blue"
"K13195","green"
"K13276","brown"
"K13288","blue"
"K13290","grey"
"K13292","blue"
"K13315","blue"
"K13356","turquoise"
"K13381","brown"
"K13409","pink"
"K13412","turquoise"
"K13444","blue"
"K13448","pink"
"K13479","turquoise"
"K13483","grey"
"K13487","blue"
"K13525","magenta"
"K13527","brown"
"K13533","magenta"
"K13542","turquoise"
"K13570","blue"
"K13571","brown"
"K13572","blue"
"K13574","blue"
"K13582","red"
"K13583","blue"
"K13584","brown"
"K13587","blue"
"K13589","blue"
"K13590","turquoise"
"K13592","brown"
"K13599","blue"
"K13626","turquoise"
"K13628","turquoise"
"K13633","red"
"K13640","turquoise"
"K13641","blue"
"K13643","turquoise"
"K13656","red"
"K13671","grey"
"K13680","grey"
"K13688","purple"
"K13693","red"
"K13694","blue"
"K13722","turquoise"
"K13735","blue"
"K13771","red"
"K13775","turquoise"
"K13787","blue"
"K13788","blue"
"K13789","grey"
"K13796","grey"
"K13797","green"
"K13798","magenta"
"K13810","pink"
"K13821","blue"
"K13832","grey"
"K13836","turquoise"
"K13875","grey"
"K13884","pink"
"K13889","green"
"K13890","green"
"K13891","green"
"K13892","grey"
"K13893","blue"
"K13924","green"
"K13948","turquoise"
"K13950","blue"
"K13953","turquoise"
"K13979","turquoise"
"K13985","grey"
"K13991","pink"
"K13993","grey"
"K13995","grey"
"K14052","brown"
"K14055","turquoise"
"K14056","blue"
"K14059","blue"
"K14060","grey"
"K14063","black"
"K14083","brown"
"K14107","grey"
"K14155","brown"
"K14163","blue"
"K14170","grey"
"K14189","blue"
"K14192","green"
"K14194","blue"
"K14201","blue"
"K14205","blue"
"K14251","blue"
"K14257","blue"
"K14259","grey"
"K14260","blue"
"K14261","grey"
"K14267","blue"
"K14273","magenta"
"K14331","blue"
"K14338","grey"
"K14349","grey"
"K14392","turquoise"
"K14393","turquoise"
"K14415","blue"
"K14440","turquoise"
"K14441","blue"
"K14446","grey"
"K14447","purple"
"K14448","grey"
"K14463","red"
"K14520","blue"
"K14534","magenta"
"K14575","black"
"K14584","turquoise"
"K14627","black"
"K14629","blue"
"K14645","turquoise"
"K14647","brown"
"K14652","grey"
"K14654","blue"
"K14667","blue"
"K14670","blue"
"K14671","blue"
"K14673","blue"
"K14696","turquoise"
"K14728","turquoise"
"K14729","blue"
"K14731","blue"
"K14733","blue"
"K14735","blue"
"K14743","blue"
"K14753","black"
"K14792","greenyellow"
"K14949","blue"
"K14952","blue"
"K14954","black"
"K14956","black"
"K14981","grey"
"K14986","black"
"K14987","grey"
"K15012","turquoise"
"K15013","grey"
"K15019","turquoise"
"K15022","grey"
"K15042","black"
"K15046","brown"
"K15060","grey"
"K15062","brown"
"K15063","green"
"K15065","brown"
"K15066","pink"
"K15189","grey"
"K15223","brown"
"K15256","blue"
"K15257","grey"
"K15268","red"
"K15314","blue"
"K15315","blue"
"K15371","blue"
"K15372","grey"
"K15408","green"
"K15468","blue"
"K15510","blue"
"K15512","turquoise"
"K15513","turquoise"
"K15520","blue"
"K15521","purple"
"K15525","blue"
"K15526","red"
"K15532","green"
"K15537","blue"
"K15539","blue"
"K15545","red"
"K15546","turquoise"
"K15549","turquoise"
"K15553","blue"
"K15554","blue"
"K15555","blue"
"K15580","green"
"K15581","blue"
"K15582","green"
"K15583","green"
"K15584","green"
"K15620","blue"
"K15633","blue"
"K15634","red"
"K15642","blue"
"K15650","grey"
"K15653","turquoise"
"K15655","turquoise"
"K15659","blue"
"K15721","blue"
"K15724","turquoise"
"K15726","green"
"K15727","turquoise"
"K15734","purple"
"K15738","blue"
"K15739","red"
"K15755","blue"
"K15770","black"
"K15773","blue"
"K15777","turquoise"
"K15778","red"
"K15780","blue"
"K15781","blue"
"K15831","brown"
"K15836","green"
"K15849","brown"
"K15855","brown"
"K15856","grey"
"K15861","turquoise"
"K15862","green"
"K15866","greenyellow"
"K15868","blue"
"K15878","blue"
"K15916","blue"
"K15920","black"
"K15921","black"
"K15923","black"
"K15924","black"
"K15932","turquoise"
"K15945","green"
"K15949","blue"
"K15973","turquoise"
"K15974","red"
"K15975","turquoise"
"K15977","blue"
"K15980","blue"
"K15981","blue"
"K15987","blue"
"K16011","greenyellow"
"K16019","blue"
"K16044","grey"
"K16046","turquoise"
"K16047","blue"
"K16048","blue"
"K16055","blue"
"K16066","grey"
"K16078","turquoise"
"K16079","turquoise"
"K16087","brown"
"K16089","brown"
"K16090","blue"
"K16091","brown"
"K16092","greenyellow"
"K16118","grey"
"K16124","grey"
"K16130","pink"
"K16131","turquoise"
"K16132","turquoise"
"K16137","red"
"K16138","blue"
"K16139","turquoise"
"K16146","blue"
"K16147","pink"
"K16148","blue"
"K16149","blue"
"K16150","turquoise"
"K16153","blue"
"K16163","red"
"K16164","turquoise"
"K16165","red"
"K16179","brown"
"K16191","blue"
"K16211","pink"
"K16213","grey"
"K16216","blue"
"K16217","blue"
"K16218","blue"
"K16238","green"
"K16242","pink"
"K16243","grey"
"K16246","magenta"
"K16254","brown"
"K16261","turquoise"
"K16263","greenyellow"
"K16264","blue"
"K16291","brown"
"K16301","turquoise"
"K16319","grey"
"K16329","blue"
"K16348","red"
"K16378","grey"
"K16384","blue"
"K16416","grey"
"K16421","blue"
"K16423","blue"
"K16431","black"
"K16552","red"
"K16554","blue"
"K16559","blue"
"K16566","turquoise"
"K16568","turquoise"
"K16593","turquoise"
"K16624","black"
"K16629","turquoise"
"K16639","brown"
"K16645","turquoise"
"K16648","brown"
"K16650","turquoise"
"K16669","brown"
"K16692","turquoise"
"K16699","pink"
"K16795","grey"
"K16818","blue"
"K16842","grey"
"K16856","black"
"K16868","red"
"K16870","blue"
"K16871","grey"
"K16873","blue"
"K16881","blue"
"K16922","black"
"K16937","green"
"K16968","green"
"K16969","grey"
"K17100","grey"
"K17103","red"
"K17213","blue"
"K17218","pink"
"K17223","blue"
"K17225","brown"
"K17226","grey"
"K17228","turquoise"
"K17244","green"
"K17253","brown"
"K17257","blue"
"K17285","green"
"K17286","black"
"K17315","brown"
"K17318","blue"
"K17319","blue"
"K17320","blue"
"K17321","greenyellow"
"K17326","black"
"K17327","green"
"K17328","green"
"K17329","brown"
"K17330","blue"
"K17331","blue"
"K17450","grey"
"K17472","turquoise"
"K17488","turquoise"
"K17640","blue"
"K17641","blue"
"K17648","green"
"K17675","turquoise"
"K17677","blue"
"K17686","turquoise"
"K17713","blue"
"K17724","brown"
"K17725","blue"
"K17732","turquoise"
"K17734","grey"
"K17756","grey"
"K17760","brown"
"K17763","grey"
"K17768","blue"
"K17804","turquoise"
"K17818","turquoise"
"K17829","turquoise"
"K17830","blue"
"K17836","blue"
"K17837","blue"
"K17865","blue"
"K17876","blue"
"K17883","turquoise"
"K17884","grey"
"K17947","pink"
"K17987","blue"
"K17990","brown"
"K18009","red"
"K18013","blue"
"K18029","brown"
"K18030","green"
"K18045","turquoise"
"K18068","brown"
"K18074","brown"
"K18091","green"
"K18092","grey"
"K18098","brown"
"K18115","grey"
"K18118","turquoise"
"K18138","blue"
"K18139","blue"
"K18142","turquoise"
"K18146","turquoise"
"K18189","red"
"K18197","black"
"K18200","brown"
"K18204","blue"
"K18206","brown"
"K18220","purple"
"K18223","green"
"K18224","green"
"K18225","green"
"K18226","green"
"K18229","grey"
"K18230","turquoise"
"K18232","blue"
"K18233","blue"
"K18235","greenyellow"
"K18244","turquoise"
"K18273","brown"
"K18285","blue"
"K18290","turquoise"
"K18292","blue"
"K18294","blue"
"K18298","blue"
"K18299","green"
"K18301","turquoise"
"K18302","red"
"K18303","red"
"K18306","red"
"K18307","blue"
"K18320","red"
"K18334","blue"
"K18336","brown"
"K18344","turquoise"
"K18346","turquoise"
"K18350","turquoise"
"K18351","red"
"K18352","blue"
"K18353","blue"
"K18354","blue"
"K18369","pink"
"K18371","turquoise"
"K18372","black"
"K18382","green"
"K18383","blue"
"K18398","grey"
"K18455","turquoise"
"K18471","blue"
"K18472","turquoise"
"K18476","red"
"K18538","grey"
"K18545","black"
"K18546","blue"
"K18547","green"
"K18548","green"
"K18562","blue"
"K18576","black"
"K18578","black"
"K18601","magenta"
"K18610","grey"
"K18622","black"
"K18637","black"
"K18640","turquoise"
"K18649","grey"
"K18650","green"
"K18682","brown"
"K18702","turquoise"
"K18703","grey"
"K18707","blue"
"K18802","black"
"K18851","turquoise"
"K18855","grey"
"K18881","blue"
"K18887","blue"
"K18888","blue"
"K18889","turquoise"
"K18890","turquoise"
"K18893","turquoise"
"K18894","blue"
"K18900","blue"
"K18901","blue"
"K18902","blue"
"K18905","red"
"K18910","green"
"K18911","blue"
"K18912","blue"
"K18914","turquoise"
"K18917","turquoise"
"K18926","turquoise"
"K18928","pink"
"K18929","red"
"K18936","turquoise"
"K18954","blue"
"K18955","blue"
"K18958","blue"
"K18979","grey"
"K18981","blue"
"K18983","blue"
"K18989","red"
"K19002","blue"
"K19031","brown"
"K19055","grey"
"K19071","brown"
"K19106","blue"
"K19126","blue"
"K19203","black"
"K19223","blue"
"K19225","blue"
"K19231","blue"
"K19234","turquoise"
"K19245","grey"
"K19265","grey"
"K19266","pink"
"K19267","red"
"K19302","turquoise"
"K19304","red"
"K19311","grey"
"K19312","turquoise"
"K19333","turquoise"
"K19337","blue"
"K19341","grey"
"K19345","blue"
"K19355","green"
"K19360","blue"
"K19405","brown"
"K19411","green"
"K19416","pink"
"K19449","blue"
"K19479","pink"
"K19511","brown"
"K19519","blue"
"K19540","grey"
"K19542","turquoise"
"K19564","brown"
"K19576","green"
"K19577","turquoise"
"K19586","red"
"K19591","turquoise"
"K19592","turquoise"
"K19597","turquoise"
"K19611","brown"
"K19616","black"
"K19622","turquoise"
"K19623","black"
"K19639","grey"
"K19668","black"
"K19670","grey"
"K19689","blue"
"K19690","green"
"K19691","brown"
"K19692","red"
"K19694","black"
"K19700","turquoise"
"K19701","brown"
"K19702","green"
"K19706","green"
"K19707","blue"
"K19710","blue"
"K19736","turquoise"
"K19784","turquoise"
"K19788","blue"
"K19789","blue"
"K19791","blue"
"K19792","turquoise"
"K19794","turquoise"
"K19813","brown"
"K19823","green"
"K19824","turquoise"
"K19962","turquoise"
"K20034","brown"
"K20035","turquoise"
"K20074","green"
"K20138","black"
"K20170","green"
"K20246","grey"
"K20264","turquoise"
"K20265","green"
"K20269","brown"
"K20273","black"
"K20274","greenyellow"
"K20325","blue"
"K20333","black"
"K20416","grey"
"K20420","blue"
"K20437","pink"
"K20447","blue"
"K20448","blue"
"K20454","blue"
"K20459","grey"
"K20461","blue"
"K20466","blue"
"K20468","blue"
"K20469","blue"
"K20470","turquoise"
"K20485","turquoise"
"K20486","brown"
"K20497","turquoise"
"K20523","blue"
"K20534","blue"
"K20547","grey"
"K20628","black"
"K20712","grey"
"K20743","black"
"K20744","blue"
"K20754","black"
"K20814","black"
"K20829","black"
"K20844","black"
"K20847","brown"
"K20851","blue"
"K20885","red"
"K20926","turquoise"
"K20927","grey"
"K20930","turquoise"
"K20932","blue"
"K20938","blue"
"K20940","blue"
"K20941","grey"
"K20974","brown"
"K20988","grey"
"K20997","green"
"K20999","blue"
"K21000","purple"
"K21019","turquoise"
"K21021","grey"
"K21022","grey"
"K21023","green"
"K21024","blue"
"K21029","grey"
"K21054","red"
"K21071","blue"
"K21084","blue"
"K21088","greenyellow"
"K21104","black"
"K21134","blue"
"K21140","turquoise"
"K21147","turquoise"
"K21148","turquoise"
"K21159","brown"
"K21161","blue"
"K21162","blue"
"K21163","blue"
"K21164","blue"
"K21167","blue"
"K21184","grey"
"K21185","blue"
"K21196","blue"
"K21210","greenyellow"
"K21218","turquoise"
"K21246","black"
"K21284","greenyellow"
"K21302","blue"
"K21303","pink"
"K21307","purple"
"K21310","turquoise"
"K21341","blue"
"K21353","grey"
"K21378","blue"
"K21395","green"
"K21397","brown"
"K21401","blue"
"K21405","green"
"K21416","grey"
"K21417","grey"
"K21420","red"
"K21430","greenyellow"
"K21440","turquoise"
"K21464","turquoise"
"K21469","blue"
"K21470","red"
"K21471","blue"
"K21472","turquoise"
"K21473","blue"
"K21528","blue"
"K21561","purple"
"K21562","blue"
"K21563","red"
"K21564","blue"
"K21566","grey"
"K21567","turquoise"
"K21572","blue"
"K21573","greenyellow"
"K21594","turquoise"
"K21600","turquoise"
"K21606","grey"
"K21615","blue"
"K21647","turquoise"
"K21677","blue"
"K21681","turquoise"
"K21686","blue"
"K21687","red"
"K21688","turquoise"
"K21691","turquoise"
"K21703","red"
"K21712","blue"
"K21721","grey"
"K21730","grey"
"K21737","red"
"K21739","red"
"K21741","green"
"K21744","red"
"K21757","blue"
"K21784","blue"
"K21790","turquoise"
"K21792","turquoise"
"K21802","blue"
"K21822","blue"
"K21826","blue"
"K21834","turquoise"
"K21839","grey"
"K21850","brown"
"K21883","blue"
"K21885","blue"
"K21886","grey"
"K21903","turquoise"
"K21908","brown"
"K21929","pink"
"K21936","grey"
"K21949","grey"
"K21961","blue"
"K21962","red"
"K21993","turquoise"
"K22010","blue"
"K22026","red"
"K22027","grey"
"K22033","black"
"K22041","red"
"K22042","red"
"K22043","green"
"K22044","turquoise"
"K22063","magenta"
"K22068","blue"
"K22072","red"
"K22074","magenta"
"K22081","blue"
"K22082","black"
"K22083","grey"
"K22089","grey"
"K22106","grey"
"K22108","blue"
"K22112","grey"
"K22114","blue"
"K22134","red"
"K22136","grey"
"K22144","brown"
"K22186","black"
"K22187","black"
"K22210","blue"
"K22211","blue"
"K22212","blue"
"K22213","black"
"K22219","blue"
"K22225","turquoise"
"K22226","black"
"K22227","blue"
"K22245","turquoise"
"K22278","black"
"K22293","turquoise"
"K22296","red"
"K22297","red"
"K22298","blue"
"K22299","turquoise"
"K22300","black"
"K22303","blue"
"K22306","red"
"K22315","blue"
"K22317","grey"
"K22322","grey"
"K22341","pink"
"K22345","turquoise"
"K22348","magenta"
"K22349","brown"
"K22350","brown"
"K22363","blue"
"K22369","brown"
"K22373","grey"
"K22390","turquoise"
"K22395","brown"
"K22405","turquoise"
"K22441","blue"
"K22443","grey"
"K22445","grey"
"K22447","magenta"
"K22452","blue"
"K22468","brown"
"K22474","blue"
"K22486","black"
"K22489","blue"
"K22491","blue"
"K22515","turquoise"
"K22516","grey"
"K22522","pink"
"K22539","green"
"K22552","grey"
"K22576","blue"
"K22579","grey"
"K22589","brown"
"K22598","turquoise"
"K22618","grey"
"K22622","green"
"K22684","grey"
"K22694","brown"
"K22704","grey"
"K22705","grey"
"K22708","blue"
"K22719","brown"
"K22723","turquoise"
"K22769","turquoise"
"K22770","turquoise"
"K22801","blue"
"K22804","blue"
"K22818","purple"
"K22819","blue"
"K22820","blue"
"K22870","grey"
"K22881","grey"
"K22886","turquoise"
"K22893","blue"
"K22894","blue"
"K22905","blue"
"K22907","blue"
"K22934","brown"
"K22969","blue"
"K22994","blue"
"K23020","blue"
"K23025","brown"
"K23036","turquoise"
"K23054","turquoise"
"K23107","red"
"K23138","turquoise"
"K23144","black"
"K23163","turquoise"
"K23242","grey"
"K23243","turquoise"
"K23254","turquoise"
"K23256","red"
"K23262","pink"
"K23264","turquoise"
"K23265","turquoise"
"K23269","blue"
"K23270","brown"
"K23275","pink"
"K23300","brown"
"K23301","grey"
"K23302","blue"
"K23319","turquoise"
"K23359","grey"
"K23448","turquoise"
"K23454","turquoise"
"K23463","grey"
"K23464","turquoise"
"K23465","turquoise"
"K23467","brown"
"K23508","brown"
"K23509","black"
"K23514","blue"
"K23517","grey"
"K23518","grey"
"K23528","turquoise"
"K23535","blue"
"K23537","black"
"K23541","turquoise"
"K23555","blue"
"K23593","grey"
"K23617","blue"
"K23633","blue"
"K23668","blue"
"K23670","grey"
"K23676","grey"
"K23684","turquoise"
"K23726","greenyellow"
"K23752","black"
"K23753","brown"
"K23775","turquoise"
"K23776","brown"
"K23777","red"
"K23779","grey"
"K23786","turquoise"
"K23820","blue"
"K23825","blue"
"K23842","blue"
"K23847","blue"
"K23876","red"
"K23901","pink"
"K23980","brown"
"K23988","turquoise"
"K23993","turquoise"
"K23995","brown"
"K24006","brown"
"K24012","turquoise"
"K24033","brown"
"K24042","grey"
"K24073","turquoise"
"K24084","grey"
"K24105","brown"
"K24116","blue"
"K24117","blue"
"K24119","turquoise"
"K24120","brown"
"K24126","turquoise"
"K24129","turquoise"
"K24130","turquoise"
"K24136","turquoise"
"K24137","grey"
"K24138","grey"
"K24158","brown"
"K24213","grey"
"K24241","blue"
"K24289","blue"
"K24290","turquoise"
"K24291","red"
"K24300","blue"
"K24307","greenyellow"
"K24389","blue"
"K24404","blue"
"K24411","blue"
"K24436","grey"
"K24464","brown"
"K24469","blue"
"K24473","blue"
"K24510","green"
"K24511","grey"
"K24513","grey"
"K24514","green"
"K24565","blue"
"K24619","pink"
"K24667","blue"
"K24672","red"
"K24695","turquoise"
"K24696","blue"
"K24699","blue"
"K24700","grey"
"K24712","grey"
"K24819","blue"
"K24866","blue"
"K24910","blue"
"K24913","grey"
"K24914","blue"
"K24915","turquoise"
"K24936","blue"
"K24948","brown"
"K24967","blue"
"K24995","grey"
"K25010","brown"
"K25026","blue"
"K25029","brown"
"K25096","brown"
"K25097","green"
"K25141","blue"
"K25147","blue"
"K25150","grey"
"K25151","grey"
"K25152","brown"
"K25153","blue"
"K25156","grey"
"K25182","grey"
"K25281","blue"
"K25509","black"
"K25525","blue"
"K25557","brown"
"K25562","turquoise"
"K25588","grey"
"K25589","blue"
"K25590","pink"
"K25603","black"
"K25623","grey"
"K25670","turquoise"
"K25676","grey"
"K25677","pink"
"K25678","blue"
"K25763","brown"
"K25820","blue"
"K25821","blue"
"K25883","grey"
"K25884","green"
"K25885","turquoise"
"K25895","pink"
"K25898","grey"
"K25922","turquoise"
"K25988","turquoise"
"K26041","turquoise"
"K26059","blue"
"K26063","grey"
"K26110","blue"
"K26139","turquoise"
"K26212","brown"
"K26249","red"
"K26252","blue"
"K26284","purple"
"K26288","brown"
"K26392","brown"
"K26399","turquoise"
"K26525","grey"
"K26580","pink"
"K26598","blue"
"K26615","turquoise"
"K26629","red"
"K26640","blue"
"K26642","turquoise"
"K26670","grey"
"K26739","brown"
"K26838","brown"
"K26933","magenta"
"K26951","blue"
"K26958","turquoise"
"K26993","blue"
"K26995","blue"
"K27000","green"
"K27037","turquoise"
"K27043","red"
"K27050","turquoise"
"K27053","blue"
"K27069","blue"
"K27070","turquoise"
"K27072","red"
"K27073","turquoise"
"K27086","blue"
"K27092","blue"
"K27094","blue"
"K27097","green"
"K27108","blue"
"K27109","black"
"K27191","blue"
"K27193","turquoise"
"K27245","turquoise"
"K27270","grey"
"K27292","blue"
