"Module","Term","DF","Fvalue","Pvalue","Qvalue"
"MEmagenta","Zone",3,0.867886903384166,0.471317495569442,0.555481334063985
"MEmagenta","Timepoint",2,1.3385588186498,0.281104665657102,0.401583376050747
"MEmagenta","Zone:Timepoint",6,2.05647628182864,0.0968942412921677,0.171397734202288
"MEpink","Zone",3,0.954981924446785,0.429903709907524,0.545647016421089
"MEpink","Timepoint",2,9.97894663476252,0.00070160464888656,0.00210481394665968
"MEpink","Zone:Timepoint",6,2.77707149693486,0.0339863166433827,0.074769896615442
"MEred","Zone",3,50.6135429914667,1.57437433503116e-10,1.73181176853428e-09
"MEred","Timepoint",2,4.75350087502208,0.0182350971093787,0.0429827289006783
"MEred","Zone:Timepoint",6,8.46299456476944,5.3898009460701e-05,0.000222329289025391
"MEturquoise","Zone",3,88.8556241274862,3.90490187373214e-13,1.28861761833161e-11
"MEturquoise","Timepoint",2,17.9615361456835,1.70375066742303e-05,8.03196743213713e-05
"MEturquoise","Zone:Timepoint",6,0.904396286776944,0.508137929577119,0.578225919863618
"MEgreenyellow","Zone",3,1.20221630755872,0.330212655528403,0.435880705297491
"MEgreenyellow","Timepoint",2,0.437809207824174,0.65050144489893,0.6924692800537
"MEgreenyellow","Zone:Timepoint",6,0.558630257790521,0.758626903865414,0.758626903865414
"MEblack","Zone",3,29.8298411813273,2.89161907697684e-08,1.90846859080471e-07
"MEblack","Timepoint",2,6.10068163859512,0.00720834880564471,0.0182981161989443
"MEblack","Zone:Timepoint",6,1.60491834045247,0.189048532152289,0.297076264810739
"MEblue","Zone",3,37.5338876075399,3.19064669705378e-09,2.63228352506937e-08
"MEblue","Timepoint",2,0.795051065214157,0.463095616945846,0.555481334063985
"MEblue","Zone:Timepoint",6,7.93081538726402,8.7618450569012e-05,0.000321267652086377
"MEpurple","Zone",3,0.472357299319779,0.704392954727132,0.726405234562355
"MEpurple","Timepoint",2,1.81419505523535,0.184615408505985,0.297076264810739
"MEpurple","Zone:Timepoint",6,0.86490994184467,0.534464464843466,0.587910911327813
"MEbrown","Zone",3,14.7415253445564,1.18895665398654e-05,6.53926159692598e-05
"MEbrown","Timepoint",2,3.78863839098839,0.0371568436245492,0.0766359899756328
"MEbrown","Zone:Timepoint",6,2.04409559285412,0.0986835439346505,0.171397734202288
"MEgreen","Zone",3,60.6219136325235,2.39910763659374e-11,3.95852760037968e-10
"MEgreen","Timepoint",2,1.29612717349623,0.292060637127816,0.401583376050747
"MEgreen","Zone:Timepoint",6,6.65347419177632,0.000305474102631331,0.00100806453868339
"MEgrey","Zone",3,3.23952604003287,0.0398018777762951,0.0772624686245729
"MEgrey","Timepoint",2,6.17676245712097,0.00685451249477032,0.0182981161989443
"MEgrey","Zone:Timepoint",6,1.56069265249717,0.201776094485385,0.302664141728078
