"contrast","Module","estimate","SE","df","t.ratio","p.value"
"Bulk - Detritus","MEblack",-0.150919310778917,0.0636952865777996,352,-2.36939527063088,0.0275341699759546
"Bulk - Rhizo","MEblack",0.200857876269039,0.0666085598755431,352,3.01549645637645,0.00550391053006768
"Bulk - RhizoDetritus","MEblack",0.0935189522895682,0.0685396426622144,352,1.36445053777797,0.173297467274148
"Detritus - Rhizo","MEblack",0.351777187047956,0.0616125568748595,352,5.70950476479082,1.44621798162055e-07
"Detritus - RhizoDetritus","MEblack",0.244438263068485,0.0636952865777996,352,3.8376193310618,0.000441724828249663
"Rhizo - RhizoDetritus","MEblack",-0.10733892397947,0.0666085598755431,352,-1.61148843602131,0.129563469612366
"Bulk - Detritus","MEblue",-0.317539321144796,0.0636952865777996,352,-4.98528758100401,5.83732626022208e-06
"Bulk - Rhizo","MEblue",-0.0343077909054014,0.066608559875543,352,-0.515065795890272,0.606830331193182
"Bulk - RhizoDetritus","MEblue",-0.156030951904566,0.0685396426622143,352,-2.27650664409701,0.0351233667024451
"Detritus - Rhizo","MEblue",0.283231530239394,0.0616125568748595,352,4.5969773793784,1.795325489127e-05
"Detritus - RhizoDetritus","MEblue",0.16150836924023,0.0636952865777997,352,2.53564082866568,0.0233123526116363
"Rhizo - RhizoDetritus","MEblue",-0.121723160999164,0.0666085598755431,352,-1.82744021529068,0.0821761005073679
"Bulk - Detritus","MEbrown",0.162506028156639,0.0636952865777997,352,2.55130382305681,0.0223087120500088
"Bulk - Rhizo","MEbrown",0.28043465270639,0.066608559875543,352,4.21018939953631,9.73116345628873e-05
"Bulk - RhizoDetritus","MEbrown",0.318189321640587,0.0685396426622143,352,4.64241290560453,2.92097254335297e-05
"Detritus - Rhizo","MEbrown",0.117928624549751,0.0616125568748595,352,1.91403555592206,0.0677115015965638
"Detritus - RhizoDetritus","MEbrown",0.155683293483947,0.0636952865777997,352,2.44418860246104,0.0225119516355213
"Rhizo - RhizoDetritus","MEbrown",0.0377546689341961,0.066608559875543,352,0.5668140702147,0.571201756692693
"Bulk - Detritus","MEgreen",0.345916530952074,0.0636952865777996,352,5.4308026470618,5.7921592926148e-07
"Bulk - Rhizo","MEgreen",0.312020099182132,0.066608559875543,352,4.68438440592525,8.03456482735898e-06
"Bulk - RhizoDetritus","MEgreen",0.364055803970224,0.0685396426622143,352,5.31160930856337,5.7921592926148e-07
"Detritus - Rhizo","MEgreen",-0.0338964317699422,0.0616125568748595,352,-0.550154603042831,0.69907471524462
"Detritus - RhizoDetritus","MEgreen",0.0181392730181502,0.0636952865777996,352,0.284782030079953,0.775978611777261
"Rhizo - RhizoDetritus","MEgreen",0.0520357047880923,0.066608559875543,352,0.781216481565134,0.652800410798464
"Bulk - Detritus","MEgreenyellow",-0.0902042759540257,0.0636952865777997,352,-1.41618447455836,0.315211555418664
"Bulk - Rhizo","MEgreenyellow",0.0489068129028487,0.0666085598755431,352,0.73424216038044,0.694934953809688
"Bulk - RhizoDetritus","MEgreenyellow",0.0262528696316018,0.0685396426622142,352,0.383031901128876,0.733979877263073
"Detritus - Rhizo","MEgreenyellow",0.139111088856874,0.0616125568748595,352,2.2578366474779,0.147407383554241
"Detritus - RhizoDetritus","MEgreenyellow",0.116457145585627,0.0636952865777996,352,1.82834793345945,0.205030478986185
"Rhizo - RhizoDetritus","MEgreenyellow",-0.0226539432712469,0.066608559875543,352,-0.340105585732156,0.733979877263073
"Bulk - Detritus","MEgrey",0.111746266246522,0.0636952865777996,352,1.75438831113557,0.160468217572101
"Bulk - Rhizo","MEgrey",0.183185717808722,0.066608559875543,352,2.75018283162107,0.0343990387868746
"Bulk - RhizoDetritus","MEgrey",0.174193081490146,0.0685396426622143,352,2.54149386725907,0.0343990387868746
"Detritus - Rhizo","MEgrey",0.0714394515622006,0.0616125568748595,352,1.15949499884091,0.370560577311647
"Detritus - RhizoDetritus","MEgrey",0.0624468152436242,0.0636952865777996,352,0.980399313650148,0.393074868539399
"Rhizo - RhizoDetritus","MEgrey",-0.00899263631857634,0.0666085598755431,352,-0.135007217321301,0.892683333681448
"Bulk - Detritus","MEmagenta",0.113340681975474,0.0636952865777997,352,1.77942023758753,0.456201824336716
"Bulk - Rhizo","MEmagenta",0.0727966882237263,0.066608559875543,352,1.09290289956344,0.595495019204652
"Bulk - RhizoDetritus","MEmagenta",0.0469179879142888,0.0685396426622143,352,0.684537970901248,0.613125221636067
"Detritus - Rhizo","MEmagenta",-0.040543993751748,0.0616125568748595,352,-0.658047576796666,0.613125221636067
"Detritus - RhizoDetritus","MEmagenta",-0.0664226940611855,0.0636952865777997,352,-1.04281961240656,0.595495019204652
"Rhizo - RhizoDetritus","MEmagenta",-0.0258787003094375,0.0666085598755431,352,-0.388519138648116,0.697866777198173
"Bulk - Detritus","MEpink",0.0596320069286725,0.0636952865777994,352,0.93620753014175,0.69961639455952
"Bulk - Rhizo","MEpink",-0.0127622431796751,0.066608559875543,352,-0.191600647176897,0.848165509885225
"Bulk - RhizoDetritus","MEpink",-0.0297785004365185,0.0685396426622143,352,-0.434471194769378,0.848165509885225
"Detritus - Rhizo","MEpink",-0.0723942501083477,0.0616125568748595,352,-1.1749918162849,0.69961639455952
"Detritus - RhizoDetritus","MEpink",-0.089410507365191,0.0636952865777996,352,-1.40372250709606,0.69961639455952
"Rhizo - RhizoDetritus","MEpink",-0.0170162572568433,0.066608559875543,352,-0.255466523951845,0.848165509885225
"Bulk - Detritus","MEpurple",0.0846981710257309,0.0636952865777996,352,1.32974001023259,0.531360583874841
"Bulk - Rhizo","MEpurple",0.0813310601485275,0.066608559875543,352,1.22103015438997,0.531360583874841
"Bulk - RhizoDetritus","MEpurple",0.0764106188611729,0.0685396426622143,352,1.11483830223261,0.531360583874841
"Detritus - Rhizo","MEpurple",-0.0033671108772034,0.0616125568748595,352,-0.0546497507649666,0.956448506525902
"Detritus - RhizoDetritus","MEpurple",-0.00828755216455801,0.0636952865777996,352,-0.130112487278557,0.956448506525902
"Rhizo - RhizoDetritus","MEpurple",-0.00492044128735461,0.066608559875543,352,-0.0738710054165466,0.956448506525902
"Bulk - Detritus","MEred",-0.320679845558005,0.0636952865777997,352,-5.03459302544019,2.29796207862927e-06
"Bulk - Rhizo","MEred",-0.282579047124716,0.0666085598755431,352,-4.24238337614129,5.66216460756279e-05
"Bulk - RhizoDetritus","MEred",-0.349401449236732,0.0685396426622143,352,-5.09780085896708,2.29796207862927e-06
"Detritus - Rhizo","MEred",0.038100798433289,0.0616125568748596,352,0.618393398454068,0.644059175117807
"Detritus - RhizoDetritus","MEred",-0.0287216036787276,0.0636952865777996,352,-0.450921963333128,0.652323436893441
"Rhizo - RhizoDetritus","MEred",-0.0668224021120166,0.066608559875543,352,-1.00321043176542,0.474672704907641
"Bulk - Detritus","MEturquoise",-0.0895917406677708,0.0636952865777996,352,-1.40656782442356,0.192525366530131
"Bulk - Rhizo","MEturquoise",-0.358396634814549,0.066608559875543,352,-5.38063929747478,8.14297563288838e-07
"Bulk - RhizoDetritus","MEturquoise",-0.326110704531001,0.0685396426622143,352,-4.75798664632936,8.57555796851366e-06
"Detritus - Rhizo","MEturquoise",-0.268804894146778,0.0616125568748595,352,-4.36282647208984,3.3780805781973e-05
"Detritus - RhizoDetritus","MEturquoise",-0.236518963863231,0.0636952865777997,352,-3.71328832274485,0.00035667169738749
"Rhizo - RhizoDetritus","MEturquoise",0.0322859302835473,0.066608559875543,352,0.484711429640169,0.628182540066534
