"","MEmagenta","MEpink","MEred","MEturquoise","MEgreenyellow","MEblack","MEblue","MEpurple","MEbrown","MEgreen","MEgrey"
"DRIP_104.Untrt.Detritus.8weeks",-0.165898735739775,-0.120218149299312,0.0831230784418351,-0.166979470919273,0.0354298098840585,0.352783603736461,0.27371514932488,-0.0837898966515944,0.124108444608097,-0.0569495464980967,-0.0952101182055306
"DRIP_104B.Untrt.Bulk.8weeks",-0.143421198553553,-0.182391632603617,-0.465876952208618,-0.275047717523968,-0.0629797337639988,-0.0777388785980942,-0.255333909557661,-0.0980556515740074,0.336417822931775,0.34843958144944,-0.0893592861690587
"DRIP_106.Untrt.Detritus.8weeks",0.0971020861951988,-0.131075245549908,0.131664652424576,-0.159570110809802,0.957672248291675,0.211412727021069,0.291718460230922,-0.0196162091946772,0.0545996146038643,-0.172253204200842,-0.142538597606502
"DRIP_109.Untrt.RhizoDetritus.8weeks",0.0865770924969708,0.0736351722819026,0.104582309193904,0.101727599109297,0.00783122952094234,0.078077877177082,0.132231801761529,0.0401441945450435,-0.0668655332121924,-0.145676413788518,0.0405366144238665
"DRIP_145.Untrt.Rhizo.12weeks",-0.33119946419446,-0.375537269632563,-0.157634794456882,0.11162636778101,-0.0622295499969459,-0.209022545686839,-0.200512127256715,-0.0768785634540687,0.180390111830141,0.0328119039812856,-0.272494695718655
"DRIP_146.Untrt.Rhizo.12weeks",-0.109571847906209,-0.243192856593954,-0.0149384465203083,0.149781229029537,-0.0764568125344414,-0.246176828326754,-0.197877695896357,-0.0750223766479252,0.0163941223971072,-0.040647554513141,-0.182434850107355
"DRIP_147.Untrt.Rhizo.12weeks",-0.191345489110748,0.0558962302991346,-0.0141795469140415,0.201811731681801,-0.0331198007778911,-0.12557743340336,-0.135489844850988,-0.017868126019908,-0.136752536032664,-0.0125694466887826,-0.137942467336022
"DRIP_149B.Untrt.Bulk.12weeks",0.156822044520654,0.036401795650983,-0.266708802232607,-0.199364592347016,-0.0129960759683672,0.0702110350802187,-0.10877705900542,-0.0718385454661755,0.15149414025473,0.314182471937592,0.236095706440245
"DRIP_156.Untrt.RhizoDetritus.12weeks",-0.0721134160641126,-0.117037593276199,0.26676148767392,0.143024193967684,0.0303796801547445,-0.0780929650994645,0.0764170827030577,0.00266816415295687,0.0324988534550618,-0.164784474478842,0.0139025363920055
"DRIP_171.Untrt.Rhizo.12weeks",-0.0465454878057198,0.000557193533789748,0.0281313633826005,0.0658773989673736,-0.00338707931890286,-0.0488945150524723,-0.0280077305490616,-0.0156220480836199,0.048864321351236,-0.00781453717269287,0.110756238699107
"DRIP_175.Untrt.Detritus.12weeks",-0.129549784202268,-0.0272921891182036,-0.0336868888482426,-0.178075188750448,-0.00358304212280226,0.170459794983308,0.132702020819204,-0.0227618597344577,0.0838120883414988,0.0216172622328259,0.0690705460870868
"DRIP_176.Untrt.Detritus.12weeks",0.178549964999149,-0.0348703303857556,0.0177853897256563,-0.102444276823561,0.00229868129973561,0.106139460120199,0.0693522865663998,-0.000319969583014391,0.0561159250750415,-0.00601187850837066,0.130873725245517
"DRIP_178.Untrt.Detritus.12weeks",0.195824746965936,-0.0308809257591274,-0.000512275672970435,-0.125296755426134,0.00894228825686197,0.0476187742010712,0.0519526600073245,0.00941208712552616,0.0898250499935175,0.020671753130677,0.16622024483133
"DRIP_182.Untrt.RhizoDetritus.12weeks",-0.0612976597011624,-0.0670717529850673,0.14444397482786,0.0619322320205005,-0.0631405475417697,0.00758437010812847,0.156204278065953,-0.0302656366452339,-0.156633724740452,-0.160788188868677,-0.0566892436664497
"DRIP_192.Untrt.RhizoDetritus.12weeks",-0.0472872487709088,0.126271249235317,0.237902269396447,0.17876347103903,-0.0241014066158799,-0.0774947281754115,0.136142727584416,0.0815273181391965,-0.201712687807757,-0.206666240687668,0.130140989589756
"DRIP_27.Untrt.Rhizo.4weeks",0.0661208987760058,0.296933253959921,0.186083499475252,0.337188348225766,-0.111460700050125,-0.361322822007158,-0.0855949429448802,0.0816839374852549,-0.403052950138433,-0.207588415424848,-0.031762537442791
"DRIP_28.Untrt.Rhizo.4weeks",0.0425737371178818,0.117213632458749,0.14826391761462,0.227142388656093,-0.0706241121395432,-0.0935716006663297,-0.0195325655353584,0.0248255551211706,-0.191618675331373,-0.0766317831482577,0.0558453515132204
"DRIP_30.Untrt.Rhizo.4weeks",0.180663129253112,0.452682438919657,0.000114787963014188,0.17366778958239,-0.0633144980190008,-0.286520443807702,-0.150158103282183,-0.0087327815373981,-0.272571613034531,0.012243896557941,-0.0381765902715728
"DRIP_31.Untrt.Detritus.4weeks",-0.189766181404665,-0.108223385981368,0.0867038455327119,-0.020843458356379,0.0216333140356626,0.110678132474289,0.084468353500567,0.0238923745915428,0.11287787820229,-0.0731196868385205,0.125706673300598
"DRIP_31B.Untrt.Bulk.4weeks",-0.0668945434168711,-0.0646287904497129,-0.163569189181191,-0.116906789828377,0.014110620926916,-0.0180298535198227,-0.0784294237277822,0.935168629542205,0.25535083457246,0.198464294231138,0.20938516345296
"DRIP_32.Untrt.Detritus.4weeks",-0.0606229647594329,-0.0943576213104584,0.0330040830326486,-0.0981940492735684,-0.0146666979554178,0.193504041466801,0.109117704713245,-0.0707093328097618,0.00816336277223205,-0.0674288282635344,-0.11053682042821
"DRIP_32B.Untrt.Bulk.4weeks",-0.0830676479306153,-0.00472738151473488,-0.200765735566782,-0.170690127013375,0.014316707516155,-0.0362365175508123,-0.132824972543806,-0.00257571064505005,0.240449955482064,0.246162214995433,0.178294248569681
"DRIP_42.Untrt.RhizoDetritus.4weeks",-0.0200601763741196,0.194736195041301,0.0610548703967485,0.204637955186203,-0.0138950085996621,-0.169681385966096,-0.119152955216908,0.00369942051699483,-0.111250134301482,0.0465214396352166,0.0633142013683173
"DRIP_44.Untrt.RhizoDetritus.4weeks",-0.091066181810828,0.449389848058002,0.0353330054391615,0.319206636312967,-0.0709646094768254,-0.329848467956589,-0.194345779503424,-0.0317303931691299,-0.344163095928284,-0.00860350746255791,-0.215181008861296
"DRIP_5.Untrt.Detritus.4weeks",-0.0842370000156916,0.0677866511940366,0.0450998435505419,-0.0759605703666458,-0.02402228876361,0.164860366382113,0.100342420017829,-0.0455785899954393,-0.00571886650092512,-0.0228016689130107,0.0362067059850652
"DRIP_5B.Untrt.Bulk.4weeks",0.159941863704515,0.109399528157022,-0.118279226576737,-0.131109563875857,0.0156027538590097,0.0318180720551815,-0.0480244740291867,-0.00181891331993944,0.151107065880849,0.165131573396853,0.353952820967247
"DRIP_6.Untrt.Detritus.4weeks",-0.190988020868462,0.0534058368884096,0.127990910809988,-0.0181905699788609,0.0107811023304859,0.170898221622283,0.199188904086438,0.0237043818503582,0.0105357260595922,-0.13751210279398,0.140350082948416
"DRIP_6B.Untrt.Bulk.4weeks",0.0697604497449658,0.0894263055888204,-0.0457879687763073,-0.0873553485657962,0.00312103102824664,0.0294064037686874,0.0066726311313721,0.00937496667063051,0.143108593515785,0.099808527914973,0.25550499970087
"DRIP_76.Untrt.Rhizo.8weeks",-0.110974350673631,-0.0537012698653628,0.0823507774235353,0.129569140421118,0.00329438348967356,-0.158843349466906,-0.00669636572809348,0.0278075351514959,0.117003624877122,-0.0665845725867854,0.191753623258241
"DRIP_77.Untrt.Detritus.8weeks",-0.171888045137806,-0.0281314103884746,0.216862196695967,-0.0340909183516903,-0.0301921238279994,0.183451879185346,0.330394818342041,0.00487049036201081,-0.0682431051520446,-0.22453557946346,0.0293118592216472
"DRIP_77B.Untrt.Bulk.8weeks",0.454193289036323,0.0237994650016032,-0.350865260577937,-0.243293552119711,-0.00990046384583672,0.0275988350735685,-0.29217598183158,-0.141953468278724,0.0960957324294393,0.38625013419365,-0.188722153947315
"DRIP_78.Untrt.Detritus.8weeks",-0.0294436347168849,-0.109553564139468,0.110418062370391,-0.118723524325065,-0.0765654333086541,0.222009888149263,0.306939395935101,-0.0556614653379588,-0.158450196357933,-0.176125004422846,-0.273505578701573
"DRIP_78B.Untrt.Bulk.8weeks",-0.0412761239814027,0.0600237955265584,-0.358347158025235,-0.291779974709114,-0.0372887869334216,0.172028700617689,-0.213317980653253,-0.122758112815791,0.149752023200727,0.358385460741765,-0.00594593436766031
"DRIP_82.Untrt.RhizoDetritus.8weeks",0.178007534766751,-0.214578576802099,0.0432019370296104,-0.0232232953792869,-0.0570905599545478,0.124958477134412,0.115693220569099,-0.0938121170341421,-0.0708645705026082,-0.198334556478474,-0.289588605574341
"DRIP_83.Untrt.RhizoDetritus.8weeks",0.157954285267113,-0.139813452704087,-0.0682685532092042,0.107269178008401,-0.0950556817211157,-0.104596998611987,-0.177153930944513,-0.0779727072819259,-0.102747511819152,0.042709769228568,-0.130774570946055
"DRIP_97.Untrt.Rhizo.8weeks",0.414424080294747,-0.0602751934357543,0.0685445363660531,0.12391419475474,-0.108378837357423,-0.0538513264613734,-0.129848072302227,-0.103436579974467,-0.168320090974815,-0.0599730924254588,-0.276359272644837
