"contrast","estimate","SE","df","t.ratio","p.value","Module"
"Bulk - Detritus",0.113340681975475,0.0795302907589538,32,1.4251259601074,0.722172475456477,"MEmagenta"
"Bulk - Rhizo",0.0727966882237264,0.0831678200782832,32,0.875298741210305,0.722172475456477,"MEmagenta"
"Bulk - RhizoDetritus",0.046917987914289,0.0855789808368738,32,0.548241956792189,0.722172475456477,"MEmagenta"
"Detritus - Rhizo",-0.0405439937517482,0.0769297828132863,32,-0.527025974454539,0.722172475456477,"MEmagenta"
"Detritus - RhizoDetritus",-0.0664226940611856,0.0795302907589539,32,-0.835187366062879,0.722172475456477,"MEmagenta"
"Rhizo - RhizoDetritus",-0.0258787003094374,0.0831678200782832,32,-0.311162421776579,0.757695214327843,"MEmagenta"
"Bulk - Detritus",0.0596320069286724,0.0802662765109433,32,0.742927285539929,0.880106302485896,"MEpink"
"Bulk - Rhizo",-0.0127622431796756,0.0839374680956299,32,-0.152044652635168,0.880106302485896,"MEpink"
"Bulk - RhizoDetritus",-0.0297785004365184,0.08637094211307,32,-0.344774523792212,0.880106302485896,"MEpink"
"Detritus - Rhizo",-0.072394250108348,0.0776417030579366,32,-0.932414504796824,0.880106302485896,"MEpink"
"Detritus - RhizoDetritus",-0.0894105073651908,0.0802662765109433,32,-1.11392369562578,0.880106302485896,"MEpink"
"Rhizo - RhizoDetritus",-0.0170162572568429,0.0839374680956299,32,-0.202725405506111,0.880106302485896,"MEpink"
"Bulk - Detritus",-0.320679845558004,0.0490754178202227,32,-6.5344292479128,6.99528596182675e-07,"MEred"
"Bulk - Rhizo",-0.282579047124715,0.0513200125460291,32,-5.50621547240014,9.10706292032698e-06,"MEred"
"Bulk - RhizoDetritus",-0.349401449236733,0.0528078572468387,32,-6.61646708374347,6.99528596182675e-07,"MEred"
"Detritus - Rhizo",0.0381007984332893,0.0474707334570629,32,0.802616594659345,0.513740940176697,"MEred"
"Detritus - RhizoDetritus",-0.0287216036787289,0.0490754178202227,32,-0.585254389151497,0.562481399552178,"MEred"
"Rhizo - RhizoDetritus",-0.0668224021120182,0.0513200125460291,32,-1.30207298862378,0.303279432490717,"MEred"
"Bulk - Detritus",-0.089591740667772,0.0364474491501103,32,-2.45810729576121,0.023478602069547,"MEturquoise"
"Bulk - Rhizo",-0.358396634814549,0.0381144701509528,32,-9.40316455653495,5.99702192899609e-10,"MEturquoise"
"Bulk - RhizoDetritus",-0.326110704531001,0.0392194662260688,32,-8.31502149089012,5.0537977052853e-09,"MEturquoise"
"Detritus - Rhizo",-0.268804894146777,0.0352556783139965,32,-7.62444255795419,2.18664102139496e-08,"MEturquoise"
"Detritus - RhizoDetritus",-0.236518963863229,0.0364474491501103,32,-6.48931459892067,3.97943112362402e-07,"MEturquoise"
"Rhizo - RhizoDetritus",0.0322859302835478,0.0381144701509529,32,0.847078029831686,0.403242603778927,"MEturquoise"
"Bulk - Detritus",-0.0902042759540252,0.0773481577488749,32,-1.16621104599401,0.504295147631093,"MEgreenyellow"
"Bulk - Rhizo",0.0489068129028492,0.0808858814126849,32,0.604639673187506,0.78122417147754,"MEgreenyellow"
"Bulk - RhizoDetritus",0.0262528696316023,0.0832308853216814,32,0.315422208115856,0.78122417147754,"MEgreenyellow"
"Detritus - Rhizo",0.139111088856874,0.0748190019154286,32,1.8593015850989,0.425916676360216,"MEgreenyellow"
"Detritus - RhizoDetritus",0.116457145585627,0.077348157748875,32,1.50562274493631,0.425916676360216,"MEgreenyellow"
"Rhizo - RhizoDetritus",-0.0226539432712469,0.080885881412685,32,-0.280072898701134,0.78122417147754,"MEgreenyellow"
"Bulk - Detritus",-0.150919310778919,0.0478033035278603,32,-3.15708956580713,0.00519581160142559,"MEblack"
"Bulk - Rhizo",0.200857876269037,0.0499897147239468,32,4.01798404688274,0.000665933329319748,"MEblack"
"Bulk - RhizoDetritus",0.0935189522895678,0.0514389920810071,32,1.81805569094924,0.0784281680835721,"MEblack"
"Detritus - Rhizo",0.351777187047956,0.0462402151816837,32,7.60760272558807,6.87091410151349e-08,"MEblack"
"Detritus - RhizoDetritus",0.244438263068487,0.0478033035278603,32,5.11341779812404,4.28660926572107e-05,"MEblack"
"Rhizo - RhizoDetritus",-0.107338923979469,0.0499897147239468,32,-2.14722017463425,0.0473448691279162,"MEblack"
"Bulk - Detritus",-0.317539321144796,0.0515520870653778,32,-6.15958226370343,4.10650842239091e-06,"MEblue"
"Bulk - Rhizo",-0.0343077909054018,0.0539099588445881,32,-0.6363905972235,0.52904801097836,"MEblue"
"Bulk - RhizoDetritus",-0.156030951904566,0.0554728900016265,32,-2.81274243869376,0.0124876217728908,"MEblue"
"Detritus - Rhizo",0.283231530239395,0.0498664197460468,32,5.67980480014003,8.24438492504361e-06,"MEblue"
"Detritus - RhizoDetritus",0.16150836924023,0.0515520870653778,32,3.13291621026724,0.0073774772694502,"MEblue"
"Rhizo - RhizoDetritus",-0.121723160999164,0.0539099588445882,32,-2.25789749441412,0.0370880433340088,"MEblue"
"Bulk - Detritus",0.0846981710257313,0.08042311070874,32,1.05315711216983,0.767692267782917,"MEpurple"
"Bulk - Rhizo",0.0813310601485285,0.0841014755224858,32,0.967058659116907,0.767692267782917,"MEpurple"
"Bulk - RhizoDetritus",0.0764106188611736,0.0865397043630219,32,0.882954470709095,0.767692267782917,"MEpurple"
"Detritus - Rhizo",-0.00336711087720279,0.0777934090388787,32,-0.0432827268891123,0.96574511736632,"MEpurple"
"Detritus - RhizoDetritus",-0.0082875521645577,0.08042311070874,32,-0.103049385823583,0.96574511736632,"MEpurple"
"Rhizo - RhizoDetritus",-0.00492044128735492,0.0841014755224858,32,-0.0585060042857317,0.96574511736632,"MEpurple"
"Bulk - Detritus",0.162506028156639,0.0579561764604662,32,2.80394667283633,0.0170175726155711,"MEbrown"
"Bulk - Rhizo",0.280434652706391,0.0606069562966688,32,4.62710338618018,0.000175626797646922,"MEbrown"
"Bulk - RhizoDetritus",0.318189321640587,0.0623640435280355,32,5.10212782302268,8.85950061898662e-05,"MEbrown"
"Detritus - Rhizo",0.117928624549751,0.0560611060923375,32,2.10357291837076,0.0520387741959656,"MEbrown"
"Detritus - RhizoDetritus",0.155683293483948,0.0579561764604662,32,2.68622436799543,0.0170424508387468,"MEbrown"
"Rhizo - RhizoDetritus",0.0377546689341963,0.0606069562966689,32,0.622942831007525,0.537736743417524,"MEbrown"
"Bulk - Detritus",0.345916530952074,0.0425066394083873,32,8.13794117263994,1.31472708455064e-08,"MEgreen"
"Bulk - Rhizo",0.312020099182132,0.0444507935871115,32,7.01944946316104,1.17762081802176e-07,"MEgreen"
"Bulk - RhizoDetritus",0.364055803970225,0.045739489251908,32,7.95933251386358,1.31472708455064e-08,"MEgreen"
"Detritus - Rhizo",-0.0338964317699423,0.041116743150367,32,-0.824394861382393,0.498981689263443,"MEgreen"
"Detritus - RhizoDetritus",0.0181392730181504,0.0425066394083873,32,0.426739758085208,0.672426292560929,"MEgreen"
"Rhizo - RhizoDetritus",0.0520357047880927,0.0444507935871115,32,1.17063612567719,0.375583904179228,"MEgreen"
"Bulk - Detritus",0.111746266246522,0.0745942949674737,32,1.49805378943856,0.287839703685947,"MEgrey"
"Bulk - Rhizo",0.183185717808723,0.0780060633944405,32,2.34835229259599,0.112581135788693,"MEgrey"
"Bulk - RhizoDetritus",0.174193081490146,0.0802675770281004,32,2.17015497339808,0.112581135788693,"MEgrey"
"Detritus - Rhizo",0.0714394515622011,0.072155185856804,32,0.990080625722131,0.490458678102663,"MEgrey"
"Detritus - RhizoDetritus",0.0624468152436242,0.0745942949674738,32,0.837152697412766,0.490458678102663,"MEgrey"
"Rhizo - RhizoDetritus",-0.00899263631857697,0.0780060633944405,32,-0.115281247729492,0.908942572048379,"MEgrey"
