"contrast","Zone","estimate","SE","df","t.ratio","p.value"
"MEblack - MEblue","Bulk",0.165158620892991,0.068539642662214,352,2.40968021538933,0.030211604510881
"MEblack - MEbrown","Bulk",-0.165589796417651,0.0685396426622142,352,-2.41597110789929,0.030211604510881
"MEblack - MEgreen","Bulk",-0.239720807741781,0.0685396426622147,352,-3.49754971620149,0.00161854622791259
"MEblack - MEgreenyellow","Bulk",0.0343839680134888,0.068539642662214,352,0.501665411110245,0.651767469323377
"MEblack - MEgrey","Bulk",-0.0937684709650443,0.0685396426622145,352,-1.36809103932983,0.242784457523973
"MEblack - MEmagenta","Bulk",-0.0383750420246754,0.0685396426622142,352,-0.559895566041979,0.621766235263987
"MEblack - MEpink","Bulk",0.0164693389462108,0.0685396426622146,352,0.240289244392139,0.825250464905732
"MEblack - MEpurple","Bulk",-0.0383106746483152,0.068539642662214,352,-0.558956439809918,0.621766235263987
"MEblack - MEred","Bulk",0.271157261259004,0.0685396426622143,352,3.95621060639833,0.000422161524078764
"MEblack - MEturquoise","Bulk",0.214325682863729,0.0685396426622142,352,3.12703239379284,0.00526039897397867
"MEblue - MEbrown","Bulk",-0.330748417310643,0.0685396426622142,352,-4.82565132328861,1.6364427571302e-05
"MEblue - MEgreen","Bulk",-0.404879428634772,0.0685396426622144,352,-5.90722993159082,1.12855338114266e-07
"MEblue - MEgreenyellow","Bulk",-0.130774652879503,0.0685396426622141,352,-1.90801480427908,0.0953378039230495
"MEblue - MEgrey","Bulk",-0.258927091858036,0.0685396426622143,352,-3.77777125471915,0.00078585328149574
"MEblue - MEmagenta","Bulk",-0.203533662917667,0.0685396426622143,352,-2.9695757814313,0.0079904144465828
"MEblue - MEpink","Bulk",-0.148689281946781,0.0685396426622145,352,-2.16939097099717,0.0545063066264805
"MEblue - MEpurple","Bulk",-0.203469295541307,0.0685396426622141,352,-2.96863665519924,0.0079904144465828
"MEblue - MEred","Bulk",0.105998640366013,0.0685396426622143,352,1.54653039100902,0.177845512746827
"MEblue - MEturquoise","Bulk",0.0491670619707378,0.0685396426622143,352,0.717352178403514,0.531628401246604
"MEbrown - MEgreen","Bulk",-0.0741310113241298,0.0685396426622144,352,-1.08157860830223,0.377853623106283
"MEbrown - MEgreenyellow","Bulk",0.19997376443114,0.0685396426622142,352,2.91763651900953,0.00825765606909595
"MEbrown - MEgrey","Bulk",0.0718213254526069,0.0685396426622144,352,1.04788006856945,0.377853623106283
"MEbrown - MEmagenta","Bulk",0.127214754392976,0.0685396426622142,352,1.85607554185731,0.0982029578230772
"MEbrown - MEpink","Bulk",0.182059135363862,0.0685396426622144,352,2.65626035229143,0.0168276380164665
"MEbrown - MEpurple","Bulk",0.127279121769336,0.0685396426622142,352,1.85701466808938,0.0982029578230772
"MEbrown - MEred","Bulk",0.436747057676655,0.0685396426622143,352,6.37218171429763,1.07047952993739e-08
"MEbrown - MEturquoise","Bulk",0.37991547928138,0.0685396426622143,352,5.54300350169212,6.42433140437932e-07
"MEgreen - MEgreenyellow","Bulk",0.27410477575527,0.0685396426622144,352,3.99921512731175,0.00038738246970654
"MEgreen - MEgrey","Bulk",0.145952336776737,0.0685396426622146,352,2.12945867687167,0.0582824774314636
"MEgreen - MEmagenta","Bulk",0.201345765717106,0.0685396426622145,352,2.93765415015953,0.00807796708784463
"MEgreen - MEpink","Bulk",0.256190146687992,0.0685396426622146,352,3.73783896059364,0.000850656442145786
"MEgreen - MEpurple","Bulk",0.201410133093466,0.0685396426622144,352,2.9385932763916,0.00807796708784463
"MEgreen - MEred","Bulk",0.510878069000785,0.0685396426622145,352,7.45376032259983,3.90892216973647e-11
"MEgreen - MEturquoise","Bulk",0.45404649060551,0.0685396426622144,352,6.62458210999433,3.59185649248099e-09
"MEgreenyellow - MEgrey","Bulk",-0.128152438978533,0.0685396426622143,352,-1.86975645044008,0.0982029578230772
"MEgreenyellow - MEmagenta","Bulk",-0.0727590100381642,0.0685396426622142,352,-1.06156097715222,0.377853623106283
"MEgreenyellow - MEpink","Bulk",-0.017914629067278,0.0685396426622143,352,-0.261376166718102,0.823915876140261
"MEgreenyellow - MEpurple","Bulk",-0.072694642661804,0.068539642662214,352,-1.06062185092016,0.377853623106283
"MEgreenyellow - MEred","Bulk",0.236773293245515,0.0685396426622142,352,3.4545451952881,0.00179041909936812
"MEgreenyellow - MEturquoise","Bulk",0.17994171485024,0.0685396426622142,352,2.62536698268259,0.0177436500256216
"MEgrey - MEmagenta","Bulk",0.0553934289403689,0.0685396426622144,352,0.808195473287856,0.486620456118289
"MEgrey - MEpink","Bulk",0.110237809911255,0.0685396426622145,352,1.60838028372197,0.161504408473002
"MEgrey - MEpurple","Bulk",0.0554577963167291,0.0685396426622143,352,0.80913459951992,0.486620456118289
"MEgrey - MEred","Bulk",0.364925732224048,0.0685396426622144,352,5.32430164572816,1.65920553924338e-06
"MEgrey - MEturquoise","Bulk",0.308094153828774,0.0685396426622144,352,4.49512343312266,5.19693789588641e-05
"MEmagenta - MEpink","Bulk",0.0548443809708862,0.0685396426622144,352,0.800184810434119,0.486620456118289
"MEmagenta - MEpurple","Bulk",6.43673763602651e-05,0.0685396426622142,352,0.00093912623206235,0.999251217782982
"MEmagenta - MEred","Bulk",0.309532303283679,0.0685396426622143,352,4.51610617244031,5.19693789588641e-05
"MEmagenta - MEturquoise","Bulk",0.252700724888405,0.0685396426622143,352,3.68692795983481,0.000853187870807806
"MEpink - MEpurple","Bulk",-0.0547800135945259,0.0685396426622142,352,-0.799245684202058,0.486620456118289
"MEpink - MEred","Bulk",0.254687922312793,0.0685396426622144,352,3.71592136200619,0.000853187870807806
"MEpink - MEturquoise","Bulk",0.197856343917518,0.0685396426622144,352,2.88674314940069,0.00874255668132963
"MEpurple - MEred","Bulk",0.309467935907319,0.0685396426622141,352,4.51516704620826,5.19693789588641e-05
"MEpurple - MEturquoise","Bulk",0.252636357512044,0.0685396426622142,352,3.68598883360276,0.000853187870807806
"MEred - MEturquoise","Bulk",-0.0568315783952748,0.0685396426622144,352,-0.829178212605503,0.486620456118289
"MEblack - MEblue","Detritus",-0.00146138947288713,0.0584508036573668,352,-0.0250020424262027,0.984508994252566
"MEblack - MEbrown","Detritus",0.147835542517905,0.0584508036573665,352,2.52923028029699,0.0362611828322106
"MEblack - MEgreen","Detritus",0.25711503398921,0.0584508036573663,352,4.39882803830033,0.000198565422425565
"MEblack - MEgreenyellow","Detritus",0.0950990028383802,0.0584508036573666,352,1.62699222060046,0.185640156791384
"MEblack - MEgrey","Detritus",0.168897106060395,0.0584508036573664,352,2.88956003155157,0.0160948050257883
"MEblack - MEmagenta","Detritus",0.225884950729716,0.0584508036573664,352,3.86453113722497,0.000910991236640457
"MEblack - MEpink","Detritus",0.2270206566538,0.0584508036573662,352,3.88396125371649,0.000910991236640457
"MEblack - MEpurple","Detritus",0.197306807156333,0.0584508036573666,352,3.37560469335764,0.00450300938714041
"MEblack - MEred","Detritus",0.101396726479916,0.0584508036573666,352,1.73473622491651,0.164337802760506
"MEblack - MEturquoise","Detritus",0.275653252974876,0.0584508036573666,352,4.71598738985233,9.5506935786939e-05
"MEblue - MEbrown","Detritus",0.149296931990792,0.0584508036573666,352,2.55423232272318,0.0357910845478107
"MEblue - MEgreen","Detritus",0.258576423462098,0.0584508036573666,352,4.42383008072651,0.000198565422425565
"MEblue - MEgreenyellow","Detritus",0.0965603923112674,0.0584508036573666,352,1.65199426302666,0.185640156791384
"MEblue - MEgrey","Detritus",0.170358495533282,0.0584508036573666,352,2.91456207397777,0.0160335858166548
"MEblue - MEmagenta","Detritus",0.227346340202603,0.0584508036573666,352,3.88953317965117,0.000910991236640457
"MEblue - MEpink","Detritus",0.228482046126688,0.0584508036573664,352,3.90896329614268,0.000910991236640457
"MEblue - MEpurple","Detritus",0.19876819662922,0.0584508036573667,352,3.40060673578384,0.00450300938714041
"MEblue - MEred","Detritus",0.102858115952803,0.0584508036573667,352,1.75973826734271,0.164337802760506
"MEblue - MEturquoise","Detritus",0.277114642447763,0.0584508036573667,352,4.74098943227853,9.5506935786939e-05
"MEbrown - MEgreen","Detritus",0.109279491471305,0.0584508036573665,352,1.86959775800333,0.142930594236326
"MEbrown - MEgreenyellow","Detritus",-0.052736539679525,0.0584508036573666,352,-0.902238059696525,0.493051356173046
"MEbrown - MEgrey","Detritus",0.0210615635424894,0.0584508036573665,352,0.360329751254584,0.775194447794269
"MEbrown - MEmagenta","Detritus",0.0780494082118108,0.0584508036573665,352,1.33530085692798,0.287006895824829
"MEbrown - MEpink","Detritus",0.0791851141358952,0.0584508036573664,352,1.35473097341949,0.287006895824829
"MEbrown - MEpurple","Detritus",0.0494712646384277,0.0584508036573666,352,0.846374413060662,0.507447857061808
"MEbrown - MEred","Detritus",-0.0464388160379889,0.0584508036573667,352,-0.794494055380471,0.522430564995304
"MEbrown - MEturquoise","Detritus",0.12781771045697,0.0584508036573666,352,2.18675710955535,0.0770472193435513
"MEgreen - MEgreenyellow","Detritus",-0.16201603115083,0.0584508036573665,352,-2.77183581769985,0.021524849906955
"MEgreen - MEgrey","Detritus",-0.0882179279288158,0.0584508036573665,352,-1.50926800674875,0.227093909411153
"MEgreen - MEmagenta","Detritus",-0.0312300832594944,0.0584508036573665,352,-0.534296901075347,0.689961726567729
"MEgreen - MEpink","Detritus",-0.03009437733541,0.0584508036573664,352,-0.514866784583847,0.689961726567729
"MEgreen - MEpurple","Detritus",-0.0598082268328776,0.0584508036573666,352,-1.02322334494267,0.444204518870239
"MEgreen - MEred","Detritus",-0.155718307509294,0.0584508036573666,352,-2.6640918133838,0.0277569141223594
"MEgreen - MEturquoise","Detritus",0.0185382189856651,0.0584508036573666,352,0.317159351552026,0.794655572410266
"MEgreenyellow - MEgrey","Detritus",0.0737981032220144,0.0584508036573666,352,1.26256781095111,0.317136615601675
"MEgreenyellow - MEmagenta","Detritus",0.130785947891336,0.0584508036573666,352,2.23753891662451,0.071160002279535
"MEgreenyellow - MEpink","Detritus",0.13192165381542,0.0584508036573665,352,2.25696903311601,0.071160002279535
"MEgreenyellow - MEpurple","Detritus",0.102207804317953,0.0584508036573666,352,1.74861247275719,0.164337802760506
"MEgreenyellow - MEred","Detritus",0.00629772364153605,0.0584508036573667,352,0.107744004316053,0.948760530775168
"MEgreenyellow - MEturquoise","Detritus",0.180554250136495,0.0584508036573667,352,3.08899516925187,0.0108402891349009
"MEgrey - MEmagenta","Detritus",0.0569878446693214,0.0584508036573665,352,0.974971105673399,0.454085676536224
"MEgrey - MEpink","Detritus",0.0581235505934058,0.0584508036573664,352,0.994401222164901,0.452284245665164
"MEgrey - MEpurple","Detritus",0.0284097010959383,0.0584508036573666,352,0.486044661806079,0.689961726567729
"MEgrey - MEred","Detritus",-0.0675003795804783,0.0584508036573666,352,-1.15482380663505,0.370054782874614
"MEgrey - MEturquoise","Detritus",0.106756146914481,0.0584508036573666,352,1.82642735830077,0.150992075146
"MEmagenta - MEpink","Detritus",0.00113570592408443,0.0584508036573664,352,0.0194301164915002,0.984508994252566
"MEmagenta - MEpurple","Detritus",-0.0285781435733831,0.0584508036573666,352,-0.488926443867319,0.689961726567729
"MEmagenta - MEred","Detritus",-0.1244882242498,0.0584508036573666,352,-2.12979491230845,0.0810217389411774
"MEmagenta - MEturquoise","Detritus",0.0497683022451595,0.0584508036573666,352,0.85145625262737,0.507447857061808
"MEpink - MEpurple","Detritus",-0.0297138494974676,0.0584508036573665,352,-0.50835656035882,0.689961726567729
"MEpink - MEred","Detritus",-0.125623930173884,0.0584508036573665,352,-2.14922502879996,0.0807446755331397
"MEpink - MEturquoise","Detritus",0.0486325963210751,0.0584508036573665,352,0.832026136135872,0.507447857061808
"MEpurple - MEred","Detritus",-0.0959100806764166,0.0584508036573667,352,-1.64086846844113,0.185640156791384
"MEpurple - MEturquoise","Detritus",0.0783464458185427,0.0584508036573666,352,1.34038269649469,0.287006895824829
"MEred - MEturquoise","Detritus",0.174256526494959,0.0584508036573666,352,2.98125116493582,0.014073309773543
"MEblack - MEblue","Rhizo",-0.0700070462814486,0.0646197948087396,352,-1.08336843978929,0.480195445313921
"MEblack - MEbrown","Rhizo",-0.0860130199802994,0.0646197948087393,352,-1.33106303161252,0.378023296901695
"MEblack - MEgreen","Rhizo",-0.128558584828688,0.0646197948087394,352,-1.98946135946722,0.157341571464964
"MEblack - MEgreenyellow","Rhizo",-0.117567095352701,0.0646197948087395,352,-1.81936658419721,0.201777408117373
"MEblack - MEgrey","Rhizo",-0.111440629425361,0.0646197948087395,352,-1.7245587014815,0.226114742339075
"MEblack - MEmagenta","Rhizo",-0.166436230069988,0.0646197948087393,352,-2.57562300472484,0.0520666894464231
"MEblack - MEpink","Rhizo",-0.197150780502503,0.0646197948087394,352,-3.05093479615691,0.0168743043371846
"MEblack - MEpurple","Rhizo",-0.157837490768826,0.0646197948087395,352,-2.44255635964167,0.0690930205737375
"MEblack - MEred","Rhizo",-0.212279662134751,0.0646197948087394,352,-3.28505627049811,0.00881640476328341
"MEblack - MEturquoise","Rhizo",-0.344928828219858,0.0646197948087394,352,-5.33781992407702,9.29263199988508e-06
"MEblue - MEbrown","Rhizo",-0.0160059736988508,0.0646197948087394,352,-0.247694591823218,0.862047561263698
"MEblue - MEgreen","Rhizo",-0.0585515385472389,0.0646197948087395,352,-0.90609291967792,0.591260478475884
"MEblue - MEgreenyellow","Rhizo",-0.0475600490712526,0.0646197948087394,352,-0.735998144407917,0.657972277915555
"MEblue - MEgrey","Rhizo",-0.041433583143912,0.0646197948087395,352,-0.641190261692201,0.679161089811801
"MEblue - MEmagenta","Rhizo",-0.0964291837885392,0.0646197948087394,352,-1.49225456493554,0.32648026050254
"MEblue - MEpink","Rhizo",-0.127143734221054,0.0646197948087395,352,-1.96756635636761,0.157341571464964
"MEblue - MEpurple","Rhizo",-0.0878304444873777,0.0646197948087395,352,-1.35918791985237,0.378023296901695
"MEblue - MEred","Rhizo",-0.142272615853302,0.0646197948087395,352,-2.20168783070881,0.111318588086172
"MEblue - MEturquoise","Rhizo",-0.27492178193841,0.0646197948087395,352,-4.25445148428772,0.000739673639797398
"MEbrown - MEgreen","Rhizo",-0.0425455648483881,0.0646197948087393,352,-0.658398327854705,0.679161089811801
"MEbrown - MEgreenyellow","Rhizo",-0.0315540753724018,0.0646197948087393,352,-0.4883035525847,0.742920761331454
"MEbrown - MEgrey","Rhizo",-0.0254276094450612,0.0646197948087394,352,-0.393495669868984,0.77919471335737
"MEbrown - MEmagenta","Rhizo",-0.0804232100896884,0.0646197948087393,352,-1.24455997311232,0.401376363044091
"MEbrown - MEpink","Rhizo",-0.111137760522204,0.0646197948087394,352,-1.7198717645444,0.226114742339075
"MEbrown - MEpurple","Rhizo",-0.0718244707885269,0.0646197948087394,352,-1.11149332802916,0.473913093727424
"MEbrown - MEred","Rhizo",-0.126266642154451,0.0646197948087394,352,-1.95399323888559,0.157341571464964
"MEbrown - MEturquoise","Rhizo",-0.258915808239559,0.0646197948087393,352,-4.00675689246451,0.00137774218339616
"MEgreen - MEgreenyellow","Rhizo",0.0109914894759863,0.0646197948087394,352,0.170094775270004,0.897676087194723
"MEgreen - MEgrey","Rhizo",0.0171179554033269,0.0646197948087394,352,0.26490265798572,0.862047561263698
"MEgreen - MEmagenta","Rhizo",-0.0378776452413003,0.0646197948087394,352,-0.586161645257618,0.682174241187445
"MEgreen - MEpink","Rhizo",-0.0685921956738155,0.0646197948087394,352,-1.06147343668969,0.482004220835159
"MEgreen - MEpurple","Rhizo",-0.0292789059401388,0.0646197948087394,352,-0.453095000174451,0.745661924756294
"MEgreen - MEred","Rhizo",-0.083721077306063,0.0646197948087394,352,-1.29559491103089,0.384929373207542
"MEgreen - MEturquoise","Rhizo",-0.216370243391171,0.0646197948087394,352,-3.3483585646098,0.00825767790678589
"MEgreenyellow - MEgrey","Rhizo",0.00612646592734059,0.0646197948087394,352,0.0948078827157159,0.924521371733953
"MEgreenyellow - MEmagenta","Rhizo",-0.0488691347172866,0.0646197948087394,352,-0.756256420527622,0.657972277915555
"MEgreenyellow - MEpink","Rhizo",-0.0795836851498019,0.0646197948087394,352,-1.2315682119597,0.401376363044091
"MEgreenyellow - MEpurple","Rhizo",-0.0402703954161251,0.0646197948087394,352,-0.623189775444456,0.679161089811801
"MEgreenyellow - MEred","Rhizo",-0.0947125667820493,0.0646197948087394,352,-1.46568968630089,0.329141827531031
"MEgreenyellow - MEturquoise","Rhizo",-0.227361732867157,0.0646197948087394,352,-3.51845333987981,0.00540088540020085
"MEgrey - MEmagenta","Rhizo",-0.0549956006446272,0.0646197948087394,352,-0.851064303243338,0.611233732928677
"MEgrey - MEpink","Rhizo",-0.0857101510771425,0.0646197948087394,352,-1.32637609467542,0.378023296901695
"MEgrey - MEpurple","Rhizo",-0.0463968613434657,0.0646197948087394,352,-0.717997658160171,0.657972277915555
"MEgrey - MEred","Rhizo",-0.10083903270939,0.0646197948087394,352,-1.56049756901661,0.298852321169333
"MEgrey - MEturquoise","Rhizo",-0.233488198794498,0.0646197948087394,352,-3.61326122259552,0.00476289936774086
"MEmagenta - MEpink","Rhizo",-0.0307145504325152,0.0646197948087393,352,-0.475311791432078,0.742920761331454
"MEmagenta - MEpurple","Rhizo",0.00859873930116151,0.0646197948087394,352,0.133066645083165,0.910776280072819
"MEmagenta - MEred","Rhizo",-0.0458434320647627,0.0646197948087393,352,-0.709433265773273,0.657972277915555
"MEmagenta - MEturquoise","Rhizo",-0.17849259814987,0.0646197948087393,352,-2.76219691935219,0.0332348671911748
"MEpink - MEpurple","Rhizo",0.0393132897336767,0.0646197948087394,352,0.608378436515243,0.679161089811801
"MEpink - MEred","Rhizo",-0.0151288816322475,0.0646197948087394,352,-0.234121474341193,0.862047561263698
"MEpink - MEturquoise","Rhizo",-0.147778047717355,0.0646197948087394,352,-2.28688512792011,0.0964429846499956
"MEpurple - MEred","Rhizo",-0.0544421713659242,0.0646197948087395,352,-0.842499910856437,0.611233732928677
"MEpurple - MEturquoise","Rhizo",-0.187091337451032,0.0646197948087394,352,-2.89526356443535,0.024596428982177
"MEred - MEturquoise","Rhizo",-0.132649166085108,0.0646197948087394,352,-2.05276365357891,0.149725949843534
"MEblack - MEblue","RhizoDetritus",-0.0843912833011424,0.0685396426622143,352,-1.23127696648566,0.401575716421415
"MEblack - MEbrown","RhizoDetritus",0.0590805729333672,0.0685396426622143,352,0.861991259927274,0.578658226667352
"MEblack - MEgreen","RhizoDetritus",0.0308160439388753,0.0685396426622142,352,0.449609054583883,0.763613648915792
"MEblack - MEgreenyellow","RhizoDetritus",-0.0328821146444776,0.0685396426622143,352,-0.479753225538852,0.763613648915792
"MEblack - MEgrey","RhizoDetritus",-0.0130943417644664,0.0685396426622143,352,-0.191047709848731,0.864313143584043
"MEblack - MEmagenta","RhizoDetritus",-0.0849760063999548,0.0685396426622144,352,-1.2398081329187,0.401575716421415
"MEblack - MEpink","RhizoDetritus",-0.106828113779876,0.0685396426622144,352,-1.55863248815521,0.299954965832537
"MEblack - MEpurple","RhizoDetritus",-0.0554190080767104,0.0685396426622143,352,-0.808568675355274,0.606895225157739
"MEblack - MEred","RhizoDetritus",-0.171763140267297,0.0685396426622143,352,-2.50604079034671,0.0870355841028748
"MEblack - MEturquoise","RhizoDetritus",-0.20530397395684,0.0685396426622143,352,-2.99540479031449,0.0366343769241337
"MEblue - MEbrown","RhizoDetritus",0.14347185623451,0.0685396426622143,352,2.09326822641294,0.156709811212787
"MEblue - MEgreen","RhizoDetritus",0.115207327240018,0.0685396426622142,352,1.68088602106954,0.25063628165318
"MEblue - MEgreenyellow","RhizoDetritus",0.0515091686566648,0.0685396426622142,352,0.75152374094681,0.608645170798734
"MEblue - MEgrey","RhizoDetritus",0.071296941536676,0.0685396426622143,352,1.04022925663693,0.483591328815766
"MEblue - MEmagenta","RhizoDetritus",-0.000584723098812384,0.0685396426622143,352,-0.0085311664330392,0.993198029473945
"MEblue - MEpink","RhizoDetritus",-0.0224368304787335,0.0685396426622143,352,-0.327355521669547,0.793320855312986
"MEblue - MEpurple","RhizoDetritus",0.028972275224432,0.0685396426622143,352,0.422708291130387,0.763613648915792
"MEblue - MEred","RhizoDetritus",-0.0873718569661542,0.0685396426622143,352,-1.27476382386105,0.401575716421415
"MEblue - MEturquoise","RhizoDetritus",-0.120912690655698,0.0685396426622143,352,-1.76412782382883,0.25063628165318
"MEbrown - MEgreen","RhizoDetritus",-0.0282645289944919,0.0685396426622143,352,-0.412382205343392,0.763613648915792
"MEbrown - MEgreenyellow","RhizoDetritus",-0.0919626875778448,0.0685396426622143,352,-1.34174448546613,0.397196272544043
"MEbrown - MEgrey","RhizoDetritus",-0.0721749146978337,0.0685396426622143,352,-1.05303896977601,0.483591328815766
"MEbrown - MEmagenta","RhizoDetritus",-0.144056579333322,0.0685396426622144,352,-2.10179939284597,0.156709811212787
"MEbrown - MEpink","RhizoDetritus",-0.165908686713243,0.0685396426622143,352,-2.42062374808248,0.0977736472821249
"MEbrown - MEpurple","RhizoDetritus",-0.114499581010078,0.0685396426622143,352,-1.67055993528255,0.25063628165318
"MEbrown - MEred","RhizoDetritus",-0.230843713200664,0.0685396426622143,352,-3.36803205027398,0.0154150522996048
"MEbrown - MEturquoise","RhizoDetritus",-0.264384546890208,0.0685396426622143,352,-3.85739605024177,0.00749496485530937
"MEgreen - MEgreenyellow","RhizoDetritus",-0.0636981585833529,0.0685396426622142,352,-0.929362280122735,0.539822320542859
"MEgreen - MEgrey","RhizoDetritus",-0.0439103857033417,0.0685396426622142,352,-0.640656764432614,0.683784295102341
"MEgreen - MEmagenta","RhizoDetritus",-0.11579205033883,0.0685396426622143,352,-1.68941718750258,0.25063628165318
"MEgreen - MEpink","RhizoDetritus",-0.137644157718751,0.0685396426622143,352,-2.00824154273909,0.166397580893067
"MEgreen - MEpurple","RhizoDetritus",-0.0862350520155857,0.0685396426622143,352,-1.25817772993916,0.401575716421415
"MEgreen - MEred","RhizoDetritus",-0.202579184206172,0.0685396426622142,352,-2.9556498449306,0.0366343769241337
"MEgreen - MEturquoise","RhizoDetritus",-0.236120017895716,0.0685396426622143,352,-3.44501384489838,0.0154150522996048
"MEgreenyellow - MEgrey","RhizoDetritus",0.0197877728800112,0.0685396426622143,352,0.288705515690121,0.802145613516461
"MEgreenyellow - MEmagenta","RhizoDetritus",-0.0520938917554772,0.0685396426622143,352,-0.760054907379848,0.608645170798734
"MEgreenyellow - MEpink","RhizoDetritus",-0.0739459991353983,0.0685396426622143,352,-1.07887926261636,0.483591328815766
"MEgreenyellow - MEpurple","RhizoDetritus",-0.0225368934322328,0.0685396426622143,352,-0.328815449816422,0.793320855312986
"MEgreenyellow - MEred","RhizoDetritus",-0.138881025622819,0.0685396426622143,352,-2.02628756480786,0.166397580893067
"MEgreenyellow - MEturquoise","RhizoDetritus",-0.172421859312363,0.0685396426622143,352,-2.51565156477564,0.0870355841028748
"MEgrey - MEmagenta","RhizoDetritus",-0.0718816646354883,0.0685396426622143,352,-1.04876042306997,0.483591328815766
"MEgrey - MEpink","RhizoDetritus",-0.0937337720154095,0.0685396426622143,352,-1.36758477830648,0.394887657778899
"MEgrey - MEpurple","RhizoDetritus",-0.042324666312244,0.0685396426622143,352,-0.617520965506543,0.687231942174025
"MEgrey - MEred","RhizoDetritus",-0.15866879850283,0.0685396426622143,352,-2.31499308049798,0.116533792088798
"MEgrey - MEturquoise","RhizoDetritus",-0.192209632192374,0.0685396426622143,352,-2.80435708046576,0.0487797732914528
"MEmagenta - MEpink","RhizoDetritus",-0.0218521073799211,0.0685396426622144,352,-0.318824355236507,0.793320855312986
"MEmagenta - MEpurple","RhizoDetritus",0.0295569983232444,0.0685396426622144,352,0.431239457563426,0.763613648915792
"MEmagenta - MEred","RhizoDetritus",-0.0867871338673418,0.0685396426622143,352,-1.26623265742801,0.401575716421415
"MEmagenta - MEturquoise","RhizoDetritus",-0.120327967556886,0.0685396426622144,352,-1.75559665739579,0.25063628165318
"MEpink - MEpurple","RhizoDetritus",0.0514091057031655,0.0685396426622143,352,0.750063812799934,0.608645170798734
"MEpink - MEred","RhizoDetritus",-0.0649350264874207,0.0685396426622143,352,-0.947408302191503,0.539822320542859
"MEpink - MEturquoise","RhizoDetritus",-0.0984758601769644,0.0685396426622143,352,-1.43677230215929,0.362691319234748
"MEpurple - MEred","RhizoDetritus",-0.116344132190586,0.0685396426622143,352,-1.69747211499144,0.25063628165318
"MEpurple - MEturquoise","RhizoDetritus",-0.14988496588013,0.0685396426622143,352,-2.18683611495922,0.147061045327964
"MEred - MEturquoise","RhizoDetritus",-0.0335408336895437,0.0685396426622143,352,-0.489363999967783,0.763613648915792
