"","KO","moduleColors","Enzyme","Litter_Component","Litter_Category","Stage"
"1","K01051","turquoise","Pectinesterase (E3.1.1.11)","Pectin","Pectin","Early"
"2","K01176","blue","Alpha-amylase (AMY/amyA/malS)","Starch","Starch","Early"
"3","K01178","black","Glucoamylase (SGA1)","Starch","Starch","Early"
"4","K01179","black","Endoglucanase (cellulase) (E3.2.1.4)","Cellulose","Cellulose","Mid-Late"
"5","K01180","turquoise","Endo-1,3(4)-beta-glucanase (E3.2.1.6)","Glucan","Hemicellulose","Mid-Late"
"6","K01181","black","Endo-1,4-beta-xylanase (E3.2.1.8/xynA)","Xylan","Hemicellulose","Mid"
"7","K01182","turquoise","Oligo-1,6-glucosidase (IMA/malL)","Starch","Starch","Early"
"8","K01183","black","Chitinase (E3.2.1.14)","Chitin","Chitin","Mid-Late"
"9","K01190","blue","Beta-galactosidase (lacZ)","Galactose","Hemicellulose","Mid"
"10","K01195","turquoise","Beta-glucuronidase (uidA/GUSB)","Pectin","Pectin","Mid"
"11","K01198","black","Beta-xylosidase (xynB)","Xylan","Hemicellulose","Mid-Late"
"12","K01204","black","Alpha-N-acetylgalactosaminidase (NAGA)","Chitin","Chitin","Mid-Late"
"13","K01206","black","Alpha-L-fucosidase (FUCA)","Arabinan","Hemicellulose","Early-Mid"
"14","K01207","blue","Beta-N-acetylhexosaminidase (nagZ)","Chitin","Chitin","Late"
"15","K01209","blue","Alpha-L-arabinofuranosidase (abfA)","Arabinan","Hemicellulose","Early"
"16","K01214","turquoise","Isoamylase (ISA/treX)","Starch","Starch","Early"
"17","K01218","black","Mannan endo-1,4-beta-mannosidase (gmuG)","Mannan","Hemicellulose","Mid"
"18","K01224","blue","Arabinogalactan endo-beta-1,4-galactosidase (E3.2.1.89)","Arabinan","Hemicellulose","Early"
"19","K01225","blue","Cellulose 1,4-beta-cellobiosidase  (CBH1)","Cellulose","Cellulose","Mid-Late"
"20","K01784","blue","UDP-glucose 4-epimerase (galE/GALE)","Galactose","Hemicellulose","Mid"
"21","K05350","blue","Beta-glucosidase (bglB)","Cellulose","Cellulose","Late"
"22","K05972","black","Acetylxylan esterase (AXE1)","Xylan","Hemicellulose","Mid"
"23","K05973","turquoise","Glucuronoyl esterase","Xylan","Hemicellulose","Mid-Late"
"24","K06113","blue","Arabinan endo-1,5-alpha-L-arabinosidase (abnA)","Arabinan","Hemicellulose","Early"
"25","K07407","black","Alpha-galactosidase (galA/rafA)","Pectin","Pectin","Early-Mid"
"26","K10804","black","Cutinase family esterase","Cutin","Cutin/Suberin","Early"
"27","K11262","turquoise","Glyoxal oxidase","Lignin","Lignin","Late"
"28","K12111","black","Evolved beta-galactosidase (ebgA)","Pectin","Pectin","Early-Mid"
"29","K15920","black","Xylan 1,4-beta-xylosidase  (XYL4)","Xylan","Hemicellulose","Mid-Late"
"30","K15921","black","Arabinoxylan arabinofuranohydrolase (xynD)","Arabinan","Hemicellulose","Early"
"31","K15924","black","Glucuronoarabinoxylan endo-1,4-beta-xylanase (xynC)","Xylan","Hemicellulose","Mid"
"32","K19668","black","Cellobiohydrolase (CBH2) (CBH2/cbhA)","Cellulose","Cellulose","Mid-Late"
"33","K20829","black","Cellulose 1,4-beta-cellobiosidase (celS)","Cellulose","Cellulose","Mid-Late"
"34","K20844","black","Alpha-L-arabinofuranosidase isoform (abf1)","Arabinan","Hemicellulose","Early"
"35","K22033","black","Cellulose monooxygenase (AA9/LPMO)","Cellulose","Cellulose","Mid-Late"
"36","K23514","blue","Peroxidase","Lignin","Lignin","Late"
